"","lab_id_number","date_ordered","sample_name","ordered_by","notebook_page_number","srm_order_number","srm_sample_number","SRM_concat","assay","tissue","tumor_type","species","failed","notes","extra_unnamed_col1","source_file","source_sheet"
"1","ASCL1_CapC_FinalLib_ID-1-17-63","1/3/18",NA,"Al Diri, Issam",NA,124203,"1298015","124203-1298015","ChIP-Seq",NA,NA,"mouse",NA,"Multiplexed CapC sample-index.1.3.4",NA,"HARTWELL_database_Master_2011-2024_CLEANED.txt",NA
"2","ASCL1_CapC_PostHyb1_ID-1-17-63","1/3/18",NA,"Al Diri, Issam",NA,124203,"1298008","124203-1298008","ChIP-Seq",NA,NA,"mouse",NA,"Multiplexed CapC sample-index.1.3.4",NA,"HARTWELL_database_Master_2011-2024_CLEANED.txt",NA
"3","CAB030","2/22/12",NA,"Benavente, Claudia",NA,5971,"34682","5971-34682","ChIP-Seq",NA,NA,"mouse",NA,"ChIP-Seq, Single, 75 bps",NA,"HARTWELL_database_Master_2011-2024_CLEANED.txt",NA
"4","CAB031","2/22/12",NA,"Benavente, Claudia",NA,5971,"34683","5971-34683","ChIP-Seq",NA,NA,"mouse",NA,"ChIP-Seq, Single, 75 bps",NA,"HARTWELL_database_Master_2011-2024_CLEANED.txt",NA
"5","CAB032","2/22/12",NA,"Benavente, Claudia",NA,5971,"34684","5971-34684","ChIP-Seq",NA,NA,"mouse",NA,"ChIP-Seq, Single, 75 bps",NA,"HARTWELL_database_Master_2011-2024_CLEANED.txt",NA
"6","CAB033","2/22/12",NA,"Benavente, Claudia",NA,5971,"34685","5971-34685","ChIP-Seq",NA,NA,"mouse",NA,"ChIP-Seq, Single, 75 bps",NA,"HARTWELL_database_Master_2011-2024_CLEANED.txt",NA
"7","CAB034","2/22/12",NA,"Benavente, Claudia",NA,5971,"34686","5971-34686","ChIP-Seq",NA,NA,"mouse",NA,"ChIP-Seq, Single, 75 bps",NA,"HARTWELL_database_Master_2011-2024_CLEANED.txt",NA
"8","CAB035","2/22/12",NA,"Benavente, Claudia",NA,5971,"34687","5971-34687","ChIP-Seq",NA,NA,"mouse",NA,"ChIP-Seq, Single, 75 bps",NA,"HARTWELL_database_Master_2011-2024_CLEANED.txt",NA
"9","CAB036","2/22/12",NA,"Benavente, Claudia",NA,5971,"34688","5971-34688","ChIP-Seq",NA,NA,"mouse",NA,"ChIP-Seq, Single, 75 bps",NA,"HARTWELL_database_Master_2011-2024_CLEANED.txt",NA
"10","CYCLIND1_CapC_FinalLib_ID-1-17-63","1/3/18",NA,"Al Diri, Issam",NA,124203,"1298017","124203-1298017","ChIP-Seq",NA,NA,"mouse",NA,"Multiplexed CapC sample-index.2.8.12",NA,"HARTWELL_database_Master_2011-2024_CLEANED.txt",NA
"11","CYCLIND1_CapC_PostHyb1_ID-1-17-63","1/3/18",NA,"Al Diri, Issam",NA,124203,"1298010","124203-1298010","ChIP-Seq",NA,NA,"mouse",NA,"Multiplexed CapC sample-index.2.8.12",NA,"HARTWELL_database_Master_2011-2024_CLEANED.txt",NA
"12","Cas9mAscl1gRNA29","5/16/19",NA,"Jeon, Jongrye",NA,162161,"1703781","162161-1703781","Amplicon",NA,NA,"mouse",NA,"Amplicon, Paired, 300 bps",NA,"HARTWELL_database_Master_2011-2024_CLEANED.txt",NA
"13","Cas9mAscl1nogRNAControl","5/16/19",NA,"Jeon, Jongrye",NA,162161,"1703782","162161-1703782","Amplicon",NA,NA,"mouse",NA,"Amplicon, Paired, 300 bps",NA,"HARTWELL_database_Master_2011-2024_CLEANED.txt",NA
"14","DYE 0005","8/25/11",NA,"Zhang, Jiakun",NA,3032,"16944","3032-16944","Exome-Seq",NA,NA,"human",NA,"Exome-Seq, Paired, 108 bps",NA,"HARTWELL_database_Master_2011-2024_CLEANED.txt",NA
"15","DYE 0007","8/25/11",NA,"Zhang, Jiakun",NA,3032,"16945","3032-16945","Exome-Seq",NA,NA,"human",NA,"Exome-Seq, Paired, 108 bps",NA,"HARTWELL_database_Master_2011-2024_CLEANED.txt",NA
"16","DYE 0009","8/25/11",NA,"Zhang, Jiakun",NA,3032,"16946","3032-16946","Exome-Seq",NA,NA,"human",NA,"Exome-Seq, Paired, 108 bps",NA,"HARTWELL_database_Master_2011-2024_CLEANED.txt",NA
"17","DYE 0011","8/25/11",NA,"Zhang, Jiakun",NA,3032,"16947","3032-16947","Exome-Seq",NA,NA,"human",NA,"Exome-Seq, Paired, 108 bps",NA,"HARTWELL_database_Master_2011-2024_CLEANED.txt",NA
"18","DYE 0012","8/25/11",NA,"Zhang, Jiakun",NA,3032,"16948","3032-16948","Exome-Seq",NA,NA,"human",NA,"Exome-Seq, Paired, 108 bps",NA,"HARTWELL_database_Master_2011-2024_CLEANED.txt",NA
"19","DYE 0013","8/25/11",NA,"Zhang, Jiakun",NA,3032,"16949","3032-16949","Exome-Seq",NA,NA,"human",NA,"Exome-Seq, Paired, 108 bps",NA,"HARTWELL_database_Master_2011-2024_CLEANED.txt",NA
"20","DYE 0066","10/7/11",NA,"Zhang, Jiakun",NA,3638,"20557","3638-20557","Targeted Resequencing",NA,NA,"human",NA,"Targeted Resequencing, Paired, 108 bps",NA,"HARTWELL_database_Master_2011-2024_CLEANED.txt",NA
"21","DYE 0067","10/7/11",NA,"Zhang, Jiakun",NA,3638,"20558","3638-20558","Targeted Resequencing",NA,NA,"human",NA,"Targeted Resequencing, Paired, 108 bps",NA,"HARTWELL_database_Master_2011-2024_CLEANED.txt",NA
"22","DYE 0449","3/24/14",NA,"Hiler, Daniel",NA,27598,"166881","27598-166881","DNA-Seq",NA,NA,"mouse",NA,"DNA-Seq, Paired, 108 bps",NA,"HARTWELL_database_Master_2011-2024_CLEANED.txt",NA
"23","DYE 0450","3/24/14",NA,"Hiler, Daniel",NA,27598,"166882","27598-166882","DNA-Seq",NA,NA,"mouse",NA,"DNA-Seq, Paired, 108 bps",NA,"HARTWELL_database_Master_2011-2024_CLEANED.txt",NA
"24","DYE 0451","3/24/14",NA,"Hiler, Daniel",NA,27598,"166883","27598-166883","DNA-Seq",NA,NA,"mouse",NA,"DNA-Seq, Paired, 108 bps",NA,"HARTWELL_database_Master_2011-2024_CLEANED.txt",NA
"25","DYE 0452","3/24/14",NA,"Hiler, Daniel",NA,27598,"166884","27598-166884","DNA-Seq",NA,NA,"mouse",NA,"DNA-Seq, Paired, 108 bps",NA,"HARTWELL_database_Master_2011-2024_CLEANED.txt",NA
"26","DYE 0453","3/24/14",NA,"Hiler, Daniel",NA,27598,"166885","27598-166885","DNA-Seq",NA,NA,"mouse",NA,"DNA-Seq, Paired, 108 bps",NA,"HARTWELL_database_Master_2011-2024_CLEANED.txt",NA
"27","DYE 0454","3/24/14",NA,"Hiler, Daniel",NA,27598,"166886","27598-166886","DNA-Seq",NA,NA,"mouse",NA,"DNA-Seq, Paired, 108 bps",NA,"HARTWELL_database_Master_2011-2024_CLEANED.txt",NA
"28","DYE 0455","3/24/14",NA,"Hiler, Daniel",NA,27598,"166887","27598-166887","DNA-Seq",NA,NA,"mouse",NA,"DNA-Seq, Paired, 108 bps",NA,"HARTWELL_database_Master_2011-2024_CLEANED.txt",NA
"29","DYE 0456","3/24/14",NA,"Hiler, Daniel",NA,27598,"166888","27598-166888","DNA-Seq",NA,NA,"mouse",NA,"DNA-Seq, Paired, 108 bps",NA,"HARTWELL_database_Master_2011-2024_CLEANED.txt",NA
"30","DYE 0457","3/24/14",NA,"Hiler, Daniel",NA,27598,"166889","27598-166889","DNA-Seq",NA,NA,"mouse",NA,"DNA-Seq, Paired, 108 bps",NA,"HARTWELL_database_Master_2011-2024_CLEANED.txt",NA
"31","DYE 0458","3/24/14",NA,"Hiler, Daniel",NA,27598,"166890","27598-166890","DNA-Seq",NA,NA,"mouse",NA,"DNA-Seq, Paired, 108 bps",NA,"HARTWELL_database_Master_2011-2024_CLEANED.txt",NA
"32","DYE 0459","3/24/14",NA,"Hiler, Daniel",NA,27598,"166891","27598-166891","DNA-Seq",NA,NA,"mouse",NA,"DNA-Seq, Paired, 108 bps",NA,"HARTWELL_database_Master_2011-2024_CLEANED.txt",NA
"33","DYE 0460","3/24/14",NA,"Hiler, Daniel",NA,27598,"166892","27598-166892","DNA-Seq",NA,NA,"mouse",NA,"DNA-Seq, Paired, 108 bps",NA,"HARTWELL_database_Master_2011-2024_CLEANED.txt",NA
"34","DYE 0461","3/24/14",NA,"Hiler, Daniel",NA,27598,"166893","27598-166893","DNA-Seq",NA,NA,"mouse",NA,"DNA-Seq, Paired, 108 bps",NA,"HARTWELL_database_Master_2011-2024_CLEANED.txt",NA
"35","DYE 0462","3/24/14",NA,"Hiler, Daniel",NA,27598,"166894","27598-166894","DNA-Seq",NA,NA,"mouse",NA,"DNA-Seq, Paired, 108 bps",NA,"HARTWELL_database_Master_2011-2024_CLEANED.txt",NA
"36","DYE 0463","3/24/14",NA,"Hiler, Daniel",NA,27598,"166895","27598-166895","DNA-Seq",NA,NA,"mouse",NA,"DNA-Seq, Paired, 108 bps",NA,"HARTWELL_database_Master_2011-2024_CLEANED.txt",NA
"37","DYE 0464","3/24/14",NA,"Hiler, Daniel",NA,27598,"166896","27598-166896","DNA-Seq",NA,NA,"mouse",NA,"DNA-Seq, Paired, 108 bps",NA,"HARTWELL_database_Master_2011-2024_CLEANED.txt",NA
"38","DYE 0465","3/24/14",NA,"Hiler, Daniel",NA,27598,"166897","27598-166897","DNA-Seq",NA,NA,"mouse",NA,"DNA-Seq, Paired, 108 bps",NA,"HARTWELL_database_Master_2011-2024_CLEANED.txt",NA
"39","DYE 0466","3/24/14",NA,"Hiler, Daniel",NA,27598,"166898","27598-166898","DNA-Seq",NA,NA,"mouse",NA,"DNA-Seq, Paired, 108 bps",NA,"HARTWELL_database_Master_2011-2024_CLEANED.txt",NA
"40","DYE 0513","4/17/14",NA,"Benavente, Claudia",NA,29033,"186220","29033-186220","RNA-Seq",NA,NA,"human",NA,"RNA-Seq, Paired, 75 bps",NA,"HARTWELL_database_Master_2011-2024_CLEANED.txt",NA
"41","DYE 0514","4/17/14",NA,"Benavente, Claudia",NA,29033,"186221","29033-186221","RNA-Seq",NA,NA,"human",NA,"RNA-Seq, Paired, 75 bps",NA,"HARTWELL_database_Master_2011-2024_CLEANED.txt",NA
"42","DYE 0515","4/17/14",NA,"Benavente, Claudia",NA,29033,"186222","29033-186222","RNA-Seq",NA,NA,"human",NA,"RNA-Seq, Paired, 75 bps",NA,"HARTWELL_database_Master_2011-2024_CLEANED.txt",NA
"43","DYE 0516","4/17/14",NA,"Benavente, Claudia",NA,29033,"186223","29033-186223","RNA-Seq",NA,NA,"human",NA,"RNA-Seq, Paired, 75 bps",NA,"HARTWELL_database_Master_2011-2024_CLEANED.txt",NA
"44","DYE 0517","4/17/14",NA,"Benavente, Claudia",NA,29033,"186224","29033-186224","RNA-Seq",NA,NA,"human",NA,"RNA-Seq, Paired, 75 bps",NA,"HARTWELL_database_Master_2011-2024_CLEANED.txt",NA
"45","DYE 0518","4/17/14",NA,"Benavente, Claudia",NA,29033,"186225","29033-186225","RNA-Seq",NA,NA,"human",NA,"RNA-Seq, Paired, 75 bps",NA,"HARTWELL_database_Master_2011-2024_CLEANED.txt",NA
"46","DYE 0519","4/17/14",NA,"Benavente, Claudia",NA,29033,"186226","29033-186226","RNA-Seq",NA,NA,"human",NA,"RNA-Seq, Paired, 75 bps",NA,"HARTWELL_database_Master_2011-2024_CLEANED.txt",NA
"47","DYE 0558","8/26/14",NA,"Al Diri, Issam",NA,36776,"280777","36776-280777","RNA-Seq",NA,NA,"mouse",NA,"RNA-Seq, Single, 50 bps",NA,"HARTWELL_database_Master_2011-2024_CLEANED.txt",NA
"48","DYE 0559","8/26/14",NA,"Al Diri, Issam",NA,36776,"280778","36776-280778","RNA-Seq",NA,NA,"mouse",NA,"RNA-Seq, Single, 50 bps",NA,"HARTWELL_database_Master_2011-2024_CLEANED.txt",NA
"49","DYE 0569","9/9/14",NA,"Al Diri, Issam",NA,37757,"289801","37757-289801","RNA-Seq",NA,NA,"mouse",NA,"RNA-Seq, Single, 50 bps",NA,"HARTWELL_database_Master_2011-2024_CLEANED.txt",NA
"50","DYE 0570","9/9/14",NA,"Al Diri, Issam",NA,37757,"289802","37757-289802","RNA-Seq",NA,NA,"mouse",NA,"RNA-Seq, Single, 50 bps",NA,"HARTWELL_database_Master_2011-2024_CLEANED.txt",NA
"51","DYE 0581","12/5/14",NA,"Al Diri, Issam",NA,43645,"354807","43645-354807","RNA-Seq",NA,NA,"mouse",NA,"RNA-Seq, Single, 50 bps",NA,"HARTWELL_database_Master_2011-2024_CLEANED.txt",NA
"52","DYE 0582","12/5/14",NA,"Al Diri, Issam",NA,43645,"354808","43645-354808","RNA-Seq",NA,NA,"mouse",NA,"RNA-Seq, Single, 50 bps",NA,"HARTWELL_database_Master_2011-2024_CLEANED.txt",NA
"53","DYE 0790","12/16/15",NA,"Al Diri, Issam",NA,69803,"675236","69803-675236","RNA-seq Total Stranded",NA,NA,"mouse",NA,"RNA-seq Total Stranded, Single, 50 bps",NA,"HARTWELL_database_Master_2011-2024_CLEANED.txt",NA
"54","DYE 0791","1/13/16",NA,"Al Diri, Issam",NA,71433,"695319","71433-695319","RNA-seq Total Stranded",NA,NA,"mouse",NA,"RNA-seq Total Stranded, Single, 50 bps",NA,"HARTWELL_database_Master_2011-2024_CLEANED.txt",NA
"55","DYE 0792","1/13/16",NA,"Al Diri, Issam",NA,71433,"695320","71433-695320","RNA-seq Total Stranded",NA,NA,"mouse",NA,"RNA-seq Total Stranded, Single, 50 bps",NA,"HARTWELL_database_Master_2011-2024_CLEANED.txt",NA
"56","DYE 0793","1/13/16",NA,"Al Diri, Issam",NA,71433,"695321","71433-695321","RNA-seq Total Stranded",NA,NA,"mouse",NA,"RNA-seq Total Stranded, Single, 50 bps",NA,"HARTWELL_database_Master_2011-2024_CLEANED.txt",NA
"57","DYE 0796","2/11/16",NA,"Al Diri, Issam",NA,73551,"723004","73551-723004","RNA-seq Total Stranded",NA,NA,"human",NA,"RNA-seq Total Stranded, Single, 50 bps",NA,"HARTWELL_database_Master_2011-2024_CLEANED.txt",NA
"58","DYE 0797","2/11/16",NA,"Al Diri, Issam",NA,73551,"723005","73551-723005","RNA-seq Total Stranded",NA,NA,"human",NA,"RNA-seq Total Stranded, Single, 50 bps",NA,"HARTWELL_database_Master_2011-2024_CLEANED.txt",NA
"59","DYE 1858","2/27/18",NA,"Patel, Anand",NA,128474,"1346150","128474-1346150","RNA-seq Total Stranded",NA,NA,"human",NA,"10x single cell RNA-seq_x000D_
Index SI-GA-G11 (TTATCGTT, AGCAGAGC, CATCTCCA, GCGGATAG)_x000D_
Read depth: 26 bp x index x 98 bp_x000D_
Aiming for ~250 million total reads",NA,"HARTWELL_database_Master_2011-2024_CLEANED.txt",NA
"60","DYE 2034","4/25/18",NA,"Patel, Anand",NA,132903,"1391683","132903-1391683","10x",NA,NA,"human",NA,"10x sequencing library. Sample index D6 (CATGCGAT, TGATATTC, GTGATCGA, ACCCGACG). Reads to be run as 26 bp x index x 98bp.",NA,"HARTWELL_database_Master_2011-2024_CLEANED.txt",NA
"61","DYE 2035","4/25/18",NA,"Patel, Anand",NA,132903,"1391684","132903-1391684","10x",NA,NA,"human",NA,"10x sequencing library. Sample index D7 (ATTTGCTA, TAGACACC	CCACAGGG, GGCGTTAT). Reads to be run as 26 bp x index x 98bp.",NA,"HARTWELL_database_Master_2011-2024_CLEANED.txt",NA
"62","DYE 2055","5/9/18",NA,"Patel, Anand",NA,133886,"1401950","133886-1401950","10x",NA,NA,"human",NA,"10x library generated with sample index F3 (TTCAGGTG, ACGGACAT, GATCTTGA, CGATCACC). Read depth: 26 bp x index x 98 bp. Aiming for ~250 million total reads",NA,"HARTWELL_database_Master_2011-2024_CLEANED.txt",NA
"63","DYE 2056","5/9/18",NA,"Patel, Anand",NA,133886,"1401951","133886-1401951","10x",NA,NA,"human",NA,"10x library generated with sample index F4 (CCCAATAG, GTGTCGCT, AGAGTCGC, TATCGATA). Read depth: 26 bp x index x 98 bp. Aiming for ~250 million total reads",NA,"HARTWELL_database_Master_2011-2024_CLEANED.txt",NA
"64","DYE 2062","5/14/18",NA,"Patel, Anand",NA,134346,"1406983","134346-1406983","10x",NA,NA,"human",NA,"10x library generated with sample index F9 (CAAGCTCC, GTTCACTG, 	TCGTGAAA, AGCATGGT). Read depth: 26 bp x index x 98 bp. Aiming for ~250 million total reads",NA,"HARTWELL_database_Master_2011-2024_CLEANED.txt",NA
"65","DYE 2063","5/16/18",NA,"Honnell, Victoria",NA,134588,"1409170","134588-1409170","10x",NA,NA,"human",NA,"10x library generated with sample index F10 (GCTTGGCT, AAACAAAC,         CGGGCTTA,TTCATCGG) Read depth: 26 bp x index x 98 bp. Aiming for ~250 million total reads",NA,"HARTWELL_database_Master_2011-2024_CLEANED.txt",NA
"66","DYE 2184","8/10/18",NA,"Patel, Anand",NA,141070,"1480641","141070-1480641","10x",NA,NA,"human",NA,"10x sequencing library. Sample index A6 (CGCTATGT, GCTGTCCA, TTGAGATC, AAACCGAG_x000D_
). Reads to be run as 26 bp x index x 98bp.",NA,"HARTWELL_database_Master_2011-2024_CLEANED.txt",NA
"67","DYE 2589","5/24/19",NA,"Nguyen, Rosa",NA,162715,"1710104","162715-1710104","RNA-seq Total Stranded",NA,NA,"mouse",NA,"Paired, 100 bps",NA,"HARTWELL_database_Master_2011-2024_CLEANED.txt",NA
"68","DYE 3061","3/13/20",NA,"Honnell, Victoria",NA,187286,"1939694","187286-1939694","RNA-seq Total Stranded",NA,NA,"mouse",NA,"Paired, 100 bps",NA,"HARTWELL_database_Master_2011-2024_CLEANED.txt",NA
"69","DYE 3062","3/13/20",NA,"Honnell, Victoria",NA,187286,"1939695","187286-1939695","RNA-seq Total Stranded",NA,NA,"mouse",NA,"Paired, 100 bps",NA,"HARTWELL_database_Master_2011-2024_CLEANED.txt",NA
"70","DYE 3063","3/13/20",NA,"Honnell, Victoria",NA,187286,"1939696","187286-1939696","RNA-seq Total Stranded",NA,NA,"mouse",NA,"Paired, 100 bps",NA,"HARTWELL_database_Master_2011-2024_CLEANED.txt",NA
"71","E14-1-1207","12/7/16",NA,"Wang, Lu",NA,96759,"984901","96759-984901","Whole Genome",NA,NA,"mouse",NA,"DYE1171; ATAC-seq, PCR product, please perform PCR purification (removing primers and also the large fragments (>800-1000bp)). Please send the Bioanalyzer results to me. Thank you!",NA,"HARTWELL_database_Master_2011-2024_CLEANED.txt",NA
"72","E14-3-1207","12/7/16",NA,"Wang, Lu",NA,96759,"984902","96759-984902","Whole Genome",NA,NA,"mouse",NA,"DYE1172; ATAC-seq, PCR product, please perform PCR purification (removing primers and also the large fragments (>800-1000bp)). Please send the Bioanalyzer results to me. Thank you!",NA,"HARTWELL_database_Master_2011-2024_CLEANED.txt",NA
"73","E17-ID10","11/3/16",NA,"Wang, Lu",NA,94246,"958587","94246-958587","Whole Genome",NA,NA,"mouse",NA,"DYE1149; ATAC-seq PCR product, please perform PCR purification - removing primers and also the large fragments (>800-1000bp). Please send the Bioanalyzer results to me. Thank you!",NA,"HARTWELL_database_Master_2011-2024_CLEANED.txt",NA
"74","E17-ID12","11/3/16",NA,"Wang, Lu",NA,94246,"958588","94246-958588","Whole Genome",NA,NA,"mouse",NA,"DYE1150; ATAC-seq PCR product, please perform PCR purification - removing primers and also the large fragments (>800-1000bp). Please send the Bioanalyzer results to me. Thank you!",NA,"HARTWELL_database_Master_2011-2024_CLEANED.txt",NA
"75","E17-ID12","11/10/16",NA,"Wang, Lu",NA,94777,"965015","94777-965015","Whole Genome",NA,NA,"mouse",NA,"DYE1156; ATAC-seq, please run the Bioanalyzer and send results to me. Thank you!",NA,"HARTWELL_database_Master_2011-2024_CLEANED.txt",NA
"76","E17-ID2","11/3/16",NA,"Wang, Lu",NA,94246,"958585","94246-958585","Whole Genome",NA,NA,"mouse",NA,"DYE1147; ATAC-seq PCR product, please perform PCR purification - removing primers and also the large fragments (>800-1000bp). Please send the Bioanalyzer results to me. Thank you!",NA,"HARTWELL_database_Master_2011-2024_CLEANED.txt",NA
"77","E17-ID6","11/3/16",NA,"Wang, Lu",NA,94246,"958586","94246-958586","Whole Genome",NA,NA,"mouse",NA,"DYE1148; ATAC-seq PCR product, please perform PCR purification - removing primers and also the large fragments (>800-1000bp). Please send the Bioanalyzer results to me. Thank you!",NA,"HARTWELL_database_Master_2011-2024_CLEANED.txt",NA
"78","E17-ID7","11/10/16",NA,"Wang, Lu",NA,94777,"965019","94777-965019","Whole Genome",NA,NA,"mouse",NA,"DYE1160; ATAC-seq, please run the Bioanalyzer and send results to me. Thank you!",NA,"HARTWELL_database_Master_2011-2024_CLEANED.txt",NA
"79","FGF15_CapC_FinalLib_ID-1-17-63","1/3/18",NA,"Al Diri, Issam",NA,124203,"1298014","124203-1298014","ChIP-Seq",NA,NA,"mouse",NA,"Multiplexed CapC sample-index.1.3.4",NA,"HARTWELL_database_Master_2011-2024_CLEANED.txt",NA
"80","FGF15_CapC_PostHyb1_ID-1-17-63","1/3/18",NA,"Al Diri, Issam",NA,124203,"1298007","124203-1298007","ChIP-Seq",NA,NA,"mouse",NA,"Multiplexed CapC sample-index.1.3.4",NA,"HARTWELL_database_Master_2011-2024_CLEANED.txt",NA
"81","HJ306-1","6/9/16",NA,"Griffiths, Lyra",NA,82939,"833574","82939-833574","RNA-seq Stranded mRNA",NA,NA,"human",NA,"RNA-seq Stranded mRNA, Paired, 100 bps",NA,"HARTWELL_database_Master_2011-2024_CLEANED.txt",NA
"82","HJ306-2","6/9/16",NA,"Griffiths, Lyra",NA,82939,"833575","82939-833575","RNA-seq Stranded mRNA",NA,NA,"human",NA,"RNA-seq Stranded mRNA, Paired, 100 bps",NA,"HARTWELL_database_Master_2011-2024_CLEANED.txt",NA
"83","HJ306-3","6/9/16",NA,"Griffiths, Lyra",NA,82939,"833576","82939-833576","RNA-seq Stranded mRNA",NA,NA,"human",NA,"RNA-seq Stranded mRNA, Paired, 100 bps",NA,"HARTWELL_database_Master_2011-2024_CLEANED.txt",NA
"84","HJ306-4","6/9/16",NA,"Griffiths, Lyra",NA,82939,"833577","82939-833577","RNA-seq Stranded mRNA",NA,NA,"human",NA,"RNA-seq Stranded mRNA, Paired, 100 bps",NA,"HARTWELL_database_Master_2011-2024_CLEANED.txt",NA
"85","HJ307-1","6/9/16",NA,"Griffiths, Lyra",NA,82939,"833578","82939-833578","RNA-seq Stranded mRNA",NA,NA,"human",NA,"RNA-seq Stranded mRNA, Paired, 100 bps",NA,"HARTWELL_database_Master_2011-2024_CLEANED.txt",NA
"86","HJ307-2","6/9/16",NA,"Griffiths, Lyra",NA,82939,"833579","82939-833579","RNA-seq Stranded mRNA",NA,NA,"human",NA,"RNA-seq Stranded mRNA, Paired, 100 bps",NA,"HARTWELL_database_Master_2011-2024_CLEANED.txt",NA
"87","HJ307-3","6/9/16",NA,"Griffiths, Lyra",NA,82939,"833580","82939-833580","RNA-seq Stranded mRNA",NA,NA,"human",NA,"RNA-seq Stranded mRNA, Paired, 100 bps",NA,"HARTWELL_database_Master_2011-2024_CLEANED.txt",NA
"88","HJ307-4","6/9/16",NA,"Griffiths, Lyra",NA,82939,"833581","82939-833581","RNA-seq Stranded mRNA",NA,NA,"human",NA,"RNA-seq Stranded mRNA, Paired, 100 bps",NA,"HARTWELL_database_Master_2011-2024_CLEANED.txt",NA
"89","HJ310-1","6/9/16",NA,"Griffiths, Lyra",NA,82939,"833582","82939-833582","RNA-seq Stranded mRNA",NA,NA,"human",NA,"RNA-seq Stranded mRNA, Paired, 100 bps",NA,"HARTWELL_database_Master_2011-2024_CLEANED.txt",NA
"90","HJ310-2","6/9/16",NA,"Griffiths, Lyra",NA,82939,"833583","82939-833583","RNA-seq Stranded mRNA",NA,NA,"human",NA,"RNA-seq Stranded mRNA, Paired, 100 bps",NA,"HARTWELL_database_Master_2011-2024_CLEANED.txt",NA
"91","HJ310-3","6/9/16",NA,"Griffiths, Lyra",NA,82939,"833584","82939-833584","RNA-seq Stranded mRNA",NA,NA,"human",NA,"RNA-seq Stranded mRNA, Paired, 100 bps",NA,"HARTWELL_database_Master_2011-2024_CLEANED.txt",NA
"92","HJ310-4","6/9/16",NA,"Griffiths, Lyra",NA,82939,"833585","82939-833585","RNA-seq Stranded mRNA",NA,NA,"human",NA,"RNA-seq Stranded mRNA, Paired, 100 bps",NA,"HARTWELL_database_Master_2011-2024_CLEANED.txt",NA
"93","IDSEQ 016","5/15/14",NA,"Al Diri, Issam",NA,30585,"209497","30585-209497","ChIP-Seq",NA,NA,"mouse",NA,"ChIP-Seq, Single, 50 bps",NA,"HARTWELL_database_Master_2011-2024_CLEANED.txt",NA
"94","IDSEQ 017","5/15/14",NA,"Al Diri, Issam",NA,30585,"209498","30585-209498","ChIP-Seq",NA,NA,"mouse",NA,"ChIP-Seq, Single, 50 bps",NA,"HARTWELL_database_Master_2011-2024_CLEANED.txt",NA
"95","IDSEQ 018","5/15/14",NA,"Al Diri, Issam",NA,30585,"209499","30585-209499","ChIP-Seq",NA,NA,"mouse",NA,"ChIP-Seq, Single, 50 bps",NA,"HARTWELL_database_Master_2011-2024_CLEANED.txt",NA
"96","IDSEQ 019","5/15/14",NA,"Al Diri, Issam",NA,30585,"209500","30585-209500","ChIP-Seq",NA,NA,"mouse",NA,"ChIP-Seq, Single, 50 bps",NA,"HARTWELL_database_Master_2011-2024_CLEANED.txt",NA
"97","IDSEQ 020","5/15/14",NA,"Al Diri, Issam",NA,30585,"209501","30585-209501","ChIP-Seq",NA,NA,"mouse",NA,"ChIP-Seq, Single, 50 bps",NA,"HARTWELL_database_Master_2011-2024_CLEANED.txt",NA
"98","IDSEQ 021","5/15/14",NA,"Al Diri, Issam",NA,30585,"209502","30585-209502","ChIP-Seq",NA,NA,"mouse",NA,"ChIP-Seq, Single, 50 bps",NA,"HARTWELL_database_Master_2011-2024_CLEANED.txt",NA
"99","IDSEQ 022","5/15/14",NA,"Al Diri, Issam",NA,30585,"209503","30585-209503","ChIP-Seq",NA,NA,"mouse",NA,"ChIP-Seq, Single, 50 bps",NA,"HARTWELL_database_Master_2011-2024_CLEANED.txt",NA
"100","IDSEQ 023","5/15/14",NA,"Al Diri, Issam",NA,30585,"209504","30585-209504","ChIP-Seq",NA,NA,"mouse",NA,"ChIP-Seq, Single, 50 bps",NA,"HARTWELL_database_Master_2011-2024_CLEANED.txt",NA
"101","IDSEQ 024","5/15/14",NA,"Al Diri, Issam",NA,30585,"209505","30585-209505","ChIP-Seq",NA,NA,"mouse",NA,"ChIP-Seq, Single, 50 bps",NA,"HARTWELL_database_Master_2011-2024_CLEANED.txt",NA
"102","IDSEQ 025","5/15/14",NA,"Al Diri, Issam",NA,30585,"209506","30585-209506","ChIP-Seq",NA,NA,"mouse",NA,"ChIP-Seq, Single, 50 bps",NA,"HARTWELL_database_Master_2011-2024_CLEANED.txt",NA
"103","IDSEQ 026","5/15/14",NA,"Al Diri, Issam",NA,30585,"209507","30585-209507","ChIP-Seq",NA,NA,"mouse",NA,"ChIP-Seq, Single, 50 bps",NA,"HARTWELL_database_Master_2011-2024_CLEANED.txt",NA
"104","IDSEQ 027","5/15/14",NA,"Al Diri, Issam",NA,30585,"209508","30585-209508","ChIP-Seq",NA,NA,"mouse",NA,"ChIP-Seq, Single, 50 bps",NA,"HARTWELL_database_Master_2011-2024_CLEANED.txt",NA
"105","IS2EQ_028","5/16/14",NA,"Al Diri, Issam",NA,30619,"209684","30619-209684","ChIP-Seq",NA,NA,"mouse",NA,"ChIP-Seq, Single, 50 bps",NA,"HARTWELL_database_Master_2011-2024_CLEANED.txt",NA
"106","IS2EQ_029","5/16/14",NA,"Al Diri, Issam",NA,30619,"209685","30619-209685","ChIP-Seq",NA,NA,"mouse",NA,"ChIP-Seq, Single, 50 bps",NA,"HARTWELL_database_Master_2011-2024_CLEANED.txt",NA
"107","IS2EQ_030","5/16/14",NA,"Al Diri, Issam",NA,30619,"209686","30619-209686","ChIP-Seq",NA,NA,"mouse",NA,"ChIP-Seq, Single, 50 bps",NA,"HARTWELL_database_Master_2011-2024_CLEANED.txt",NA
"108","IS2EQ_031","5/16/14",NA,"Al Diri, Issam",NA,30619,"209687","30619-209687","ChIP-Seq",NA,NA,"mouse",NA,"ChIP-Seq, Single, 50 bps",NA,"HARTWELL_database_Master_2011-2024_CLEANED.txt",NA
"109","MDSEQ 0001","6/6/14",NA,"Al Diri, Issam",NA,31612,"223370","31612-223370","ChIP-Seq",NA,NA,"mouse",NA,"ChIP-Seq, Single, 50 bps",NA,"HARTWELL_database_Master_2011-2024_CLEANED.txt",NA
"110","MDSEQ 0002","6/6/14",NA,"Al Diri, Issam",NA,31612,"223371","31612-223371","ChIP-Seq",NA,NA,"mouse",NA,"ChIP-Seq, Single, 50 bps",NA,"HARTWELL_database_Master_2011-2024_CLEANED.txt",NA
"111","MDSEQ 0003","6/6/14",NA,"Al Diri, Issam",NA,31612,"223372","31612-223372","ChIP-Seq",NA,NA,"mouse",NA,"ChIP-Seq, Single, 50 bps",NA,"HARTWELL_database_Master_2011-2024_CLEANED.txt",NA
"112","MDSEQ 0004","6/6/14",NA,"Al Diri, Issam",NA,31612,"223373","31612-223373","ChIP-Seq",NA,NA,"mouse",NA,"ChIP-Seq, Single, 50 bps",NA,"HARTWELL_database_Master_2011-2024_CLEANED.txt",NA
"113","MDSEQ 0005","6/6/14",NA,"Al Diri, Issam",NA,31612,"223374","31612-223374","ChIP-Seq",NA,NA,"mouse",NA,"ChIP-Seq, Single, 50 bps",NA,"HARTWELL_database_Master_2011-2024_CLEANED.txt",NA
"114","MDSEQ 0011","7/3/14",NA,"Al Diri, Issam",NA,32992,"242100","32992-242100","ChIP-Seq",NA,NA,"mouse",NA,"ChIP-Seq, Single, 50 bps",NA,"HARTWELL_database_Master_2011-2024_CLEANED.txt",NA
"115","MDSEQ 0012","7/3/14",NA,"Al Diri, Issam",NA,32992,"242101","32992-242101","ChIP-Seq",NA,NA,"mouse",NA,"ChIP-Seq, Single, 50 bps",NA,"HARTWELL_database_Master_2011-2024_CLEANED.txt",NA
"116","MDSEQ 0013","7/3/14",NA,"Al Diri, Issam",NA,32992,"242102","32992-242102","ChIP-Seq",NA,NA,"mouse",NA,"ChIP-Seq, Single, 50 bps",NA,"HARTWELL_database_Master_2011-2024_CLEANED.txt",NA
"117","MDSEQ 0014","7/3/14",NA,"Al Diri, Issam",NA,32992,"242103","32992-242103","ChIP-Seq",NA,NA,"mouse",NA,"ChIP-Seq, Single, 50 bps",NA,"HARTWELL_database_Master_2011-2024_CLEANED.txt",NA
"118","MDSEQ 0015","7/3/14",NA,"Al Diri, Issam",NA,32992,"242104","32992-242104","ChIP-Seq",NA,NA,"mouse",NA,"ChIP-Seq, Single, 50 bps",NA,"HARTWELL_database_Master_2011-2024_CLEANED.txt",NA
"119","MDSEQ 0016","7/3/14",NA,"Al Diri, Issam",NA,32992,"242105","32992-242105","ChIP-Seq",NA,NA,"mouse",NA,"ChIP-Seq, Single, 50 bps",NA,"HARTWELL_database_Master_2011-2024_CLEANED.txt",NA
"120","MDSEQ 0058","8/15/14",NA,"Al Diri, Issam",NA,36180,"275518","36180-275518","ChIP-Seq",NA,NA,"mouse",NA,"ChIP-Seq, Single, 50 bps",NA,"HARTWELL_database_Master_2011-2024_CLEANED.txt",NA
"121","MDSEQ 0059","8/15/14",NA,"Al Diri, Issam",NA,36180,"275519","36180-275519","ChIP-Seq",NA,NA,"mouse",NA,"ChIP-Seq, Single, 50 bps",NA,"HARTWELL_database_Master_2011-2024_CLEANED.txt",NA
"122","MDSEQ 0060","8/15/14",NA,"Al Diri, Issam",NA,36180,"275520","36180-275520","ChIP-Seq",NA,NA,"mouse",NA,"ChIP-Seq, Single, 50 bps",NA,"HARTWELL_database_Master_2011-2024_CLEANED.txt",NA
"123","MDSEQ 0061","8/15/14",NA,"Al Diri, Issam",NA,36180,"275521","36180-275521","ChIP-Seq",NA,NA,"mouse",NA,"ChIP-Seq, Single, 50 bps",NA,"HARTWELL_database_Master_2011-2024_CLEANED.txt",NA
"124","MDSEQ 0062","8/15/14",NA,"Al Diri, Issam",NA,36180,"275522","36180-275522","ChIP-Seq",NA,NA,"mouse",NA,"ChIP-Seq, Single, 50 bps",NA,"HARTWELL_database_Master_2011-2024_CLEANED.txt",NA
"125","MDSEQ 0063","8/15/14",NA,"Al Diri, Issam",NA,36180,"275523","36180-275523","ChIP-Seq",NA,NA,"mouse",NA,"ChIP-Seq, Single, 50 bps",NA,"HARTWELL_database_Master_2011-2024_CLEANED.txt",NA
"126","MDSEQ 0064","8/15/14",NA,"Al Diri, Issam",NA,36180,"275524","36180-275524","ChIP-Seq",NA,NA,"mouse",NA,"ChIP-Seq, Single, 50 bps",NA,"HARTWELL_database_Master_2011-2024_CLEANED.txt",NA
"127","MDSEQ 0065","8/15/14",NA,"Al Diri, Issam",NA,36180,"275525","36180-275525","ChIP-Seq",NA,NA,"mouse",NA,"ChIP-Seq, Single, 50 bps",NA,"HARTWELL_database_Master_2011-2024_CLEANED.txt",NA
"128","MDSEQ 0066","8/15/14",NA,"Al Diri, Issam",NA,36180,"275526","36180-275526","ChIP-Seq",NA,NA,"mouse",NA,"ChIP-Seq, Single, 50 bps",NA,"HARTWELL_database_Master_2011-2024_CLEANED.txt",NA
"129","MDSEQ 0067","8/15/14",NA,"Al Diri, Issam",NA,36180,"275527","36180-275527","ChIP-Seq",NA,NA,"mouse",NA,"ChIP-Seq, Single, 50 bps",NA,"HARTWELL_database_Master_2011-2024_CLEANED.txt",NA
"130","MDSEQ 0068","8/15/14",NA,"Al Diri, Issam",NA,36180,"275528","36180-275528","ChIP-Seq",NA,NA,"mouse",NA,"ChIP-Seq, Single, 50 bps",NA,"HARTWELL_database_Master_2011-2024_CLEANED.txt",NA
"131","MDSEQ 0069","8/15/14",NA,"Al Diri, Issam",NA,36180,"275529","36180-275529","ChIP-Seq",NA,NA,"mouse",NA,"ChIP-Seq, Single, 50 bps",NA,"HARTWELL_database_Master_2011-2024_CLEANED.txt",NA
"132","MDSEQ 0070","8/15/14",NA,"Al Diri, Issam",NA,36180,"275530","36180-275530","ChIP-Seq",NA,NA,"mouse",NA,"ChIP-Seq, Single, 50 bps",NA,"HARTWELL_database_Master_2011-2024_CLEANED.txt",NA
"133","MDSEQ 0071","8/15/14",NA,"Al Diri, Issam",NA,36180,"275531","36180-275531","ChIP-Seq",NA,NA,"mouse",NA,"ChIP-Seq, Single, 50 bps",NA,"HARTWELL_database_Master_2011-2024_CLEANED.txt",NA
"134","MDSEQ 0072","8/15/14",NA,"Al Diri, Issam",NA,36180,"275532","36180-275532","ChIP-Seq",NA,NA,"mouse",NA,"ChIP-Seq, Single, 50 bps",NA,"HARTWELL_database_Master_2011-2024_CLEANED.txt",NA
"135","MDSEQ 0073","8/15/14",NA,"Al Diri, Issam",NA,36180,"275533","36180-275533","ChIP-Seq",NA,NA,"mouse",NA,"ChIP-Seq, Single, 50 bps",NA,"HARTWELL_database_Master_2011-2024_CLEANED.txt",NA
"136","MDSEQ 0074","8/15/14",NA,"Al Diri, Issam",NA,36180,"275534","36180-275534","ChIP-Seq",NA,NA,"mouse",NA,"ChIP-Seq, Single, 50 bps",NA,"HARTWELL_database_Master_2011-2024_CLEANED.txt",NA
"137","MDSEQ 0075","8/15/14",NA,"Al Diri, Issam",NA,36180,"275535","36180-275535","ChIP-Seq",NA,NA,"mouse",NA,"ChIP-Seq, Single, 50 bps",NA,"HARTWELL_database_Master_2011-2024_CLEANED.txt",NA
"138","MDSEQ 0076","8/15/14",NA,"Al Diri, Issam",NA,36180,"275536","36180-275536","ChIP-Seq",NA,NA,"mouse",NA,"ChIP-Seq, Single, 50 bps",NA,"HARTWELL_database_Master_2011-2024_CLEANED.txt",NA
"139","MDSEQ 0077","8/15/14",NA,"Al Diri, Issam",NA,36180,"275537","36180-275537","ChIP-Seq",NA,NA,"mouse",NA,"ChIP-Seq, Single, 50 bps",NA,"HARTWELL_database_Master_2011-2024_CLEANED.txt",NA
"140","MDSEQ 0078","8/15/14",NA,"Al Diri, Issam",NA,36180,"275538","36180-275538","ChIP-Seq",NA,NA,"mouse",NA,"ChIP-Seq, Single, 50 bps",NA,"HARTWELL_database_Master_2011-2024_CLEANED.txt",NA
"141","MDSEQ 0079","8/15/14",NA,"Al Diri, Issam",NA,36180,"275539","36180-275539","ChIP-Seq",NA,NA,"mouse",NA,"ChIP-Seq, Single, 50 bps",NA,"HARTWELL_database_Master_2011-2024_CLEANED.txt",NA
"142","MDSEQ 0080","8/15/14",NA,"Al Diri, Issam",NA,36180,"275540","36180-275540","ChIP-Seq",NA,NA,"mouse",NA,"ChIP-Seq, Single, 50 bps",NA,"HARTWELL_database_Master_2011-2024_CLEANED.txt",NA
"143","MDSEQ 0081","8/15/14",NA,"Al Diri, Issam",NA,36180,"275541","36180-275541","ChIP-Seq",NA,NA,"mouse",NA,"ChIP-Seq, Single, 50 bps",NA,"HARTWELL_database_Master_2011-2024_CLEANED.txt",NA
"144","MDSEQ 0082","8/15/14",NA,"Al Diri, Issam",NA,36180,"275542","36180-275542","ChIP-Seq",NA,NA,"mouse",NA,"ChIP-Seq, Single, 50 bps",NA,"HARTWELL_database_Master_2011-2024_CLEANED.txt",NA
"145","MDSEQ 0083","8/15/14",NA,"Al Diri, Issam",NA,36180,"275543","36180-275543","ChIP-Seq",NA,NA,"mouse",NA,"ChIP-Seq, Single, 50 bps",NA,"HARTWELL_database_Master_2011-2024_CLEANED.txt",NA
"146","MDSEQ 0084","8/15/14",NA,"Al Diri, Issam",NA,36180,"275544","36180-275544","ChIP-Seq",NA,NA,"mouse",NA,"ChIP-Seq, Single, 50 bps",NA,"HARTWELL_database_Master_2011-2024_CLEANED.txt",NA
"147","MDSEQ 0085","8/15/14",NA,"Al Diri, Issam",NA,36180,"275545","36180-275545","ChIP-Seq",NA,NA,"mouse",NA,"ChIP-Seq, Single, 50 bps",NA,"HARTWELL_database_Master_2011-2024_CLEANED.txt",NA
"148","MDSEQ 0086","8/15/14",NA,"Al Diri, Issam",NA,36180,"275546","36180-275546","ChIP-Seq",NA,NA,"mouse",NA,"ChIP-Seq, Single, 50 bps",NA,"HARTWELL_database_Master_2011-2024_CLEANED.txt",NA
"149","MDSEQ 0087","8/15/14",NA,"Al Diri, Issam",NA,36180,"275547","36180-275547","ChIP-Seq",NA,NA,"mouse",NA,"ChIP-Seq, Single, 50 bps",NA,"HARTWELL_database_Master_2011-2024_CLEANED.txt",NA
"150","MDSEQ 0088","8/15/14",NA,"Al Diri, Issam",NA,36180,"275548","36180-275548","ChIP-Seq",NA,NA,"mouse",NA,"ChIP-Seq, Single, 50 bps",NA,"HARTWELL_database_Master_2011-2024_CLEANED.txt",NA
"151","MDSEQ 0089","8/15/14",NA,"Al Diri, Issam",NA,36180,"275549","36180-275549","ChIP-Seq",NA,NA,"mouse",NA,"ChIP-Seq, Single, 50 bps",NA,"HARTWELL_database_Master_2011-2024_CLEANED.txt",NA
"152","MDSEQ 0090","8/15/14",NA,"Al Diri, Issam",NA,36180,"275550","36180-275550","ChIP-Seq",NA,NA,"mouse",NA,"ChIP-Seq, Single, 50 bps",NA,"HARTWELL_database_Master_2011-2024_CLEANED.txt",NA
"153","MDSEQ 0091","8/15/14",NA,"Al Diri, Issam",NA,36180,"275551","36180-275551","ChIP-Seq",NA,NA,"mouse",NA,"ChIP-Seq, Single, 50 bps",NA,"HARTWELL_database_Master_2011-2024_CLEANED.txt",NA
"154","MDSEQ 0092","8/15/14",NA,"Al Diri, Issam",NA,36180,"275552","36180-275552","ChIP-Seq",NA,NA,"mouse",NA,"ChIP-Seq, Single, 50 bps",NA,"HARTWELL_database_Master_2011-2024_CLEANED.txt",NA
"155","MDSEQ 0093","8/15/14",NA,"Al Diri, Issam",NA,36183,"275565","36183-275565","ChIP-Seq",NA,NA,"mouse",NA,"ChIP-Seq, Single, 50 bps",NA,"HARTWELL_database_Master_2011-2024_CLEANED.txt",NA
"156","MDSEQ 0094","8/15/14",NA,"Al Diri, Issam",NA,36183,"275566","36183-275566","ChIP-Seq",NA,NA,"mouse",NA,"ChIP-Seq, Single, 50 bps",NA,"HARTWELL_database_Master_2011-2024_CLEANED.txt",NA
"157","MDSEQ 0095","8/19/14",NA,"Al Diri, Issam",NA,36338,"276966","36338-276966","ChIP-Seq",NA,NA,"mouse",NA,"ChIP-Seq, Single, 50 bps",NA,"HARTWELL_database_Master_2011-2024_CLEANED.txt",NA
"158","MDSEQ 0096","8/19/14",NA,"Al Diri, Issam",NA,36338,"276967","36338-276967","ChIP-Seq",NA,NA,"mouse",NA,"ChIP-Seq, Single, 50 bps",NA,"HARTWELL_database_Master_2011-2024_CLEANED.txt",NA
"159","MDSEQ 0097","8/19/14",NA,"Al Diri, Issam",NA,36338,"276968","36338-276968","ChIP-Seq",NA,NA,"mouse",NA,"ChIP-Seq, Single, 50 bps",NA,"HARTWELL_database_Master_2011-2024_CLEANED.txt",NA
"160","MDSEQ 0098","8/19/14",NA,"Al Diri, Issam",NA,36338,"276969","36338-276969","ChIP-Seq",NA,NA,"mouse",NA,"ChIP-Seq, Single, 50 bps",NA,"HARTWELL_database_Master_2011-2024_CLEANED.txt",NA
"161","MDSEQ 0099","8/19/14",NA,"Al Diri, Issam",NA,36338,"276970","36338-276970","ChIP-Seq",NA,NA,"mouse",NA,"ChIP-Seq, Single, 50 bps",NA,"HARTWELL_database_Master_2011-2024_CLEANED.txt",NA
"162","MDSEQ 0100","8/19/14",NA,"Al Diri, Issam",NA,36338,"276971","36338-276971","ChIP-Seq",NA,NA,"mouse",NA,"ChIP-Seq, Single, 50 bps",NA,"HARTWELL_database_Master_2011-2024_CLEANED.txt",NA
"163","MDSEQ 0101","8/19/14",NA,"Al Diri, Issam",NA,36338,"276972","36338-276972","ChIP-Seq",NA,NA,"mouse",NA,"ChIP-Seq, Single, 50 bps",NA,"HARTWELL_database_Master_2011-2024_CLEANED.txt",NA
"164","MDSEQ 0102","8/19/14",NA,"Al Diri, Issam",NA,36338,"276973","36338-276973","ChIP-Seq",NA,NA,"mouse",NA,"ChIP-Seq, Single, 50 bps",NA,"HARTWELL_database_Master_2011-2024_CLEANED.txt",NA
"165","MDSEQ 0103","8/19/14",NA,"Al Diri, Issam",NA,36338,"276974","36338-276974","ChIP-Seq",NA,NA,"mouse",NA,"ChIP-Seq, Single, 50 bps",NA,"HARTWELL_database_Master_2011-2024_CLEANED.txt",NA
"166","MDSEQ 0104","8/19/14",NA,"Al Diri, Issam",NA,36338,"276975","36338-276975","ChIP-Seq",NA,NA,"mouse",NA,"ChIP-Seq, Single, 50 bps",NA,"HARTWELL_database_Master_2011-2024_CLEANED.txt",NA
"167","MDSEQ 0105","8/19/14",NA,"Al Diri, Issam",NA,36338,"276976","36338-276976","ChIP-Seq",NA,NA,"mouse",NA,"ChIP-Seq, Single, 50 bps",NA,"HARTWELL_database_Master_2011-2024_CLEANED.txt",NA
"168","MDSEQ 0106","8/19/14",NA,"Al Diri, Issam",NA,36338,"276977","36338-276977","ChIP-Seq",NA,NA,"mouse",NA,"ChIP-Seq, Single, 50 bps",NA,"HARTWELL_database_Master_2011-2024_CLEANED.txt",NA
"169","MDSEQ 0107","8/19/14",NA,"Al Diri, Issam",NA,36338,"276978","36338-276978","ChIP-Seq",NA,NA,"mouse",NA,"ChIP-Seq, Single, 50 bps",NA,"HARTWELL_database_Master_2011-2024_CLEANED.txt",NA
"170","MDSEQ 0108","8/19/14",NA,"Al Diri, Issam",NA,36338,"276979","36338-276979","ChIP-Seq",NA,NA,"mouse",NA,"ChIP-Seq, Single, 50 bps",NA,"HARTWELL_database_Master_2011-2024_CLEANED.txt",NA
"171","MDSEQ 0109","8/19/14",NA,"Al Diri, Issam",NA,36338,"276980","36338-276980","ChIP-Seq",NA,NA,"mouse",NA,"ChIP-Seq, Single, 50 bps",NA,"HARTWELL_database_Master_2011-2024_CLEANED.txt",NA
"172","MDSEQ 0110","8/19/14",NA,"Al Diri, Issam",NA,36338,"276981","36338-276981","ChIP-Seq",NA,NA,"mouse",NA,"ChIP-Seq, Single, 50 bps",NA,"HARTWELL_database_Master_2011-2024_CLEANED.txt",NA
"173","MDSEQ 0111","8/19/14",NA,"Al Diri, Issam",NA,36338,"276982","36338-276982","ChIP-Seq",NA,NA,"mouse",NA,"ChIP-Seq, Single, 50 bps",NA,"HARTWELL_database_Master_2011-2024_CLEANED.txt",NA
"174","MDSEQ 0112","8/19/14",NA,"Al Diri, Issam",NA,36338,"276983","36338-276983","ChIP-Seq",NA,NA,"mouse",NA,"ChIP-Seq, Single, 50 bps",NA,"HARTWELL_database_Master_2011-2024_CLEANED.txt",NA
"175","MDSEQ 0113","8/19/14",NA,"Al Diri, Issam",NA,36339,"276984","36339-276984","ChIP-Seq",NA,NA,"mouse",NA,"ChIP-Seq, Single, 50 bps",NA,"HARTWELL_database_Master_2011-2024_CLEANED.txt",NA
"176","MDSEQ 0114","9/3/14",NA,"Al Diri, Issam",NA,37315,"286051","37315-286051","ChIP-Seq",NA,NA,"mouse",NA,"ChIP-Seq, Single, 50 bps",NA,"HARTWELL_database_Master_2011-2024_CLEANED.txt",NA
"177","MDSEQ 0115","9/3/14",NA,"Al Diri, Issam",NA,37315,"286052","37315-286052","ChIP-Seq",NA,NA,"mouse",NA,"ChIP-Seq, Single, 50 bps",NA,"HARTWELL_database_Master_2011-2024_CLEANED.txt",NA
"178","MDSEQ 0116","9/3/14",NA,"Al Diri, Issam",NA,37315,"286053","37315-286053","ChIP-Seq",NA,NA,"mouse",NA,"ChIP-Seq, Single, 50 bps",NA,"HARTWELL_database_Master_2011-2024_CLEANED.txt",NA
"179","MDSEQ 0117","9/3/14",NA,"Al Diri, Issam",NA,37315,"286054","37315-286054","ChIP-Seq",NA,NA,"mouse",NA,"ChIP-Seq, Single, 50 bps",NA,"HARTWELL_database_Master_2011-2024_CLEANED.txt",NA
"180","MDSEQ 0118","9/3/14",NA,"Al Diri, Issam",NA,37315,"286055","37315-286055","ChIP-Seq",NA,NA,"mouse",NA,"ChIP-Seq, Single, 50 bps",NA,"HARTWELL_database_Master_2011-2024_CLEANED.txt",NA
"181","MDSEQ 0119","9/3/14",NA,"Al Diri, Issam",NA,37315,"286056","37315-286056","ChIP-Seq",NA,NA,"mouse",NA,"ChIP-Seq, Single, 50 bps",NA,"HARTWELL_database_Master_2011-2024_CLEANED.txt",NA
"182","MDSEQ 0120","9/3/14",NA,"Al Diri, Issam",NA,37315,"286057","37315-286057","ChIP-Seq",NA,NA,"mouse",NA,"ChIP-Seq, Single, 50 bps",NA,"HARTWELL_database_Master_2011-2024_CLEANED.txt",NA
"183","MDSEQ 0121","9/18/14",NA,"Al Diri, Issam",NA,38359,"295451","38359-295451","ChIP-Seq",NA,NA,"mouse",NA,"ChIP-Seq, Single, 50 bps",NA,"HARTWELL_database_Master_2011-2024_CLEANED.txt",NA
"184","MDSEQ 0122","9/18/14",NA,"Al Diri, Issam",NA,38359,"295452","38359-295452","ChIP-Seq",NA,NA,"mouse",NA,"ChIP-Seq, Single, 50 bps",NA,"HARTWELL_database_Master_2011-2024_CLEANED.txt",NA
"185","MDSEQ 0123","9/18/14",NA,"Al Diri, Issam",NA,38359,"295453","38359-295453","ChIP-Seq",NA,NA,"mouse",NA,"ChIP-Seq, Single, 50 bps",NA,"HARTWELL_database_Master_2011-2024_CLEANED.txt",NA
"186","MDSEQ 0124","9/18/14",NA,"Al Diri, Issam",NA,38359,"295454","38359-295454","ChIP-Seq",NA,NA,"mouse",NA,"ChIP-Seq, Single, 50 bps",NA,"HARTWELL_database_Master_2011-2024_CLEANED.txt",NA
"187","MDSEQ 0125","9/18/14",NA,"Al Diri, Issam",NA,38359,"295455","38359-295455","ChIP-Seq",NA,NA,"mouse",NA,"ChIP-Seq, Single, 50 bps",NA,"HARTWELL_database_Master_2011-2024_CLEANED.txt",NA
"188","MDSEQ 0126","9/18/14",NA,"Al Diri, Issam",NA,38359,"295456","38359-295456","ChIP-Seq",NA,NA,"mouse",NA,"ChIP-Seq, Single, 50 bps",NA,"HARTWELL_database_Master_2011-2024_CLEANED.txt",NA
"189","MDSEQ 0127","9/18/14",NA,"Al Diri, Issam",NA,38359,"295457","38359-295457","ChIP-Seq",NA,NA,"mouse",NA,"ChIP-Seq, Single, 50 bps",NA,"HARTWELL_database_Master_2011-2024_CLEANED.txt",NA
"190","MDSEQ 0128","9/18/14",NA,"Al Diri, Issam",NA,38359,"295458","38359-295458","ChIP-Seq",NA,NA,"mouse",NA,"ChIP-Seq, Single, 50 bps",NA,"HARTWELL_database_Master_2011-2024_CLEANED.txt",NA
"191","MDSEQ 0129","9/18/14",NA,"Al Diri, Issam",NA,38359,"295459","38359-295459","ChIP-Seq",NA,NA,"mouse",NA,"ChIP-Seq, Single, 50 bps",NA,"HARTWELL_database_Master_2011-2024_CLEANED.txt",NA
"192","MDSEQ 0130","9/18/14",NA,"Al Diri, Issam",NA,38359,"295460","38359-295460","ChIP-Seq",NA,NA,"mouse",NA,"ChIP-Seq, Single, 50 bps",NA,"HARTWELL_database_Master_2011-2024_CLEANED.txt",NA
"193","MDSEQ 0131","9/18/14",NA,"Al Diri, Issam",NA,38359,"295461","38359-295461","ChIP-Seq",NA,NA,"mouse",NA,"ChIP-Seq, Single, 50 bps",NA,"HARTWELL_database_Master_2011-2024_CLEANED.txt",NA
"194","MDSEQ 0132","9/18/14",NA,"Al Diri, Issam",NA,38359,"295462","38359-295462","ChIP-Seq",NA,NA,"mouse",NA,"ChIP-Seq, Single, 50 bps",NA,"HARTWELL_database_Master_2011-2024_CLEANED.txt",NA
"195","MDSEQ 0133","9/18/14",NA,"Al Diri, Issam",NA,38359,"295463","38359-295463","ChIP-Seq",NA,NA,"human",NA,"ChIP-Seq, Single, 50 bps",NA,"HARTWELL_database_Master_2011-2024_CLEANED.txt",NA
"196","MDSEQ 0134","9/18/14",NA,"Al Diri, Issam",NA,38359,"295464","38359-295464","ChIP-Seq",NA,NA,"human",NA,"ChIP-Seq, Single, 50 bps",NA,"HARTWELL_database_Master_2011-2024_CLEANED.txt",NA
"197","MDSEQ 0135","9/18/14",NA,"Al Diri, Issam",NA,38359,"295465","38359-295465","ChIP-Seq",NA,NA,"human",NA,"ChIP-Seq, Single, 50 bps",NA,"HARTWELL_database_Master_2011-2024_CLEANED.txt",NA
"198","MDSEQ 0136","9/18/14",NA,"Al Diri, Issam",NA,38359,"295466","38359-295466","ChIP-Seq",NA,NA,"human",NA,"ChIP-Seq, Single, 50 bps",NA,"HARTWELL_database_Master_2011-2024_CLEANED.txt",NA
"199","MDSEQ 0137","9/18/14",NA,"Al Diri, Issam",NA,38359,"295467","38359-295467","ChIP-Seq",NA,NA,"human",NA,"ChIP-Seq, Single, 50 bps",NA,"HARTWELL_database_Master_2011-2024_CLEANED.txt",NA
"200","MDSEQ 0138","9/24/14",NA,"Al Diri, Issam",NA,38798,"299543","38798-299543","ChIP-Seq",NA,NA,"mouse",NA,"ChIP-Seq, Single, 50 bps",NA,"HARTWELL_database_Master_2011-2024_CLEANED.txt",NA
"201","MDSEQ 0139","9/24/14",NA,"Al Diri, Issam",NA,38798,"299544","38798-299544","ChIP-Seq",NA,NA,"mouse",NA,"ChIP-Seq, Single, 50 bps",NA,"HARTWELL_database_Master_2011-2024_CLEANED.txt",NA
"202","MDSEQ 0140","9/26/14",NA,"Al Diri, Issam",NA,39010,"301698","39010-301698","ChIP-Seq",NA,NA,"mouse",NA,"ChIP-Seq, Single, 50 bps",NA,"HARTWELL_database_Master_2011-2024_CLEANED.txt",NA
"203","MDSEQ 0141","9/26/14",NA,"Al Diri, Issam",NA,39010,"301699","39010-301699","ChIP-Seq",NA,NA,"mouse",NA,"ChIP-Seq, Single, 50 bps",NA,"HARTWELL_database_Master_2011-2024_CLEANED.txt",NA
"204","MDSEQ 0142","9/26/14",NA,"Al Diri, Issam",NA,39010,"301700","39010-301700","ChIP-Seq",NA,NA,"mouse",NA,"ChIP-Seq, Single, 50 bps",NA,"HARTWELL_database_Master_2011-2024_CLEANED.txt",NA
"205","MDSEQ 0143","9/26/14",NA,"Al Diri, Issam",NA,39010,"301701","39010-301701","ChIP-Seq",NA,NA,"mouse",NA,"ChIP-Seq, Single, 50 bps",NA,"HARTWELL_database_Master_2011-2024_CLEANED.txt",NA
"206","MDSEQ 0144","9/26/14",NA,"Al Diri, Issam",NA,39010,"301702","39010-301702","ChIP-Seq",NA,NA,"mouse",NA,"ChIP-Seq, Single, 50 bps",NA,"HARTWELL_database_Master_2011-2024_CLEANED.txt",NA
"207","MDSEQ 0145","9/26/14",NA,"Al Diri, Issam",NA,39010,"301703","39010-301703","ChIP-Seq",NA,NA,"mouse",NA,"ChIP-Seq, Single, 50 bps",NA,"HARTWELL_database_Master_2011-2024_CLEANED.txt",NA
"208","MDSEQ 0146","9/26/14",NA,"Al Diri, Issam",NA,39010,"301704","39010-301704","ChIP-Seq",NA,NA,"mouse",NA,"ChIP-Seq, Single, 50 bps",NA,"HARTWELL_database_Master_2011-2024_CLEANED.txt",NA
"209","MDSEQ 0147","9/26/14",NA,"Al Diri, Issam",NA,39010,"301705","39010-301705","ChIP-Seq",NA,NA,"mouse",NA,"ChIP-Seq, Single, 50 bps",NA,"HARTWELL_database_Master_2011-2024_CLEANED.txt",NA
"210","MDSEQ 0148","9/26/14",NA,"Al Diri, Issam",NA,39010,"301706","39010-301706","ChIP-Seq",NA,NA,"mouse",NA,"ChIP-Seq, Single, 50 bps",NA,"HARTWELL_database_Master_2011-2024_CLEANED.txt",NA
"211","MDSEQ 0149","9/26/14",NA,"Al Diri, Issam",NA,39010,"301707","39010-301707","ChIP-Seq",NA,NA,"mouse",NA,"ChIP-Seq, Single, 50 bps",NA,"HARTWELL_database_Master_2011-2024_CLEANED.txt",NA
"212","MDSEQ 0150","9/26/14",NA,"Al Diri, Issam",NA,39010,"301708","39010-301708","ChIP-Seq",NA,NA,"mouse",NA,"ChIP-Seq, Single, 50 bps",NA,"HARTWELL_database_Master_2011-2024_CLEANED.txt",NA
"213","MDSEQ 0151","9/26/14",NA,"Al Diri, Issam",NA,39010,"301709","39010-301709","ChIP-Seq",NA,NA,"mouse",NA,"ChIP-Seq, Single, 50 bps",NA,"HARTWELL_database_Master_2011-2024_CLEANED.txt",NA
"214","MDSEQ 0152","9/26/14",NA,"Al Diri, Issam",NA,39010,"301710","39010-301710","ChIP-Seq",NA,NA,"mouse",NA,"ChIP-Seq, Single, 50 bps",NA,"HARTWELL_database_Master_2011-2024_CLEANED.txt",NA
"215","MDSEQ 0153","9/26/14",NA,"Al Diri, Issam",NA,39010,"301711","39010-301711","ChIP-Seq",NA,NA,"mouse",NA,"ChIP-Seq, Single, 50 bps",NA,"HARTWELL_database_Master_2011-2024_CLEANED.txt",NA
"216","MDSEQ 0154","9/26/14",NA,"Al Diri, Issam",NA,39010,"301712","39010-301712","ChIP-Seq",NA,NA,"mouse",NA,"ChIP-Seq, Single, 50 bps",NA,"HARTWELL_database_Master_2011-2024_CLEANED.txt",NA
"217","MDSEQ 0155","9/26/14",NA,"Al Diri, Issam",NA,39010,"301713","39010-301713","ChIP-Seq",NA,NA,"mouse",NA,"ChIP-Seq, Single, 50 bps",NA,"HARTWELL_database_Master_2011-2024_CLEANED.txt",NA
"218","MDSEQ 0156","9/26/14",NA,"Al Diri, Issam",NA,39010,"301714","39010-301714","ChIP-Seq",NA,NA,"mouse",NA,"ChIP-Seq, Single, 50 bps",NA,"HARTWELL_database_Master_2011-2024_CLEANED.txt",NA
"219","MDSEQ 0157","9/26/14",NA,"Al Diri, Issam",NA,39010,"301715","39010-301715","ChIP-Seq",NA,NA,"mouse",NA,"ChIP-Seq, Single, 50 bps",NA,"HARTWELL_database_Master_2011-2024_CLEANED.txt",NA
"220","MDSEQ 0158","9/26/14",NA,"Al Diri, Issam",NA,39010,"301716","39010-301716","ChIP-Seq",NA,NA,"mouse",NA,"ChIP-Seq, Single, 50 bps",NA,"HARTWELL_database_Master_2011-2024_CLEANED.txt",NA
"221","MDSEQ 0159","10/15/14",NA,"Al Diri, Issam",NA,40189,"313237","40189-313237","ChIP-Seq",NA,NA,"mouse",NA,"ChIP-Seq, Single, 50 bps",NA,"HARTWELL_database_Master_2011-2024_CLEANED.txt",NA
"222","MDSEQ 0160","10/15/14",NA,"Al Diri, Issam",NA,40189,"313238","40189-313238","ChIP-Seq",NA,NA,"human",NA,"ChIP-Seq, Single, 50 bps",NA,"HARTWELL_database_Master_2011-2024_CLEANED.txt",NA
"223","MDSEQ 0161","10/15/14",NA,"Al Diri, Issam",NA,40189,"313239","40189-313239","ChIP-Seq",NA,NA,"human",NA,"ChIP-Seq, Single, 50 bps",NA,"HARTWELL_database_Master_2011-2024_CLEANED.txt",NA
"224","MDSEQ 0162","10/29/14",NA,"Al Diri, Issam",NA,41185,"323738","41185-323738","ChIP-Seq",NA,NA,"mouse",NA,"ChIP-Seq, Single, 50 bps",NA,"HARTWELL_database_Master_2011-2024_CLEANED.txt",NA
"225","MDSEQ 0163","10/29/14",NA,"Al Diri, Issam",NA,41185,"323739","41185-323739","ChIP-Seq",NA,NA,"mouse",NA,"ChIP-Seq, Single, 50 bps",NA,"HARTWELL_database_Master_2011-2024_CLEANED.txt",NA
"226","MDSEQ 0164","10/29/14",NA,"Al Diri, Issam",NA,41185,"323740","41185-323740","ChIP-Seq",NA,NA,"mouse",NA,"ChIP-Seq, Single, 50 bps",NA,"HARTWELL_database_Master_2011-2024_CLEANED.txt",NA
"227","MDSEQ 0165","10/29/14",NA,"Al Diri, Issam",NA,41185,"323741","41185-323741","ChIP-Seq",NA,NA,"mouse",NA,"ChIP-Seq, Single, 50 bps",NA,"HARTWELL_database_Master_2011-2024_CLEANED.txt",NA
"228","MDSEQ 0166","10/29/14",NA,"Al Diri, Issam",NA,41185,"323742","41185-323742","ChIP-Seq",NA,NA,"mouse",NA,"ChIP-Seq, Single, 50 bps",NA,"HARTWELL_database_Master_2011-2024_CLEANED.txt",NA
"229","MDSEQ 0167","10/29/14",NA,"Al Diri, Issam",NA,41185,"323743","41185-323743","ChIP-Seq",NA,NA,"mouse",NA,"ChIP-Seq, Single, 50 bps",NA,"HARTWELL_database_Master_2011-2024_CLEANED.txt",NA
"230","MDSEQ 0168","10/29/14",NA,"Al Diri, Issam",NA,41185,"323744","41185-323744","ChIP-Seq",NA,NA,"mouse",NA,"ChIP-Seq, Single, 50 bps",NA,"HARTWELL_database_Master_2011-2024_CLEANED.txt",NA
"231","MDSEQ 0169","10/29/14",NA,"Al Diri, Issam",NA,41185,"323745","41185-323745","ChIP-Seq",NA,NA,"mouse",NA,"ChIP-Seq, Single, 50 bps",NA,"HARTWELL_database_Master_2011-2024_CLEANED.txt",NA
"232","MDSEQ 0170","10/29/14",NA,"Al Diri, Issam",NA,41185,"323746","41185-323746","ChIP-Seq",NA,NA,"mouse",NA,"ChIP-Seq, Single, 50 bps",NA,"HARTWELL_database_Master_2011-2024_CLEANED.txt",NA
"233","MDSEQ 0171","10/29/14",NA,"Al Diri, Issam",NA,41185,"323747","41185-323747","ChIP-Seq",NA,NA,"mouse",NA,"ChIP-Seq, Single, 50 bps",NA,"HARTWELL_database_Master_2011-2024_CLEANED.txt",NA
"234","MDSEQ 0172","10/29/14",NA,"Al Diri, Issam",NA,41185,"323748","41185-323748","ChIP-Seq",NA,NA,"mouse",NA,"ChIP-Seq, Single, 50 bps",NA,"HARTWELL_database_Master_2011-2024_CLEANED.txt",NA
"235","MDSEQ 0173","10/29/14",NA,"Al Diri, Issam",NA,41185,"323749","41185-323749","ChIP-Seq",NA,NA,"mouse",NA,"ChIP-Seq, Single, 50 bps",NA,"HARTWELL_database_Master_2011-2024_CLEANED.txt",NA
"236","MDSEQ 0174","10/29/14",NA,"Al Diri, Issam",NA,41185,"323750","41185-323750","ChIP-Seq",NA,NA,"mouse",NA,"ChIP-Seq, Single, 50 bps",NA,"HARTWELL_database_Master_2011-2024_CLEANED.txt",NA
"237","MDSEQ 0175","10/29/14",NA,"Al Diri, Issam",NA,41185,"323751","41185-323751","ChIP-Seq",NA,NA,"mouse",NA,"ChIP-Seq, Single, 50 bps",NA,"HARTWELL_database_Master_2011-2024_CLEANED.txt",NA
"238","MDSEQ 0176","10/29/14",NA,"Al Diri, Issam",NA,41185,"323752","41185-323752","ChIP-Seq",NA,NA,"mouse",NA,"ChIP-Seq, Single, 50 bps",NA,"HARTWELL_database_Master_2011-2024_CLEANED.txt",NA
"239","MDSEQ 0177","10/29/14",NA,"Al Diri, Issam",NA,41185,"323753","41185-323753","ChIP-Seq",NA,NA,"mouse",NA,"ChIP-Seq, Single, 50 bps",NA,"HARTWELL_database_Master_2011-2024_CLEANED.txt",NA
"240","MDSEQ 0178","10/29/14",NA,"Al Diri, Issam",NA,41185,"323754","41185-323754","ChIP-Seq",NA,NA,"mouse",NA,"ChIP-Seq, Single, 50 bps",NA,"HARTWELL_database_Master_2011-2024_CLEANED.txt",NA
"241","MDSEQ 0179","10/29/14",NA,"Al Diri, Issam",NA,41185,"323755","41185-323755","ChIP-Seq",NA,NA,"mouse",NA,"ChIP-Seq, Single, 50 bps",NA,"HARTWELL_database_Master_2011-2024_CLEANED.txt",NA
"242","MDSEQ 0180","10/29/14",NA,"Al Diri, Issam",NA,41185,"323756","41185-323756","ChIP-Seq",NA,NA,"mouse",NA,"ChIP-Seq, Single, 50 bps",NA,"HARTWELL_database_Master_2011-2024_CLEANED.txt",NA
"243","MDSEQ 0181","10/29/14",NA,"Al Diri, Issam",NA,41185,"323757","41185-323757","ChIP-Seq",NA,NA,"mouse",NA,"ChIP-Seq, Single, 50 bps",NA,"HARTWELL_database_Master_2011-2024_CLEANED.txt",NA
"244","MDSEQ 0182","10/29/14",NA,"Al Diri, Issam",NA,41185,"323758","41185-323758","ChIP-Seq",NA,NA,"mouse",NA,"ChIP-Seq, Single, 50 bps",NA,"HARTWELL_database_Master_2011-2024_CLEANED.txt",NA
"245","MDSEQ 0183","10/29/14",NA,"Al Diri, Issam",NA,41185,"323759","41185-323759","ChIP-Seq",NA,NA,"mouse",NA,"ChIP-Seq, Single, 50 bps",NA,"HARTWELL_database_Master_2011-2024_CLEANED.txt",NA
"246","MDSEQ 0184","10/29/14",NA,"Al Diri, Issam",NA,41185,"323760","41185-323760","ChIP-Seq",NA,NA,"mouse",NA,"ChIP-Seq, Single, 50 bps",NA,"HARTWELL_database_Master_2011-2024_CLEANED.txt",NA
"247","MDSEQ 0185","10/29/14",NA,"Al Diri, Issam",NA,41185,"323761","41185-323761","ChIP-Seq",NA,NA,"mouse",NA,"ChIP-Seq, Single, 50 bps",NA,"HARTWELL_database_Master_2011-2024_CLEANED.txt",NA
"248","MDSEQ 0186","10/29/14",NA,"Al Diri, Issam",NA,41185,"323762","41185-323762","ChIP-Seq",NA,NA,"mouse",NA,"ChIP-Seq, Single, 50 bps",NA,"HARTWELL_database_Master_2011-2024_CLEANED.txt",NA
"249","MDSEQ 0187","10/29/14",NA,"Al Diri, Issam",NA,41185,"323763","41185-323763","ChIP-Seq",NA,NA,"mouse",NA,"ChIP-Seq, Single, 50 bps",NA,"HARTWELL_database_Master_2011-2024_CLEANED.txt",NA
"250","MDSEQ 0188","10/29/14",NA,"Al Diri, Issam",NA,41185,"323764","41185-323764","ChIP-Seq",NA,NA,"mouse",NA,"ChIP-Seq, Single, 50 bps",NA,"HARTWELL_database_Master_2011-2024_CLEANED.txt",NA
"251","MDSEQ 0189","10/29/14",NA,"Al Diri, Issam",NA,41185,"323765","41185-323765","ChIP-Seq",NA,NA,"mouse",NA,"ChIP-Seq, Single, 50 bps",NA,"HARTWELL_database_Master_2011-2024_CLEANED.txt",NA
"252","MDSEQ 0190","10/29/14",NA,"Al Diri, Issam",NA,41185,"323766","41185-323766","ChIP-Seq",NA,NA,"mouse",NA,"ChIP-Seq, Single, 50 bps",NA,"HARTWELL_database_Master_2011-2024_CLEANED.txt",NA
"253","MDSEQ 0191","11/11/14",NA,"Al Diri, Issam",NA,42047,"333587","42047-333587","ChIP-Seq",NA,NA,"mouse",NA,"ChIP-Seq, Single, 50 bps",NA,"HARTWELL_database_Master_2011-2024_CLEANED.txt",NA
"254","MDSEQ 0192","11/11/14",NA,"Al Diri, Issam",NA,42047,"333588","42047-333588","ChIP-Seq",NA,NA,"mouse",NA,"ChIP-Seq, Single, 50 bps",NA,"HARTWELL_database_Master_2011-2024_CLEANED.txt",NA
"255","MDSEQ 0193","11/11/14",NA,"Al Diri, Issam",NA,42047,"333589","42047-333589","ChIP-Seq",NA,NA,"mouse",NA,"ChIP-Seq, Single, 50 bps",NA,"HARTWELL_database_Master_2011-2024_CLEANED.txt",NA
"256","MDSEQ 0194","11/11/14",NA,"Al Diri, Issam",NA,42047,"333590","42047-333590","ChIP-Seq",NA,NA,"mouse",NA,"ChIP-Seq, Single, 50 bps",NA,"HARTWELL_database_Master_2011-2024_CLEANED.txt",NA
"257","MDSEQ 0195","11/11/14",NA,"Al Diri, Issam",NA,42047,"333591","42047-333591","ChIP-Seq",NA,NA,"mouse",NA,"ChIP-Seq, Single, 50 bps",NA,"HARTWELL_database_Master_2011-2024_CLEANED.txt",NA
"258","MDSEQ 0196","11/11/14",NA,"Al Diri, Issam",NA,42047,"333592","42047-333592","ChIP-Seq",NA,NA,"mouse",NA,"ChIP-Seq, Single, 50 bps",NA,"HARTWELL_database_Master_2011-2024_CLEANED.txt",NA
"259","MDSEQ 0197","11/11/14",NA,"Al Diri, Issam",NA,42047,"333593","42047-333593","ChIP-Seq",NA,NA,"mouse",NA,"ChIP-Seq, Single, 50 bps",NA,"HARTWELL_database_Master_2011-2024_CLEANED.txt",NA
"260","MDSEQ 0198","11/11/14",NA,"Al Diri, Issam",NA,42047,"333594","42047-333594","ChIP-Seq",NA,NA,"mouse",NA,"ChIP-Seq, Single, 50 bps",NA,"HARTWELL_database_Master_2011-2024_CLEANED.txt",NA
"261","MDSEQ 0199","11/11/14",NA,"Al Diri, Issam",NA,42047,"333595","42047-333595","ChIP-Seq",NA,NA,"mouse",NA,"ChIP-Seq, Single, 50 bps",NA,"HARTWELL_database_Master_2011-2024_CLEANED.txt",NA
"262","MDSEQ 0200","11/11/14",NA,"Al Diri, Issam",NA,42047,"333596","42047-333596","ChIP-Seq",NA,NA,"mouse",NA,"ChIP-Seq, Single, 50 bps",NA,"HARTWELL_database_Master_2011-2024_CLEANED.txt",NA
"263","MDSEQ 0201","11/11/14",NA,"Al Diri, Issam",NA,42047,"333597","42047-333597","ChIP-Seq",NA,NA,"mouse",NA,"ChIP-Seq, Single, 50 bps",NA,"HARTWELL_database_Master_2011-2024_CLEANED.txt",NA
"264","MDSEQ 0202","12/5/14",NA,"Al Diri, Issam",NA,43644,"354796","43644-354796","ChIP-Seq",NA,NA,"mouse",NA,"ChIP-Seq, Single, 50 bps",NA,"HARTWELL_database_Master_2011-2024_CLEANED.txt",NA
"265","MDSEQ 0203","12/5/14",NA,"Al Diri, Issam",NA,43644,"354797","43644-354797","ChIP-Seq",NA,NA,"mouse",NA,"ChIP-Seq, Single, 50 bps",NA,"HARTWELL_database_Master_2011-2024_CLEANED.txt",NA
"266","MDSEQ 0204","12/5/14",NA,"Al Diri, Issam",NA,43644,"354798","43644-354798","ChIP-Seq",NA,NA,"mouse",NA,"ChIP-Seq, Single, 50 bps",NA,"HARTWELL_database_Master_2011-2024_CLEANED.txt",NA
"267","MDSEQ 0205","12/5/14",NA,"Al Diri, Issam",NA,43644,"354799","43644-354799","ChIP-Seq",NA,NA,"mouse",NA,"ChIP-Seq, Single, 50 bps",NA,"HARTWELL_database_Master_2011-2024_CLEANED.txt",NA
"268","MDSEQ 0206","12/5/14",NA,"Al Diri, Issam",NA,43644,"354800","43644-354800","ChIP-Seq",NA,NA,"mouse",NA,"ChIP-Seq, Single, 50 bps",NA,"HARTWELL_database_Master_2011-2024_CLEANED.txt",NA
"269","MDSEQ 0207","12/5/14",NA,"Al Diri, Issam",NA,43644,"354801","43644-354801","ChIP-Seq",NA,NA,"mouse",NA,"ChIP-Seq, Single, 50 bps",NA,"HARTWELL_database_Master_2011-2024_CLEANED.txt",NA
"270","MDSEQ 0208","12/5/14",NA,"Al Diri, Issam",NA,43644,"354802","43644-354802","ChIP-Seq",NA,NA,"mouse",NA,"ChIP-Seq, Single, 50 bps",NA,"HARTWELL_database_Master_2011-2024_CLEANED.txt",NA
"271","MDSEQ 0209","12/5/14",NA,"Al Diri, Issam",NA,43644,"354803","43644-354803","ChIP-Seq",NA,NA,"mouse",NA,"ChIP-Seq, Single, 50 bps",NA,"HARTWELL_database_Master_2011-2024_CLEANED.txt",NA
"272","MDSEQ 0210","12/5/14",NA,"Al Diri, Issam",NA,43644,"354804","43644-354804","ChIP-Seq",NA,NA,"mouse",NA,"ChIP-Seq, Single, 50 bps",NA,"HARTWELL_database_Master_2011-2024_CLEANED.txt",NA
"273","MDSEQ 0211","12/5/14",NA,"Al Diri, Issam",NA,43644,"354805","43644-354805","ChIP-Seq",NA,NA,"mouse",NA,"ChIP-Seq, Single, 50 bps",NA,"HARTWELL_database_Master_2011-2024_CLEANED.txt",NA
"274","MDSEQ 0212","12/5/14",NA,"Al Diri, Issam",NA,43644,"354806","43644-354806","ChIP-Seq",NA,NA,"mouse",NA,"ChIP-Seq, Single, 50 bps",NA,"HARTWELL_database_Master_2011-2024_CLEANED.txt",NA
"275","MDSEQ 0228","2/12/15",NA,"Al Diri, Issam",NA,48072,"409178","48072-409178","ChIP-Seq",NA,NA,"mouse",NA,"ChIP-Seq, Single, 50 bps",NA,"HARTWELL_database_Master_2011-2024_CLEANED.txt",NA
"276","MDSEQ 0235","2/23/15",NA,"Al Diri, Issam",NA,48621,"413945","48621-413945","ChIP-Seq",NA,NA,"mouse",NA,"ChIP-Seq, Single, 50 bps",NA,"HARTWELL_database_Master_2011-2024_CLEANED.txt",NA
"277","MDSEQ 0236","2/23/15",NA,"Al Diri, Issam",NA,48621,"413946","48621-413946","ChIP-Seq",NA,NA,"mouse",NA,"ChIP-Seq, Single, 50 bps",NA,"HARTWELL_database_Master_2011-2024_CLEANED.txt",NA
"278","MDSEQ 0237","2/23/15",NA,"Al Diri, Issam",NA,48621,"413947","48621-413947","ChIP-Seq",NA,NA,"mouse",NA,"ChIP-Seq, Single, 50 bps",NA,"HARTWELL_database_Master_2011-2024_CLEANED.txt",NA
"279","MDSEQ 0238","2/23/15",NA,"Al Diri, Issam",NA,48621,"413948","48621-413948","ChIP-Seq",NA,NA,"mouse",NA,"ChIP-Seq, Single, 50 bps",NA,"HARTWELL_database_Master_2011-2024_CLEANED.txt",NA
"280","MDSEQ 0239","2/23/15",NA,"Al Diri, Issam",NA,48621,"413949","48621-413949","ChIP-Seq",NA,NA,"mouse",NA,"ChIP-Seq, Single, 50 bps",NA,"HARTWELL_database_Master_2011-2024_CLEANED.txt",NA
"281","MDSEQ 0240","2/23/15",NA,"Al Diri, Issam",NA,48621,"413950","48621-413950","ChIP-Seq",NA,NA,"mouse",NA,"ChIP-Seq, Single, 50 bps",NA,"HARTWELL_database_Master_2011-2024_CLEANED.txt",NA
"282","MDSEQ 0241","2/23/15",NA,"Al Diri, Issam",NA,48621,"413951","48621-413951","ChIP-Seq",NA,NA,"mouse",NA,"ChIP-Seq, Single, 50 bps",NA,"HARTWELL_database_Master_2011-2024_CLEANED.txt",NA
"283","MDSEQ 0242","2/23/15",NA,"Al Diri, Issam",NA,48621,"413952","48621-413952","ChIP-Seq",NA,NA,"mouse",NA,"ChIP-Seq, Single, 50 bps",NA,"HARTWELL_database_Master_2011-2024_CLEANED.txt",NA
"284","MDSEQ 0243","2/23/15",NA,"Al Diri, Issam",NA,48621,"413953","48621-413953","ChIP-Seq",NA,NA,"mouse",NA,"ChIP-Seq, Single, 50 bps",NA,"HARTWELL_database_Master_2011-2024_CLEANED.txt",NA
"285","MDSEQ 0244","2/23/15",NA,"Al Diri, Issam",NA,48621,"413954","48621-413954","ChIP-Seq",NA,NA,"mouse",NA,"ChIP-Seq, Single, 50 bps",NA,"HARTWELL_database_Master_2011-2024_CLEANED.txt",NA
"286","MDSEQ 0245","3/10/15",NA,"Al Diri, Issam",NA,49488,"424033","49488-424033","ChIP-Seq",NA,NA,"mouse",NA,"ChIP-Seq, Single, 50 bps",NA,"HARTWELL_database_Master_2011-2024_CLEANED.txt",NA
"287","MDSEQ 0246","3/10/15",NA,"Al Diri, Issam",NA,49488,"424034","49488-424034","ChIP-Seq",NA,NA,"mouse",NA,"ChIP-Seq, Single, 50 bps",NA,"HARTWELL_database_Master_2011-2024_CLEANED.txt",NA
"288","MDSEQ 0247","3/10/15",NA,"Al Diri, Issam",NA,49488,"424035","49488-424035","ChIP-Seq",NA,NA,"mouse",NA,"ChIP-Seq, Single, 50 bps",NA,"HARTWELL_database_Master_2011-2024_CLEANED.txt",NA
"289","MDSEQ 0248","3/10/15",NA,"Al Diri, Issam",NA,49488,"424036","49488-424036","ChIP-Seq",NA,NA,"mouse",NA,"ChIP-Seq, Single, 50 bps",NA,"HARTWELL_database_Master_2011-2024_CLEANED.txt",NA
"290","MDSEQ 0249","3/10/15",NA,"Al Diri, Issam",NA,49488,"424037","49488-424037","ChIP-Seq",NA,NA,"mouse",NA,"ChIP-Seq, Single, 50 bps",NA,"HARTWELL_database_Master_2011-2024_CLEANED.txt",NA
"291","MDSEQ 0250","3/10/15",NA,"Al Diri, Issam",NA,49488,"424038","49488-424038","ChIP-Seq",NA,NA,"mouse",NA,"ChIP-Seq, Single, 50 bps",NA,"HARTWELL_database_Master_2011-2024_CLEANED.txt",NA
"292","MDSEQ 0251","3/10/15",NA,"Al Diri, Issam",NA,49488,"424039","49488-424039","ChIP-Seq",NA,NA,"mouse",NA,"ChIP-Seq, Single, 50 bps",NA,"HARTWELL_database_Master_2011-2024_CLEANED.txt",NA
"293","MDSEQ 0252","3/11/15",NA,"Al Diri, Issam",NA,49605,"425405","49605-425405","ChIP-Seq",NA,NA,"mouse",NA,"Library prep'ed by AM",NA,"HARTWELL_database_Master_2011-2024_CLEANED.txt",NA
"294","MDSEQ 0253","3/11/15",NA,"Al Diri, Issam",NA,49605,"425406","49605-425406","ChIP-Seq",NA,NA,"mouse",NA,"Library prep'ed by AM",NA,"HARTWELL_database_Master_2011-2024_CLEANED.txt",NA
"295","MDSEQ 0254","3/11/15",NA,"Al Diri, Issam",NA,49605,"425407","49605-425407","ChIP-Seq",NA,NA,"mouse",NA,"Library prep'ed by AM",NA,"HARTWELL_database_Master_2011-2024_CLEANED.txt",NA
"296","MDSEQ 0255","3/11/15",NA,"Al Diri, Issam",NA,49605,"425408","49605-425408","ChIP-Seq",NA,NA,"mouse",NA,"Library prep'ed by AM",NA,"HARTWELL_database_Master_2011-2024_CLEANED.txt",NA
"297","MDSEQ 0256","3/11/15",NA,"Al Diri, Issam",NA,49605,"425409","49605-425409","ChIP-Seq",NA,NA,"mouse",NA,"Library prep'ed by AM",NA,"HARTWELL_database_Master_2011-2024_CLEANED.txt",NA
"298","MDSEQ 0257","3/11/15",NA,"Al Diri, Issam",NA,49605,"425410","49605-425410","ChIP-Seq",NA,NA,"mouse",NA,"Library prep'ed by AM",NA,"HARTWELL_database_Master_2011-2024_CLEANED.txt",NA
"299","MDSEQ 0258","3/11/15",NA,"Al Diri, Issam",NA,49605,"425411","49605-425411","ChIP-Seq",NA,NA,"mouse",NA,"Library prep'ed by AM",NA,"HARTWELL_database_Master_2011-2024_CLEANED.txt",NA
"300","MDSEQ 0259","3/11/15",NA,"Al Diri, Issam",NA,49605,"425412","49605-425412","ChIP-Seq",NA,NA,"mouse",NA,"Library prep'ed by AM",NA,"HARTWELL_database_Master_2011-2024_CLEANED.txt",NA
"301","MDSEQ 0260","3/11/15",NA,"Al Diri, Issam",NA,49605,"425413","49605-425413","ChIP-Seq",NA,NA,"mouse",NA,"Library prep'ed by AM",NA,"HARTWELL_database_Master_2011-2024_CLEANED.txt",NA
"302","MDSEQ 0261","3/11/15",NA,"Al Diri, Issam",NA,49605,"425414","49605-425414","ChIP-Seq",NA,NA,"mouse",NA,"Library prep'ed by AM",NA,"HARTWELL_database_Master_2011-2024_CLEANED.txt",NA
"303","MDSEQ 0262","3/11/15",NA,"Al Diri, Issam",NA,49605,"425415","49605-425415","ChIP-Seq",NA,NA,"mouse",NA,"Library prep'ed by AM",NA,"HARTWELL_database_Master_2011-2024_CLEANED.txt",NA
"304","MDSEQ 0263","3/11/15",NA,"Al Diri, Issam",NA,49605,"425416","49605-425416","ChIP-Seq",NA,NA,"mouse",NA,"Library prep'ed by AM",NA,"HARTWELL_database_Master_2011-2024_CLEANED.txt",NA
"305","MDSEQ 0264","3/11/15",NA,"Al Diri, Issam",NA,49605,"425417","49605-425417","ChIP-Seq",NA,NA,"mouse",NA,"Library prep'ed by AM",NA,"HARTWELL_database_Master_2011-2024_CLEANED.txt",NA
"306","MDSEQ 0265","3/11/15",NA,"Al Diri, Issam",NA,49605,"425418","49605-425418","ChIP-Seq",NA,NA,"mouse",NA,"Library prep'ed by AM",NA,"HARTWELL_database_Master_2011-2024_CLEANED.txt",NA
"307","MDSEQ 0266","3/11/15",NA,"Al Diri, Issam",NA,49605,"425419","49605-425419","ChIP-Seq",NA,NA,"mouse",NA,"Library prep'ed by AM",NA,"HARTWELL_database_Master_2011-2024_CLEANED.txt",NA
"308","MDSEQ 0267","3/11/15",NA,"Al Diri, Issam",NA,49605,"425420","49605-425420","ChIP-Seq",NA,NA,"mouse",NA,"Library prep'ed by AM",NA,"HARTWELL_database_Master_2011-2024_CLEANED.txt",NA
"309","MDSEQ 0268","3/11/15",NA,"Al Diri, Issam",NA,49605,"425421","49605-425421","ChIP-Seq",NA,NA,"mouse",NA,"Library prep'ed by AM",NA,"HARTWELL_database_Master_2011-2024_CLEANED.txt",NA
"310","MDSEQ 0269","3/11/15",NA,"Al Diri, Issam",NA,49605,"425422","49605-425422","ChIP-Seq",NA,NA,"mouse",NA,"Library prep'ed by AM",NA,"HARTWELL_database_Master_2011-2024_CLEANED.txt",NA
"311","MDSEQ 0270","3/11/15",NA,"Al Diri, Issam",NA,49605,"425423","49605-425423","ChIP-Seq",NA,NA,"mouse",NA,"Library prep'ed by AM",NA,"HARTWELL_database_Master_2011-2024_CLEANED.txt",NA
"312","MDSEQ 0271","3/11/15",NA,"Al Diri, Issam",NA,49605,"425424","49605-425424","ChIP-Seq",NA,NA,"mouse",NA,"Library prep'ed by AM",NA,"HARTWELL_database_Master_2011-2024_CLEANED.txt",NA
"313","MDSEQ 0272","3/11/15",NA,"Al Diri, Issam",NA,49611,"425452","49611-425452","ChIP-Seq",NA,NA,"mouse",NA,"ChIP-Seq, Single, 50 bps",NA,"HARTWELL_database_Master_2011-2024_CLEANED.txt",NA
"314","MDSEQ 0273","4/6/15",NA,"Al Diri, Issam",NA,51510,"447967","51510-447967","ChIP-Seq",NA,NA,"mouse",NA,"Need library prep",NA,"HARTWELL_database_Master_2011-2024_CLEANED.txt",NA
"315","MDSEQ 0274","4/6/15",NA,"Al Diri, Issam",NA,51510,"447968","51510-447968","ChIP-Seq",NA,NA,"mouse",NA,"Need library prep",NA,"HARTWELL_database_Master_2011-2024_CLEANED.txt",NA
"316","MDSEQ 0275","4/6/15",NA,"Al Diri, Issam",NA,51510,"447969","51510-447969","ChIP-Seq",NA,NA,"mouse",NA,"Need library prep",NA,"HARTWELL_database_Master_2011-2024_CLEANED.txt",NA
"317","MDSEQ 0276","4/6/15",NA,"Al Diri, Issam",NA,51510,"447970","51510-447970","ChIP-Seq",NA,NA,"mouse",NA,"Need library prep",NA,"HARTWELL_database_Master_2011-2024_CLEANED.txt",NA
"318","MDSEQ 0277","4/6/15",NA,"Al Diri, Issam",NA,51510,"447971","51510-447971","ChIP-Seq",NA,NA,"mouse",NA,"Need library prep",NA,"HARTWELL_database_Master_2011-2024_CLEANED.txt",NA
"319","MDSEQ 0278","4/6/15",NA,"Al Diri, Issam",NA,51510,"447972","51510-447972","ChIP-Seq",NA,NA,"mouse",NA,"Need library prep",NA,"HARTWELL_database_Master_2011-2024_CLEANED.txt",NA
"320","MDSEQ 0279","4/6/15",NA,"Al Diri, Issam",NA,51510,"447973","51510-447973","ChIP-Seq",NA,NA,"mouse",NA,"Need library prep",NA,"HARTWELL_database_Master_2011-2024_CLEANED.txt",NA
"321","MDSEQ 0280","4/6/15",NA,"Al Diri, Issam",NA,51510,"447974","51510-447974","ChIP-Seq",NA,NA,"mouse",NA,"Need library prep",NA,"HARTWELL_database_Master_2011-2024_CLEANED.txt",NA
"322","MDSEQ 0281","4/6/15",NA,"Al Diri, Issam",NA,51510,"447975","51510-447975","ChIP-Seq",NA,NA,"mouse",NA,"Need library prep",NA,"HARTWELL_database_Master_2011-2024_CLEANED.txt",NA
"323","MDSEQ 0282","4/6/15",NA,"Al Diri, Issam",NA,51510,"447976","51510-447976","ChIP-Seq",NA,NA,"mouse",NA,"Need library prep",NA,"HARTWELL_database_Master_2011-2024_CLEANED.txt",NA
"324","MDSEQ 0283","4/6/15",NA,"Al Diri, Issam",NA,51510,"447977","51510-447977","ChIP-Seq",NA,NA,"mouse",NA,"Need library prep",NA,"HARTWELL_database_Master_2011-2024_CLEANED.txt",NA
"325","MDSEQ 0284","4/6/15",NA,"Al Diri, Issam",NA,51510,"447978","51510-447978","ChIP-Seq",NA,NA,"mouse",NA,"Need library prep",NA,"HARTWELL_database_Master_2011-2024_CLEANED.txt",NA
"326","MDSEQ 0285","4/6/15",NA,"Al Diri, Issam",NA,51510,"447979","51510-447979","ChIP-Seq",NA,NA,"mouse",NA,"Need library prep",NA,"HARTWELL_database_Master_2011-2024_CLEANED.txt",NA
"327","MDSEQ 0286","4/6/15",NA,"Al Diri, Issam",NA,51510,"447980","51510-447980","ChIP-Seq",NA,NA,"mouse",NA,"Need library prep",NA,"HARTWELL_database_Master_2011-2024_CLEANED.txt",NA
"328","MDSEQ 0287","4/6/15",NA,"Al Diri, Issam",NA,51510,"447981","51510-447981","ChIP-Seq",NA,NA,"mouse",NA,"Need library prep",NA,"HARTWELL_database_Master_2011-2024_CLEANED.txt",NA
"329","MDSEQ 0288","4/6/15",NA,"Al Diri, Issam",NA,51510,"447982","51510-447982","ChIP-Seq",NA,NA,"mouse",NA,"Need library prep",NA,"HARTWELL_database_Master_2011-2024_CLEANED.txt",NA
"330","MDSEQ 0289","4/6/15",NA,"Al Diri, Issam",NA,51510,"447983","51510-447983","ChIP-Seq",NA,NA,"mouse",NA,"Need library prep",NA,"HARTWELL_database_Master_2011-2024_CLEANED.txt",NA
"331","MDSEQ 0290","4/6/15",NA,"Al Diri, Issam",NA,51510,"447984","51510-447984","ChIP-Seq",NA,NA,"mouse",NA,"Need library prep",NA,"HARTWELL_database_Master_2011-2024_CLEANED.txt",NA
"332","MDSEQ 0291","4/6/15",NA,"Al Diri, Issam",NA,51510,"447985","51510-447985","ChIP-Seq",NA,NA,"mouse",NA,"Need library prep",NA,"HARTWELL_database_Master_2011-2024_CLEANED.txt",NA
"333","MDSEQ 0292","4/6/15",NA,"Al Diri, Issam",NA,51510,"447986","51510-447986","ChIP-Seq",NA,NA,"mouse",NA,"Need library prep",NA,"HARTWELL_database_Master_2011-2024_CLEANED.txt",NA
"334","MDSEQ 0293","4/6/15",NA,"Al Diri, Issam",NA,51510,"447987","51510-447987","ChIP-Seq",NA,NA,"human",NA,"Need library prep",NA,"HARTWELL_database_Master_2011-2024_CLEANED.txt",NA
"335","MDSEQ 0294","4/6/15",NA,"Al Diri, Issam",NA,51510,"447988","51510-447988","ChIP-Seq",NA,NA,"human",NA,"Need library prep",NA,"HARTWELL_database_Master_2011-2024_CLEANED.txt",NA
"336","MDSEQ 0295","4/6/15",NA,"Al Diri, Issam",NA,51510,"447989","51510-447989","ChIP-Seq",NA,NA,"human",NA,"Need library prep",NA,"HARTWELL_database_Master_2011-2024_CLEANED.txt",NA
"337","MDSEQ 0296","4/6/15",NA,"Al Diri, Issam",NA,51510,"447990","51510-447990","ChIP-Seq",NA,NA,"human",NA,"Need library prep",NA,"HARTWELL_database_Master_2011-2024_CLEANED.txt",NA
"338","MDSEQ 0297","4/6/15",NA,"Al Diri, Issam",NA,51510,"447991","51510-447991","ChIP-Seq",NA,NA,"mouse",NA,"Need library prep",NA,"HARTWELL_database_Master_2011-2024_CLEANED.txt",NA
"339","MDSEQ 0298","4/6/15",NA,"Al Diri, Issam",NA,51510,"447992","51510-447992","ChIP-Seq",NA,NA,"mouse",NA,"Need library prep",NA,"HARTWELL_database_Master_2011-2024_CLEANED.txt",NA
"340","MDSEQ 0299","4/6/15",NA,"Al Diri, Issam",NA,51510,"447993","51510-447993","ChIP-Seq",NA,NA,"mouse",NA,"Need library prep",NA,"HARTWELL_database_Master_2011-2024_CLEANED.txt",NA
"341","MDSEQ 0300","4/6/15",NA,"Al Diri, Issam",NA,51510,"447994","51510-447994","ChIP-Seq",NA,NA,"human",NA,"Need library prep",NA,"HARTWELL_database_Master_2011-2024_CLEANED.txt",NA
"342","MDSEQ 0301","4/6/15",NA,"Al Diri, Issam",NA,51510,"447995","51510-447995","ChIP-Seq",NA,NA,"human",NA,"Need library prep",NA,"HARTWELL_database_Master_2011-2024_CLEANED.txt",NA
"343","MDSEQ 0302","4/6/15",NA,"Al Diri, Issam",NA,51510,"447996","51510-447996","ChIP-Seq",NA,NA,"human",NA,"Need library prep",NA,"HARTWELL_database_Master_2011-2024_CLEANED.txt",NA
"344","MDSEQ 0303","4/6/15",NA,"Al Diri, Issam",NA,51510,"447997","51510-447997","ChIP-Seq",NA,NA,"human",NA,"Need library prep",NA,"HARTWELL_database_Master_2011-2024_CLEANED.txt",NA
"345","MDSEQ 0304","4/6/15",NA,"Al Diri, Issam",NA,51510,"447998","51510-447998","ChIP-Seq",NA,NA,"human",NA,"Need library prep",NA,"HARTWELL_database_Master_2011-2024_CLEANED.txt",NA
"346","MDSEQ 0305","4/6/15",NA,"Al Diri, Issam",NA,51510,"447999","51510-447999","ChIP-Seq",NA,NA,"human",NA,"Need library prep",NA,"HARTWELL_database_Master_2011-2024_CLEANED.txt",NA
"347","MDSEQ 0306","4/6/15",NA,"Al Diri, Issam",NA,51510,"448000","51510-448000","ChIP-Seq",NA,NA,"human",NA,"Need library prep",NA,"HARTWELL_database_Master_2011-2024_CLEANED.txt",NA
"348","MDSEQ 0307","4/6/15",NA,"Al Diri, Issam",NA,51510,"448001","51510-448001","ChIP-Seq",NA,NA,"human",NA,"Need library prep",NA,"HARTWELL_database_Master_2011-2024_CLEANED.txt",NA
"349","MDSEQ 0308","4/20/15",NA,"Al Diri, Issam",NA,52496,"463552","52496-463552","ChIP-Seq",NA,NA,"mouse",NA,"ChIP-seq, Single, 50 bps",NA,"HARTWELL_database_Master_2011-2024_CLEANED.txt",NA
"350","MDSEQ 0309","4/20/15",NA,"Al Diri, Issam",NA,52496,"463553","52496-463553","ChIP-Seq",NA,NA,"mouse",NA,"ChIP-seq, Single, 50 bps",NA,"HARTWELL_database_Master_2011-2024_CLEANED.txt",NA
"351","MDSEQ 0310","4/20/15",NA,"Al Diri, Issam",NA,52496,"463554","52496-463554","ChIP-Seq",NA,NA,"mouse",NA,"ChIP-seq, Single, 50 bps",NA,"HARTWELL_database_Master_2011-2024_CLEANED.txt",NA
"352","MDSEQ 0311","4/20/15",NA,"Al Diri, Issam",NA,52496,"463555","52496-463555","ChIP-Seq",NA,NA,"mouse",NA,"ChIP-seq, Single, 50 bps",NA,"HARTWELL_database_Master_2011-2024_CLEANED.txt",NA
"353","MDSEQ 0312","4/20/15",NA,"Al Diri, Issam",NA,52496,"463556","52496-463556","ChIP-Seq",NA,NA,"mouse",NA,"ChIP-seq, Single, 50 bps",NA,"HARTWELL_database_Master_2011-2024_CLEANED.txt",NA
"354","MDSEQ 0313","4/20/15",NA,"Al Diri, Issam",NA,52496,"463557","52496-463557","ChIP-Seq",NA,NA,"mouse",NA,"ChIP-seq, Single, 50 bps",NA,"HARTWELL_database_Master_2011-2024_CLEANED.txt",NA
"355","MDSEQ 0314","4/20/15",NA,"Al Diri, Issam",NA,52496,"463558","52496-463558","ChIP-Seq",NA,NA,"mouse",NA,"ChIP-seq, Single, 50 bps",NA,"HARTWELL_database_Master_2011-2024_CLEANED.txt",NA
"356","MDSEQ 0315","4/20/15",NA,"Al Diri, Issam",NA,52496,"463559","52496-463559","ChIP-Seq",NA,NA,"mouse",NA,"ChIP-seq, Single, 50 bps",NA,"HARTWELL_database_Master_2011-2024_CLEANED.txt",NA
"357","MDSEQ 0316","4/20/15",NA,"Al Diri, Issam",NA,52496,"463560","52496-463560","ChIP-Seq",NA,NA,"mouse",NA,"ChIP-seq, Single, 50 bps",NA,"HARTWELL_database_Master_2011-2024_CLEANED.txt",NA
"358","MDSEQ 0317","4/20/15",NA,"Al Diri, Issam",NA,52496,"463561","52496-463561","ChIP-Seq",NA,NA,"human",NA,"ChIP-seq, Single, 50 bps",NA,"HARTWELL_database_Master_2011-2024_CLEANED.txt",NA
"359","MDSEQ 0318","4/20/15",NA,"Al Diri, Issam",NA,52496,"463562","52496-463562","ChIP-Seq",NA,NA,"human",NA,"ChIP-seq, Single, 50 bps",NA,"HARTWELL_database_Master_2011-2024_CLEANED.txt",NA
"360","MDSEQ 0319","4/20/15",NA,"Al Diri, Issam",NA,52496,"463563","52496-463563","ChIP-Seq",NA,NA,"human",NA,"ChIP-seq, Single, 50 bps",NA,"HARTWELL_database_Master_2011-2024_CLEANED.txt",NA
"361","MDSEQ 0320","4/20/15",NA,"Al Diri, Issam",NA,52496,"463564","52496-463564","ChIP-Seq",NA,NA,"human",NA,"ChIP-seq, Single, 50 bps",NA,"HARTWELL_database_Master_2011-2024_CLEANED.txt",NA
"362","MDSEQ 0321","4/20/15",NA,"Al Diri, Issam",NA,52496,"463565","52496-463565","ChIP-Seq",NA,NA,"human",NA,"ChIP-seq, Single, 50 bps",NA,"HARTWELL_database_Master_2011-2024_CLEANED.txt",NA
"363","MDSEQ 0322","4/20/15",NA,"Al Diri, Issam",NA,52496,"463566","52496-463566","ChIP-Seq",NA,NA,"human",NA,"ChIP-seq, Single, 50 bps",NA,"HARTWELL_database_Master_2011-2024_CLEANED.txt",NA
"364","MDSEQ 0323","4/20/15",NA,"Al Diri, Issam",NA,52496,"463567","52496-463567","ChIP-Seq",NA,NA,"human",NA,"ChIP-seq, Single, 50 bps",NA,"HARTWELL_database_Master_2011-2024_CLEANED.txt",NA
"365","MDSEQ 0324","4/20/15",NA,"Al Diri, Issam",NA,52496,"463568","52496-463568","ChIP-Seq",NA,NA,"human",NA,"ChIP-seq, Single, 50 bps",NA,"HARTWELL_database_Master_2011-2024_CLEANED.txt",NA
"366","MDSEQ 0325","4/20/15",NA,"Al Diri, Issam",NA,52496,"463569","52496-463569","ChIP-Seq",NA,NA,"human",NA,"ChIP-seq, Single, 50 bps",NA,"HARTWELL_database_Master_2011-2024_CLEANED.txt",NA
"367","MDSEQ 0326","4/20/15",NA,"Al Diri, Issam",NA,52496,"463570","52496-463570","ChIP-Seq",NA,NA,"human",NA,"ChIP-seq, Single, 50 bps",NA,"HARTWELL_database_Master_2011-2024_CLEANED.txt",NA
"368","MDSEQ 0327","4/29/15",NA,"Al Diri, Issam",NA,53296,"471859","53296-471859","ChIP-Seq",NA,NA,"mouse",NA,"Library preped by Active Motif",NA,"HARTWELL_database_Master_2011-2024_CLEANED.txt",NA
"369","MDSEQ 0328","4/29/15",NA,"Al Diri, Issam",NA,53296,"471860","53296-471860","ChIP-Seq",NA,NA,"mouse",NA,"Library preped by Active Motif",NA,"HARTWELL_database_Master_2011-2024_CLEANED.txt",NA
"370","MDSEQ 0329","4/29/15",NA,"Al Diri, Issam",NA,53296,"471861","53296-471861","ChIP-Seq",NA,NA,"mouse",NA,"Library preped by Active Motif",NA,"HARTWELL_database_Master_2011-2024_CLEANED.txt",NA
"371","MDSEQ 0330","4/29/15",NA,"Al Diri, Issam",NA,53296,"471862","53296-471862","ChIP-Seq",NA,NA,"mouse",NA,"Library preped by Active Motif",NA,"HARTWELL_database_Master_2011-2024_CLEANED.txt",NA
"372","MDSEQ 0331","4/29/15",NA,"Al Diri, Issam",NA,53296,"471863","53296-471863","ChIP-Seq",NA,NA,"mouse",NA,"Library preped by Active Motif",NA,"HARTWELL_database_Master_2011-2024_CLEANED.txt",NA
"373","MDSEQ 0332","5/11/15",NA,"Al Diri, Issam",NA,54006,"480981","54006-480981","ChIP-Seq",NA,NA,"mouse",NA,"ChIP-seq, Single, 50 bps",NA,"HARTWELL_database_Master_2011-2024_CLEANED.txt",NA
"374","MDSEQ 0333","5/11/15",NA,"Al Diri, Issam",NA,54006,"480982","54006-480982","ChIP-Seq",NA,NA,"mouse",NA,"ChIP-seq, Single, 50 bps",NA,"HARTWELL_database_Master_2011-2024_CLEANED.txt",NA
"375","MDSEQ 0334","5/11/15",NA,"Al Diri, Issam",NA,54006,"480983","54006-480983","ChIP-Seq",NA,NA,"mouse",NA,"ChIP-seq, Single, 50 bps",NA,"HARTWELL_database_Master_2011-2024_CLEANED.txt",NA
"376","MDSEQ 0335","5/11/15",NA,"Al Diri, Issam",NA,54006,"480984","54006-480984","ChIP-Seq",NA,NA,"mouse",NA,"ChIP-seq, Single, 50 bps",NA,"HARTWELL_database_Master_2011-2024_CLEANED.txt",NA
"377","MDSEQ 0336","5/27/15",NA,"Al Diri, Issam",NA,55082,"493077","55082-493077","ChIP-Seq",NA,NA,"mouse",NA,"ChIP-seq, Single, 50 bps",NA,"HARTWELL_database_Master_2011-2024_CLEANED.txt",NA
"378","MDSEQ 0337","5/27/15",NA,"Al Diri, Issam",NA,55082,"493078","55082-493078","ChIP-Seq",NA,NA,"mouse",NA,"ChIP-seq, Single, 50 bps",NA,"HARTWELL_database_Master_2011-2024_CLEANED.txt",NA
"379","MDSEQ 0338","5/27/15",NA,"Al Diri, Issam",NA,55082,"493079","55082-493079","ChIP-Seq",NA,NA,"human",NA,"ChIP-seq, Single, 50 bps",NA,"HARTWELL_database_Master_2011-2024_CLEANED.txt",NA
"380","MDSEQ 0339","5/27/15",NA,"Al Diri, Issam",NA,55082,"493080","55082-493080","ChIP-Seq",NA,NA,"human",NA,"ChIP-seq, Single, 50 bps",NA,"HARTWELL_database_Master_2011-2024_CLEANED.txt",NA
"381","MDSEQ 0340","5/27/15",NA,"Al Diri, Issam",NA,55082,"493081","55082-493081","ChIP-Seq",NA,NA,"human",NA,"ChIP-seq, Single, 50 bps",NA,"HARTWELL_database_Master_2011-2024_CLEANED.txt",NA
"382","MDSEQ 0341","6/1/15",NA,"Al Diri, Issam",NA,55354,"495787","55354-495787","ChIP-Seq",NA,NA,"mouse",NA,"Active Motif libraryperped",NA,"HARTWELL_database_Master_2011-2024_CLEANED.txt",NA
"383","MDSEQ 0342","6/1/15",NA,"Al Diri, Issam",NA,55354,"495788","55354-495788","ChIP-Seq",NA,NA,"mouse",NA,"Active Motif libraryperped",NA,"HARTWELL_database_Master_2011-2024_CLEANED.txt",NA
"384","MDSEQ 0343","6/1/15",NA,"Al Diri, Issam",NA,55354,"495789","55354-495789","ChIP-Seq",NA,NA,"mouse",NA,"Active Motif libraryperped",NA,"HARTWELL_database_Master_2011-2024_CLEANED.txt",NA
"385","MDSEQ 0344","6/1/15",NA,"Al Diri, Issam",NA,55354,"495790","55354-495790","ChIP-Seq",NA,NA,"human",NA,"Active Motif libraryperped",NA,"HARTWELL_database_Master_2011-2024_CLEANED.txt",NA
"386","MDSEQ 0345","6/1/15",NA,"Al Diri, Issam",NA,55354,"495791","55354-495791","ChIP-Seq",NA,NA,"human",NA,"Active Motif libraryperped",NA,"HARTWELL_database_Master_2011-2024_CLEANED.txt",NA
"387","MDSEQ 0346","6/1/15",NA,"Al Diri, Issam",NA,55354,"495792","55354-495792","ChIP-Seq",NA,NA,"human",NA,"Active Motif libraryperped",NA,"HARTWELL_database_Master_2011-2024_CLEANED.txt",NA
"388","MDSEQ 0347","6/1/15",NA,"Al Diri, Issam",NA,55354,"495793","55354-495793","ChIP-Seq",NA,NA,"human",NA,"Active Motif libraryperped",NA,"HARTWELL_database_Master_2011-2024_CLEANED.txt",NA
"389","MDSEQ 0348","6/1/15",NA,"Al Diri, Issam",NA,55354,"495794","55354-495794","ChIP-Seq",NA,NA,"human",NA,"Active Motif libraryperped",NA,"HARTWELL_database_Master_2011-2024_CLEANED.txt",NA
"390","MDSEQ 0349","6/1/15",NA,"Al Diri, Issam",NA,55354,"495795","55354-495795","ChIP-Seq",NA,NA,"mouse",NA,"ChIP-seq, Single, 50 bps",NA,"HARTWELL_database_Master_2011-2024_CLEANED.txt",NA
"391","MDSEQ 0350","6/1/15",NA,"Al Diri, Issam",NA,55354,"495796","55354-495796","ChIP-Seq",NA,NA,"mouse",NA,"ChIP-seq, Single, 50 bps",NA,"HARTWELL_database_Master_2011-2024_CLEANED.txt",NA
"392","MDSEQ 0351","6/1/15",NA,"Al Diri, Issam",NA,55354,"495797","55354-495797","ChIP-Seq",NA,NA,"mouse",NA,"ChIP-seq, Single, 50 bps",NA,"HARTWELL_database_Master_2011-2024_CLEANED.txt",NA
"393","MDSEQ 0352","6/1/15",NA,"Al Diri, Issam",NA,55354,"495798","55354-495798","ChIP-Seq",NA,NA,"mouse",NA,"ChIP-seq, Single, 50 bps",NA,"HARTWELL_database_Master_2011-2024_CLEANED.txt",NA
"394","MDSEQ 0357","6/10/15",NA,"Al Diri, Issam",NA,56119,"504153","56119-504153","ChIP-Seq",NA,NA,"mouse",NA,"ChIP-seq, Single, 50 bps",NA,"HARTWELL_database_Master_2011-2024_CLEANED.txt",NA
"395","MDSEQ 0358","6/10/15",NA,"Al Diri, Issam",NA,56119,"504154","56119-504154","ChIP-Seq",NA,NA,"mouse",NA,"ChIP-seq, Single, 50 bps",NA,"HARTWELL_database_Master_2011-2024_CLEANED.txt",NA
"396","MDSEQ 0359","6/10/15",NA,"Al Diri, Issam",NA,56119,"504155","56119-504155","ChIP-Seq",NA,NA,"mouse",NA,"ChIP-seq, Single, 50 bps",NA,"HARTWELL_database_Master_2011-2024_CLEANED.txt",NA
"397","MDSEQ 0360","6/10/15",NA,"Al Diri, Issam",NA,56119,"504156","56119-504156","ChIP-Seq",NA,NA,"mouse",NA,"ChIP-seq, Single, 50 bps",NA,"HARTWELL_database_Master_2011-2024_CLEANED.txt",NA
"398","MDSEQ 0361","6/10/15",NA,"Al Diri, Issam",NA,56119,"504157","56119-504157","ChIP-Seq",NA,NA,"mouse",NA,"ChIP-seq, Single, 50 bps",NA,"HARTWELL_database_Master_2011-2024_CLEANED.txt",NA
"399","MDSEQ 0362","6/10/15",NA,"Al Diri, Issam",NA,56119,"504158","56119-504158","ChIP-Seq",NA,NA,"mouse",NA,"ChIP-seq, Single, 50 bps",NA,"HARTWELL_database_Master_2011-2024_CLEANED.txt",NA
"400","MDSEQ 0363","6/10/15",NA,"Al Diri, Issam",NA,56119,"504159","56119-504159","ChIP-Seq",NA,NA,"mouse",NA,"ChIP-seq, Single, 50 bps",NA,"HARTWELL_database_Master_2011-2024_CLEANED.txt",NA
"401","MDSEQ 0364","6/17/15",NA,"Al Diri, Issam",NA,56692,"511274","56692-511274","ChIP-Seq",NA,NA,"human",NA,"library prep by Active Motif",NA,"HARTWELL_database_Master_2011-2024_CLEANED.txt",NA
"402","MDSEQ 0365","6/17/15",NA,"Al Diri, Issam",NA,56692,"511275","56692-511275","ChIP-Seq",NA,NA,"human",NA,"library prep by Active Motif",NA,"HARTWELL_database_Master_2011-2024_CLEANED.txt",NA
"403","MDSEQ 0366","6/17/15",NA,"Al Diri, Issam",NA,56692,"511276","56692-511276","ChIP-Seq",NA,NA,"human",NA,"library prep by Active Motif",NA,"HARTWELL_database_Master_2011-2024_CLEANED.txt",NA
"404","MDSEQ 0367","6/17/15",NA,"Al Diri, Issam",NA,56692,"511277","56692-511277","ChIP-Seq",NA,NA,"human",NA,"library prep by Active Motif",NA,"HARTWELL_database_Master_2011-2024_CLEANED.txt",NA
"405","MDSEQ 0368","6/17/15",NA,"Al Diri, Issam",NA,56692,"511278","56692-511278","ChIP-Seq",NA,NA,"human",NA,"library prep by Active Motif",NA,"HARTWELL_database_Master_2011-2024_CLEANED.txt",NA
"406","MDSEQ 0369","6/17/15",NA,"Al Diri, Issam",NA,56692,"511279","56692-511279","ChIP-Seq",NA,NA,"human",NA,"library prep by Active Motif",NA,"HARTWELL_database_Master_2011-2024_CLEANED.txt",NA
"407","MDSEQ 0370","6/17/15",NA,"Al Diri, Issam",NA,56692,"511280","56692-511280","ChIP-Seq",NA,NA,"human",NA,"library prep by Active Motif",NA,"HARTWELL_database_Master_2011-2024_CLEANED.txt",NA
"408","MDSEQ 0371","6/17/15",NA,"Al Diri, Issam",NA,56692,"511281","56692-511281","ChIP-Seq",NA,NA,"human",NA,"library prep by Active Motif",NA,"HARTWELL_database_Master_2011-2024_CLEANED.txt",NA
"409","MDSEQ 0372","6/17/15",NA,"Al Diri, Issam",NA,56692,"511282","56692-511282","ChIP-Seq",NA,NA,"human",NA,"library prep by Active Motif",NA,"HARTWELL_database_Master_2011-2024_CLEANED.txt",NA
"410","MDSEQ 0373","6/17/15",NA,"Al Diri, Issam",NA,56692,"511283","56692-511283","ChIP-Seq",NA,NA,"human",NA,"library prep by Active Motif",NA,"HARTWELL_database_Master_2011-2024_CLEANED.txt",NA
"411","MDSEQ 0374","6/17/15",NA,"Al Diri, Issam",NA,56692,"511284","56692-511284","ChIP-Seq",NA,NA,"human",NA,"library prep by Active Motif",NA,"HARTWELL_database_Master_2011-2024_CLEANED.txt",NA
"412","MDSEQ 0375","6/17/15",NA,"Al Diri, Issam",NA,56692,"511285","56692-511285","ChIP-Seq",NA,NA,"human",NA,"library prep by Active Motif",NA,"HARTWELL_database_Master_2011-2024_CLEANED.txt",NA
"413","MDSEQ 0376","6/17/15",NA,"Al Diri, Issam",NA,56692,"511286","56692-511286","ChIP-Seq",NA,NA,"human",NA,"library prep by Active Motif",NA,"HARTWELL_database_Master_2011-2024_CLEANED.txt",NA
"414","MDSEQ 0377","6/17/15",NA,"Al Diri, Issam",NA,56692,"511287","56692-511287","ChIP-Seq",NA,NA,"human",NA,"library prep by Active Motif",NA,"HARTWELL_database_Master_2011-2024_CLEANED.txt",NA
"415","MDSEQ 0378","6/17/15",NA,"Al Diri, Issam",NA,56692,"511288","56692-511288","ChIP-Seq",NA,NA,"human",NA,"library prep by Active Motif",NA,"HARTWELL_database_Master_2011-2024_CLEANED.txt",NA
"416","MDSEQ 0379","6/17/15",NA,"Al Diri, Issam",NA,56692,"511289","56692-511289","ChIP-Seq",NA,NA,"human",NA,"library prep by Active Motif",NA,"HARTWELL_database_Master_2011-2024_CLEANED.txt",NA
"417","MDSEQ 0380","6/24/15",NA,"Al Diri, Issam",NA,57202,"518846","57202-518846","ChIP-Seq",NA,NA,"human",NA,"ChIP-seq, Single, 50 bps",NA,"HARTWELL_database_Master_2011-2024_CLEANED.txt",NA
"418","MDSEQ 0381","6/24/15",NA,"Al Diri, Issam",NA,57202,"518847","57202-518847","ChIP-Seq",NA,NA,"human",NA,"ChIP-seq, Single, 50 bps",NA,"HARTWELL_database_Master_2011-2024_CLEANED.txt",NA
"419","MDSEQ 0382","6/24/15",NA,"Al Diri, Issam",NA,57202,"518848","57202-518848","ChIP-Seq",NA,NA,"human",NA,"ChIP-seq, Single, 50 bps",NA,"HARTWELL_database_Master_2011-2024_CLEANED.txt",NA
"420","MDSEQ 0383","6/24/15",NA,"Al Diri, Issam",NA,57202,"518849","57202-518849","ChIP-Seq",NA,NA,"human",NA,"ChIP-seq, Single, 50 bps",NA,"HARTWELL_database_Master_2011-2024_CLEANED.txt",NA
"421","MDSEQ 0384","6/24/15",NA,"Al Diri, Issam",NA,57202,"518850","57202-518850","ChIP-Seq",NA,NA,"human",NA,"ChIP-seq, Single, 50 bps",NA,"HARTWELL_database_Master_2011-2024_CLEANED.txt",NA
"422","MDSEQ 0385","6/24/15",NA,"Al Diri, Issam",NA,57202,"518851","57202-518851","ChIP-Seq",NA,NA,"human",NA,"ChIP-seq, Single, 50 bps",NA,"HARTWELL_database_Master_2011-2024_CLEANED.txt",NA
"423","MDSEQ 0386","6/24/15",NA,"Al Diri, Issam",NA,57202,"518852","57202-518852","ChIP-Seq",NA,NA,"human",NA,"ChIP-seq, Single, 50 bps",NA,"HARTWELL_database_Master_2011-2024_CLEANED.txt",NA
"424","MDSEQ 0387","6/24/15",NA,"Al Diri, Issam",NA,57202,"518853","57202-518853","ChIP-Seq",NA,NA,"human",NA,"ChIP-seq, Single, 50 bps",NA,"HARTWELL_database_Master_2011-2024_CLEANED.txt",NA
"425","MDSEQ 0388","6/24/15",NA,"Al Diri, Issam",NA,57202,"518854","57202-518854","ChIP-Seq",NA,NA,"human",NA,"ChIP-seq, Single, 50 bps",NA,"HARTWELL_database_Master_2011-2024_CLEANED.txt",NA
"426","MDSEQ 0389","6/24/15",NA,"Al Diri, Issam",NA,57202,"518855","57202-518855","ChIP-Seq",NA,NA,"human",NA,"ChIP-seq, Single, 50 bps",NA,"HARTWELL_database_Master_2011-2024_CLEANED.txt",NA
"427","MDSEQ 0390","6/24/15",NA,"Al Diri, Issam",NA,57202,"518856","57202-518856","ChIP-Seq",NA,NA,"human",NA,"ChIP-seq, Single, 50 bps",NA,"HARTWELL_database_Master_2011-2024_CLEANED.txt",NA
"428","MDSEQ 0391","6/24/15",NA,"Al Diri, Issam",NA,57202,"518857","57202-518857","ChIP-Seq",NA,NA,"human",NA,"ChIP-seq, Single, 50 bps",NA,"HARTWELL_database_Master_2011-2024_CLEANED.txt",NA
"429","MDSEQ 0392","6/24/15",NA,"Al Diri, Issam",NA,57202,"518858","57202-518858","ChIP-Seq",NA,NA,"human",NA,"ChIP-seq, Single, 50 bps",NA,"HARTWELL_database_Master_2011-2024_CLEANED.txt",NA
"430","MDSEQ 0393","6/24/15",NA,"Al Diri, Issam",NA,57202,"518859","57202-518859","ChIP-Seq",NA,NA,"human",NA,"ChIP-seq, Single, 50 bps",NA,"HARTWELL_database_Master_2011-2024_CLEANED.txt",NA
"431","MDSEQ 0394","6/24/15",NA,"Al Diri, Issam",NA,57202,"518860","57202-518860","ChIP-Seq",NA,NA,"human",NA,"ChIP-seq, Single, 50 bps",NA,"HARTWELL_database_Master_2011-2024_CLEANED.txt",NA
"432","MDSEQ 0395","6/24/15",NA,"Al Diri, Issam",NA,57202,"518861","57202-518861","ChIP-Seq",NA,NA,"human",NA,"ChIP-seq, Single, 50 bps",NA,"HARTWELL_database_Master_2011-2024_CLEANED.txt",NA
"433","MDSEQ 0398","7/23/15",NA,"Al Diri, Issam",NA,59319,"546510","59319-546510","ChIP-Seq",NA,NA,"mouse",NA,"Library prep by Active Motif",NA,"HARTWELL_database_Master_2011-2024_CLEANED.txt",NA
"434","MDSEQ 0399","7/23/15",NA,"Al Diri, Issam",NA,59319,"546511","59319-546511","ChIP-Seq",NA,NA,"mouse",NA,"Library prep by Active Motif",NA,"HARTWELL_database_Master_2011-2024_CLEANED.txt",NA
"435","MDSEQ 0400","7/23/15",NA,"Al Diri, Issam",NA,59319,"546512","59319-546512","ChIP-Seq",NA,NA,"mouse",NA,"Library prep by Active Motif",NA,"HARTWELL_database_Master_2011-2024_CLEANED.txt",NA
"436","MDSEQ 0401","7/23/15",NA,"Al Diri, Issam",NA,59319,"546513","59319-546513","ChIP-Seq",NA,NA,"mouse",NA,"Library prep by Active Motif",NA,"HARTWELL_database_Master_2011-2024_CLEANED.txt",NA
"437","MDSEQ 0402","8/6/15",NA,"Al Diri, Issam",NA,60195,"556353","60195-556353","ChIP-Seq",NA,NA,"human",NA,"Library prep by Active Motif",NA,"HARTWELL_database_Master_2011-2024_CLEANED.txt",NA
"438","MDSEQ 0403","8/6/15",NA,"Al Diri, Issam",NA,60195,"556354","60195-556354","ChIP-Seq",NA,NA,"human",NA,"Library prep by Active Motif",NA,"HARTWELL_database_Master_2011-2024_CLEANED.txt",NA
"439","MDSEQ 0404","8/6/15",NA,"Al Diri, Issam",NA,60195,"556355","60195-556355","ChIP-Seq",NA,NA,"human",NA,"Library prep by Active Motif",NA,"HARTWELL_database_Master_2011-2024_CLEANED.txt",NA
"440","MDSEQ 0405","8/6/15",NA,"Al Diri, Issam",NA,60195,"556356","60195-556356","ChIP-Seq",NA,NA,"human",NA,"Library prep by Active Motif",NA,"HARTWELL_database_Master_2011-2024_CLEANED.txt",NA
"441","MDSEQ 0406","8/18/15",NA,"Al Diri, Issam",NA,60987,"571520","60987-571520","ChIP-Seq",NA,NA,"mouse",NA,"ChIP-seq, Single, 50 bps",NA,"HARTWELL_database_Master_2011-2024_CLEANED.txt",NA
"442","MDSEQ 0407","8/18/15",NA,"Al Diri, Issam",NA,60987,"571521","60987-571521","ChIP-Seq",NA,NA,"mouse",NA,"ChIP-seq, Single, 50 bps",NA,"HARTWELL_database_Master_2011-2024_CLEANED.txt",NA
"443","MDSEQ 0408","8/18/15",NA,"Al Diri, Issam",NA,60987,"571522","60987-571522","ChIP-Seq",NA,NA,"mouse",NA,"ChIP-seq, Single, 50 bps",NA,"HARTWELL_database_Master_2011-2024_CLEANED.txt",NA
"444","MDSEQ 0409","8/18/15",NA,"Al Diri, Issam",NA,60987,"571523","60987-571523","ChIP-Seq",NA,NA,"mouse",NA,"ChIP-seq, Single, 50 bps",NA,"HARTWELL_database_Master_2011-2024_CLEANED.txt",NA
"445","MDSEQ 0410","8/18/15",NA,"Al Diri, Issam",NA,60987,"571524","60987-571524","ChIP-Seq",NA,NA,"mouse",NA,"ChIP-seq, Single, 50 bps",NA,"HARTWELL_database_Master_2011-2024_CLEANED.txt",NA
"446","MDSEQ 0411","8/18/15",NA,"Al Diri, Issam",NA,60987,"571525","60987-571525","ChIP-Seq",NA,NA,"mouse",NA,"ChIP-seq, Single, 50 bps",NA,"HARTWELL_database_Master_2011-2024_CLEANED.txt",NA
"447","MDSEQ 0412","8/18/15",NA,"Al Diri, Issam",NA,60987,"571526","60987-571526","ChIP-Seq",NA,NA,"mouse",NA,"ChIP-seq, Single, 50 bps",NA,"HARTWELL_database_Master_2011-2024_CLEANED.txt",NA
"448","MDSEQ 0413","8/18/15",NA,"Al Diri, Issam",NA,60987,"571527","60987-571527","ChIP-Seq",NA,NA,"mouse",NA,"ChIP-seq, Single, 50 bps",NA,"HARTWELL_database_Master_2011-2024_CLEANED.txt",NA
"449","MDSEQ 0414","8/27/15",NA,"Al Diri, Issam",NA,61734,"581730","61734-581730","ChIP-Seq",NA,NA,"mouse",NA,"ChIP-seq, Single, 50 bps",NA,"HARTWELL_database_Master_2011-2024_CLEANED.txt",NA
"450","MDSEQ 0415","8/27/15",NA,"Al Diri, Issam",NA,61734,"581731","61734-581731","ChIP-Seq",NA,NA,"mouse",NA,"ChIP-seq, Single, 50 bps",NA,"HARTWELL_database_Master_2011-2024_CLEANED.txt",NA
"451","MDSEQ 0416","8/27/15",NA,"Al Diri, Issam",NA,61734,"581732","61734-581732","ChIP-Seq",NA,NA,"mouse",NA,"ChIP-seq, Single, 50 bps",NA,"HARTWELL_database_Master_2011-2024_CLEANED.txt",NA
"452","MDSEQ 0440","9/16/15",NA,"Al Diri, Issam",NA,63180,"599628","63180-599628","ChIP-Seq",NA,NA,"human",NA,"ChIP-seq, Single, 50 bps",NA,"HARTWELL_database_Master_2011-2024_CLEANED.txt",NA
"453","MDSEQ 0441","9/16/15",NA,"Al Diri, Issam",NA,63180,"599629","63180-599629","ChIP-Seq",NA,NA,"human",NA,"ChIP-seq, Single, 50 bps",NA,"HARTWELL_database_Master_2011-2024_CLEANED.txt",NA
"454","MDSEQ 0442","9/16/15",NA,"Al Diri, Issam",NA,63180,"599630","63180-599630","ChIP-Seq",NA,NA,"human",NA,"ChIP-seq, Single, 50 bps",NA,"HARTWELL_database_Master_2011-2024_CLEANED.txt",NA
"455","MDSEQ 0443","9/16/15",NA,"Al Diri, Issam",NA,63191,"599694","63191-599694","ChIP-Seq",NA,NA,"human",NA,"ChIP-seq, Single, 50 bps",NA,"HARTWELL_database_Master_2011-2024_CLEANED.txt",NA
"456","MDSEQ 0474","10/16/15",NA,"Al Diri, Issam",NA,65398,"624200","65398-624200","ChIP-Seq",NA,NA,"human",NA,"ChIP-seq, Single, 50 bps",NA,"HARTWELL_database_Master_2011-2024_CLEANED.txt",NA
"457","MDSEQ 0475","10/16/15",NA,"Al Diri, Issam",NA,65398,"624201","65398-624201","ChIP-Seq",NA,NA,"human",NA,"ChIP-seq, Single, 50 bps",NA,"HARTWELL_database_Master_2011-2024_CLEANED.txt",NA
"458","MDSEQ 0476","10/16/15",NA,"Al Diri, Issam",NA,65398,"624202","65398-624202","ChIP-Seq",NA,NA,"human",NA,"ChIP-seq, Single, 50 bps",NA,"HARTWELL_database_Master_2011-2024_CLEANED.txt",NA
"459","MDSEQ 0477","10/16/15",NA,"Al Diri, Issam",NA,65398,"624203","65398-624203","ChIP-Seq",NA,NA,"human",NA,"ChIP-seq, Single, 50 bps",NA,"HARTWELL_database_Master_2011-2024_CLEANED.txt",NA
"460","MDSEQ 0478","10/16/15",NA,"Al Diri, Issam",NA,65398,"624204","65398-624204","ChIP-Seq",NA,NA,"mouse",NA,"ChIP-seq, Single, 50 bps",NA,"HARTWELL_database_Master_2011-2024_CLEANED.txt",NA
"461","MDSEQ 0479","10/16/15",NA,"Al Diri, Issam",NA,65398,"624205","65398-624205","ChIP-Seq",NA,NA,"mouse",NA,"ChIP-seq, Single, 50 bps",NA,"HARTWELL_database_Master_2011-2024_CLEANED.txt",NA
"462","MDSEQ 0480","10/16/15",NA,"Al Diri, Issam",NA,65398,"624206","65398-624206","ChIP-Seq",NA,NA,"human",NA,"ChIP-seq, Single, 50 bps",NA,"HARTWELL_database_Master_2011-2024_CLEANED.txt",NA
"463","MDSEQ 0481","10/16/15",NA,"Al Diri, Issam",NA,65398,"624207","65398-624207","ChIP-Seq",NA,NA,"mouse",NA,"ChIP-seq, Single, 50 bps",NA,"HARTWELL_database_Master_2011-2024_CLEANED.txt",NA
"464","MDSEQ 0490","10/26/15",NA,"Al Diri, Issam",NA,66075,"632286","66075-632286","ChIP-Seq",NA,NA,"mouse",NA,"ChIP-seq, Single, 50 bps",NA,"HARTWELL_database_Master_2011-2024_CLEANED.txt",NA
"465","MDSEQ 0491","10/26/15",NA,"Al Diri, Issam",NA,66075,"632287","66075-632287","ChIP-Seq",NA,NA,"mouse",NA,"ChIP-seq, Single, 50 bps",NA,"HARTWELL_database_Master_2011-2024_CLEANED.txt",NA
"466","MDSEQ 0492","10/26/15",NA,"Al Diri, Issam",NA,66075,"632288","66075-632288","ChIP-Seq",NA,NA,"mouse",NA,"ChIP-seq, Single, 50 bps",NA,"HARTWELL_database_Master_2011-2024_CLEANED.txt",NA
"467","MDSEQ 0493","10/26/15",NA,"Al Diri, Issam",NA,66075,"632289","66075-632289","ChIP-Seq",NA,NA,"mouse",NA,"ChIP-seq, Single, 50 bps",NA,"HARTWELL_database_Master_2011-2024_CLEANED.txt",NA
"468","MDSEQ 0494","10/26/15",NA,"Al Diri, Issam",NA,66075,"632290","66075-632290","ChIP-Seq",NA,NA,"mouse",NA,"ChIP-seq, Single, 50 bps",NA,"HARTWELL_database_Master_2011-2024_CLEANED.txt",NA
"469","MDSEQ 0508","10/30/15",NA,"Al Diri, Issam",NA,66452,"636754","66452-636754","ChIP-Seq",NA,NA,"mouse",NA,"ChIP-seq, Single, 50 bps",NA,"HARTWELL_database_Master_2011-2024_CLEANED.txt",NA
"470","MDSEQ 0509","10/30/15",NA,"Al Diri, Issam",NA,66452,"636755","66452-636755","ChIP-Seq",NA,NA,"mouse",NA,"ChIP-seq, Single, 50 bps",NA,"HARTWELL_database_Master_2011-2024_CLEANED.txt",NA
"471","MDSEQ 0510","10/30/15",NA,"Al Diri, Issam",NA,66452,"636756","66452-636756","ChIP-Seq",NA,NA,"mouse",NA,"ChIP-seq, Single, 50 bps",NA,"HARTWELL_database_Master_2011-2024_CLEANED.txt",NA
"472","MDSEQ 0511","10/30/15",NA,"Al Diri, Issam",NA,66452,"636757","66452-636757","ChIP-Seq",NA,NA,"mouse",NA,"ChIP-seq, Single, 50 bps",NA,"HARTWELL_database_Master_2011-2024_CLEANED.txt",NA
"473","MDSEQ 0512","10/30/15",NA,"Al Diri, Issam",NA,66452,"636758","66452-636758","ChIP-Seq",NA,NA,"mouse",NA,"ChIP-seq, Single, 50 bps",NA,"HARTWELL_database_Master_2011-2024_CLEANED.txt",NA
"474","MDSEQ 0513","10/30/15",NA,"Al Diri, Issam",NA,66452,"636759","66452-636759","ChIP-Seq",NA,NA,"mouse",NA,"ChIP-seq, Single, 50 bps",NA,"HARTWELL_database_Master_2011-2024_CLEANED.txt",NA
"475","MDSEQ 0514","10/30/15",NA,"Al Diri, Issam",NA,66452,"636760","66452-636760","ChIP-Seq",NA,NA,"mouse",NA,"ChIP-seq, Single, 50 bps",NA,"HARTWELL_database_Master_2011-2024_CLEANED.txt",NA
"476","MDSEQ 0515","10/30/15",NA,"Al Diri, Issam",NA,66452,"636761","66452-636761","ChIP-Seq",NA,NA,"mouse",NA,"ChIP-seq, Single, 50 bps",NA,"HARTWELL_database_Master_2011-2024_CLEANED.txt",NA
"477","MDSEQ 0516","10/30/15",NA,"Al Diri, Issam",NA,66452,"636762","66452-636762","ChIP-Seq",NA,NA,"mouse",NA,"ChIP-seq, Single, 50 bps",NA,"HARTWELL_database_Master_2011-2024_CLEANED.txt",NA
"478","MDSEQ 0517","10/30/15",NA,"Al Diri, Issam",NA,66452,"636763","66452-636763","ChIP-Seq",NA,NA,"mouse",NA,"ChIP-seq, Single, 50 bps",NA,"HARTWELL_database_Master_2011-2024_CLEANED.txt",NA
"479","MDSEQ 0518","10/30/15",NA,"Al Diri, Issam",NA,66452,"636764","66452-636764","ChIP-Seq",NA,NA,"mouse",NA,"ChIP-seq, Single, 50 bps",NA,"HARTWELL_database_Master_2011-2024_CLEANED.txt",NA
"480","MDSEQ 0519","10/30/15",NA,"Al Diri, Issam",NA,66452,"636765","66452-636765","ChIP-Seq",NA,NA,"mouse",NA,"ChIP-seq, Single, 50 bps",NA,"HARTWELL_database_Master_2011-2024_CLEANED.txt",NA
"481","MDSEQ 0520","10/30/15",NA,"Al Diri, Issam",NA,66452,"636766","66452-636766","ChIP-Seq",NA,NA,"mouse",NA,"ChIP-seq, Single, 50 bps",NA,"HARTWELL_database_Master_2011-2024_CLEANED.txt",NA
"482","MDSEQ 0521","10/30/15",NA,"Al Diri, Issam",NA,66452,"636767","66452-636767","ChIP-Seq",NA,NA,"mouse",NA,"ChIP-seq, Single, 50 bps",NA,"HARTWELL_database_Master_2011-2024_CLEANED.txt",NA
"483","MDSEQ 0522","10/30/15",NA,"Al Diri, Issam",NA,66452,"636768","66452-636768","ChIP-Seq",NA,NA,"mouse",NA,"ChIP-seq, Single, 50 bps",NA,"HARTWELL_database_Master_2011-2024_CLEANED.txt",NA
"484","MDSEQ 0523","10/30/15",NA,"Al Diri, Issam",NA,66452,"636769","66452-636769","ChIP-Seq",NA,NA,"mouse",NA,"ChIP-seq, Single, 50 bps",NA,"HARTWELL_database_Master_2011-2024_CLEANED.txt",NA
"485","MDSEQ 0524","10/30/15",NA,"Al Diri, Issam",NA,66452,"636770","66452-636770","ChIP-Seq",NA,NA,"mouse",NA,"ChIP-seq, Single, 50 bps",NA,"HARTWELL_database_Master_2011-2024_CLEANED.txt",NA
"486","MDSEQ 0525","10/30/15",NA,"Al Diri, Issam",NA,66452,"636771","66452-636771","ChIP-Seq",NA,NA,"mouse",NA,"ChIP-seq, Single, 50 bps",NA,"HARTWELL_database_Master_2011-2024_CLEANED.txt",NA
"487","MDSEQ 0526","10/30/15",NA,"Al Diri, Issam",NA,66452,"636772","66452-636772","ChIP-Seq",NA,NA,"mouse",NA,"ChIP-seq, Single, 50 bps",NA,"HARTWELL_database_Master_2011-2024_CLEANED.txt",NA
"488","MDSEQ 0527","10/30/15",NA,"Al Diri, Issam",NA,66452,"636773","66452-636773","ChIP-Seq",NA,NA,"mouse",NA,"ChIP-seq, Single, 50 bps",NA,"HARTWELL_database_Master_2011-2024_CLEANED.txt",NA
"489","MDSEQ 0560","11/17/15",NA,"Al Diri, Issam",NA,67775,"652037","67775-652037","Amplicon",NA,NA,"mouse",NA,"Amplicon, Paired, 250 bps",NA,"HARTWELL_database_Master_2011-2024_CLEANED.txt",NA
"490","MDSEQ 0561","11/17/15",NA,"Al Diri, Issam",NA,67775,"652038","67775-652038","Amplicon",NA,NA,"mouse",NA,"Amplicon, Paired, 250 bps",NA,"HARTWELL_database_Master_2011-2024_CLEANED.txt",NA
"491","MDSEQ 0562","11/17/15",NA,"Al Diri, Issam",NA,67775,"652039","67775-652039","Amplicon",NA,NA,"mouse",NA,"Amplicon, Paired, 250 bps",NA,"HARTWELL_database_Master_2011-2024_CLEANED.txt",NA
"492","MDSEQ 0563","11/17/15",NA,"Al Diri, Issam",NA,67775,"652040","67775-652040","Amplicon",NA,NA,"mouse",NA,"Amplicon, Paired, 250 bps",NA,"HARTWELL_database_Master_2011-2024_CLEANED.txt",NA
"493","MDSEQ 0564","11/17/15",NA,"Al Diri, Issam",NA,67775,"652041","67775-652041","Amplicon",NA,NA,"mouse",NA,"Amplicon, Paired, 250 bps",NA,"HARTWELL_database_Master_2011-2024_CLEANED.txt",NA
"494","MDSEQ 0565","11/17/15",NA,"Al Diri, Issam",NA,67775,"652042","67775-652042","Amplicon",NA,NA,"mouse",NA,"Amplicon, Paired, 250 bps",NA,"HARTWELL_database_Master_2011-2024_CLEANED.txt",NA
"495","MDSEQ 0566","11/17/15",NA,"Al Diri, Issam",NA,67775,"652043","67775-652043","Amplicon",NA,NA,"mouse",NA,"Amplicon, Paired, 250 bps",NA,"HARTWELL_database_Master_2011-2024_CLEANED.txt",NA
"496","MDSEQ 0567","11/17/15",NA,"Al Diri, Issam",NA,67775,"652044","67775-652044","Amplicon",NA,NA,"mouse",NA,"Amplicon, Paired, 250 bps",NA,"HARTWELL_database_Master_2011-2024_CLEANED.txt",NA
"497","MDSEQ 0568","11/17/15",NA,"Al Diri, Issam",NA,67775,"652045","67775-652045","Amplicon",NA,NA,"mouse",NA,"Amplicon, Paired, 250 bps",NA,"HARTWELL_database_Master_2011-2024_CLEANED.txt",NA
"498","MDSEQ 0569","11/17/15",NA,"Al Diri, Issam",NA,67775,"652046","67775-652046","Amplicon",NA,NA,"mouse",NA,"Amplicon, Paired, 250 bps",NA,"HARTWELL_database_Master_2011-2024_CLEANED.txt",NA
"499","MDSEQ 0570","11/17/15",NA,"Al Diri, Issam",NA,67775,"652047","67775-652047","Amplicon",NA,NA,"mouse",NA,"Amplicon, Paired, 250 bps",NA,"HARTWELL_database_Master_2011-2024_CLEANED.txt",NA
"500","MDSEQ 0571","11/17/15",NA,"Al Diri, Issam",NA,67775,"652048","67775-652048","Amplicon",NA,NA,"mouse",NA,"Amplicon, Paired, 250 bps",NA,"HARTWELL_database_Master_2011-2024_CLEANED.txt",NA
"501","MDSEQ 0572","11/17/15",NA,"Al Diri, Issam",NA,67775,"652049","67775-652049","Amplicon",NA,NA,"mouse",NA,"Amplicon, Paired, 250 bps",NA,"HARTWELL_database_Master_2011-2024_CLEANED.txt",NA
"502","MDSEQ 0573","11/17/15",NA,"Al Diri, Issam",NA,67775,"652050","67775-652050","Amplicon",NA,NA,"mouse",NA,"Amplicon, Paired, 250 bps",NA,"HARTWELL_database_Master_2011-2024_CLEANED.txt",NA
"503","MDSEQ 0574","11/17/15",NA,"Al Diri, Issam",NA,67775,"652051","67775-652051","Amplicon",NA,NA,"mouse",NA,"Amplicon, Paired, 250 bps",NA,"HARTWELL_database_Master_2011-2024_CLEANED.txt",NA
"504","MDSEQ 0575","11/17/15",NA,"Al Diri, Issam",NA,67775,"652052","67775-652052","Amplicon",NA,NA,"mouse",NA,"Amplicon, Paired, 250 bps",NA,"HARTWELL_database_Master_2011-2024_CLEANED.txt",NA
"505","MDSEQ 0576","11/17/15",NA,"Al Diri, Issam",NA,67775,"652053","67775-652053","Amplicon",NA,NA,"mouse",NA,"Amplicon, Paired, 250 bps",NA,"HARTWELL_database_Master_2011-2024_CLEANED.txt",NA
"506","MDSEQ 0577","11/17/15",NA,"Al Diri, Issam",NA,67775,"652054","67775-652054","Amplicon",NA,NA,"mouse",NA,"Amplicon, Paired, 250 bps",NA,"HARTWELL_database_Master_2011-2024_CLEANED.txt",NA
"507","MDSEQ 0578","11/17/15",NA,"Al Diri, Issam",NA,67775,"652055","67775-652055","Amplicon",NA,NA,"mouse",NA,"Amplicon, Paired, 250 bps",NA,"HARTWELL_database_Master_2011-2024_CLEANED.txt",NA
"508","MDSEQ 0579","11/17/15",NA,"Al Diri, Issam",NA,67775,"652056","67775-652056","Amplicon",NA,NA,"mouse",NA,"Amplicon, Paired, 250 bps",NA,"HARTWELL_database_Master_2011-2024_CLEANED.txt",NA
"509","MDSEQ 0580","11/17/15",NA,"Al Diri, Issam",NA,67775,"652057","67775-652057","Amplicon",NA,NA,"mouse",NA,"Amplicon, Paired, 250 bps",NA,"HARTWELL_database_Master_2011-2024_CLEANED.txt",NA
"510","MDSEQ 0581","11/17/15",NA,"Al Diri, Issam",NA,67775,"652058","67775-652058","Amplicon",NA,NA,"mouse",NA,"Amplicon, Paired, 250 bps",NA,"HARTWELL_database_Master_2011-2024_CLEANED.txt",NA
"511","MDSEQ 0582","11/17/15",NA,"Al Diri, Issam",NA,67775,"652059","67775-652059","Amplicon",NA,NA,"mouse",NA,"Amplicon, Paired, 250 bps",NA,"HARTWELL_database_Master_2011-2024_CLEANED.txt",NA
"512","MDSEQ 0583","11/17/15",NA,"Al Diri, Issam",NA,67775,"652060","67775-652060","Amplicon",NA,NA,"mouse",NA,"Amplicon, Paired, 250 bps",NA,"HARTWELL_database_Master_2011-2024_CLEANED.txt",NA
"513","MDSEQ 0584","12/1/15",NA,"Al Diri, Issam",NA,68725,"661505","68725-661505","ChIP-Seq",NA,NA,"mouse",NA,"Active Motif library",NA,"HARTWELL_database_Master_2011-2024_CLEANED.txt",NA
"514","MDSEQ 0585","12/1/15",NA,"Al Diri, Issam",NA,68725,"661506","68725-661506","ChIP-Seq",NA,NA,"mouse",NA,"Active Motif library",NA,"HARTWELL_database_Master_2011-2024_CLEANED.txt",NA
"515","MDSEQ 0586","12/1/15",NA,"Al Diri, Issam",NA,68725,"661507","68725-661507","ChIP-Seq",NA,NA,"mouse",NA,"Active Motif library",NA,"HARTWELL_database_Master_2011-2024_CLEANED.txt",NA
"516","MDSEQ 0587","12/1/15",NA,"Al Diri, Issam",NA,68725,"661508","68725-661508","ChIP-Seq",NA,NA,"mouse",NA,"Active Motif library",NA,"HARTWELL_database_Master_2011-2024_CLEANED.txt",NA
"517","MDSEQ 0588","12/1/15",NA,"Al Diri, Issam",NA,68725,"661509","68725-661509","ChIP-Seq",NA,NA,"mouse",NA,"Active Motif library",NA,"HARTWELL_database_Master_2011-2024_CLEANED.txt",NA
"518","MDSEQ 0589","12/1/15",NA,"Al Diri, Issam",NA,68725,"661510","68725-661510","ChIP-Seq",NA,NA,"mouse",NA,"Active Motif library",NA,"HARTWELL_database_Master_2011-2024_CLEANED.txt",NA
"519","MDSEQ 0590","12/1/15",NA,"Al Diri, Issam",NA,68725,"661511","68725-661511","ChIP-Seq",NA,NA,"mouse",NA,"Active Motif library",NA,"HARTWELL_database_Master_2011-2024_CLEANED.txt",NA
"520","MDSEQ 0591","12/1/15",NA,"Al Diri, Issam",NA,68725,"661512","68725-661512","ChIP-Seq",NA,NA,"mouse",NA,"Active Motif library",NA,"HARTWELL_database_Master_2011-2024_CLEANED.txt",NA
"521","MDSEQ 0592","12/7/15",NA,"Al Diri, Issam",NA,69138,"666959","69138-666959","ChIP-Seq",NA,NA,"human",NA,"ChIP-seq, Single, 50 bps",NA,"HARTWELL_database_Master_2011-2024_CLEANED.txt",NA
"522","MDSEQ 0593","12/7/15",NA,"Al Diri, Issam",NA,69138,"666960","69138-666960","ChIP-Seq",NA,NA,"human",NA,"ChIP-seq, Single, 50 bps",NA,"HARTWELL_database_Master_2011-2024_CLEANED.txt",NA
"523","MDSEQ 0594","12/7/15",NA,"Al Diri, Issam",NA,69138,"666961","69138-666961","ChIP-Seq",NA,NA,"human",NA,"ChIP-seq, Single, 50 bps",NA,"HARTWELL_database_Master_2011-2024_CLEANED.txt",NA
"524","MDSEQ 0595","12/7/15",NA,"Al Diri, Issam",NA,69138,"666962","69138-666962","ChIP-Seq",NA,NA,"human",NA,"ChIP-seq, Single, 50 bps",NA,"HARTWELL_database_Master_2011-2024_CLEANED.txt",NA
"525","MDSEQ 0596","12/7/15",NA,"Al Diri, Issam",NA,69138,"666963","69138-666963","ChIP-Seq",NA,NA,"human",NA,"ChIP-seq, Single, 50 bps",NA,"HARTWELL_database_Master_2011-2024_CLEANED.txt",NA
"526","MDSEQ 0597","12/7/15",NA,"Al Diri, Issam",NA,69138,"666964","69138-666964","ChIP-Seq",NA,NA,"human",NA,"ChIP-seq, Single, 50 bps",NA,"HARTWELL_database_Master_2011-2024_CLEANED.txt",NA
"527","MDSEQ 0598","12/7/15",NA,"Al Diri, Issam",NA,69138,"666965","69138-666965","ChIP-Seq",NA,NA,"human",NA,"ChIP-seq, Single, 50 bps",NA,"HARTWELL_database_Master_2011-2024_CLEANED.txt",NA
"528","MDSEQ 0599","12/7/15",NA,"Al Diri, Issam",NA,69138,"666966","69138-666966","ChIP-Seq",NA,NA,"human",NA,"ChIP-seq, Single, 50 bps",NA,"HARTWELL_database_Master_2011-2024_CLEANED.txt",NA
"529","MDSEQ 0600","12/7/15",NA,"Al Diri, Issam",NA,69138,"666967","69138-666967","ChIP-Seq",NA,NA,"human",NA,"ChIP-seq, Single, 50 bps",NA,"HARTWELL_database_Master_2011-2024_CLEANED.txt",NA
"530","MDSEQ 0601","1/14/16",NA,"Wang, Lu",NA,71536,"696538","71536-696538","ChIP-Seq",NA,NA,"mouse",NA,"ChIP-seq, Single, 50 bps",NA,"HARTWELL_database_Master_2011-2024_CLEANED.txt",NA
"531","MDSEQ 0601","12/7/15",NA,"Al Diri, Issam",NA,69138,"666968","69138-666968","ChIP-Seq",NA,NA,"human",NA,"ChIP-seq, Single, 50 bps",NA,"HARTWELL_database_Master_2011-2024_CLEANED.txt",NA
"532","MDSEQ 0602","1/14/16",NA,"Wang, Lu",NA,71536,"696539","71536-696539","ChIP-Seq",NA,NA,"mouse",NA,"ChIP-seq, Single, 50 bps",NA,"HARTWELL_database_Master_2011-2024_CLEANED.txt",NA
"533","MDSEQ 0602","1/19/16",NA,"Wang, Lu",NA,71805,"699767","71805-699767","ChIP-Seq",NA,NA,"mouse",NA,"ChIP-seq, Single, 50 bps",NA,"HARTWELL_database_Master_2011-2024_CLEANED.txt",NA
"534","MDSEQ 0603","1/14/16",NA,"Wang, Lu",NA,71536,"696540","71536-696540","ChIP-Seq",NA,NA,"mouse",NA,"ChIP-seq, Single, 50 bps",NA,"HARTWELL_database_Master_2011-2024_CLEANED.txt",NA
"535","MDSEQ 0603","1/19/16",NA,"Wang, Lu",NA,71805,"699768","71805-699768","ChIP-Seq",NA,NA,"mouse",NA,"ChIP-seq, Single, 50 bps",NA,"HARTWELL_database_Master_2011-2024_CLEANED.txt",NA
"536","MDSEQ 0604","1/14/16",NA,"Wang, Lu",NA,71536,"696541","71536-696541","ChIP-Seq",NA,NA,"mouse",NA,"ChIP-seq, Single, 50 bps",NA,"HARTWELL_database_Master_2011-2024_CLEANED.txt",NA
"537","MDSEQ 0604","1/19/16",NA,"Wang, Lu",NA,71805,"699769","71805-699769","ChIP-Seq",NA,NA,"mouse",NA,"ChIP-seq, Single, 50 bps",NA,"HARTWELL_database_Master_2011-2024_CLEANED.txt",NA
"538","MDSEQ 0605","1/14/16",NA,"Wang, Lu",NA,71536,"696542","71536-696542","ChIP-Seq",NA,NA,"mouse",NA,"ChIP-seq, Single, 50 bps",NA,"HARTWELL_database_Master_2011-2024_CLEANED.txt",NA
"539","MDSEQ 0605","1/19/16",NA,"Wang, Lu",NA,71805,"699770","71805-699770","ChIP-Seq",NA,NA,"mouse",NA,"ChIP-seq, Single, 50 bps",NA,"HARTWELL_database_Master_2011-2024_CLEANED.txt",NA
"540","MDSEQ 0606","1/14/16",NA,"Wang, Lu",NA,71536,"696543","71536-696543","ChIP-Seq",NA,NA,"mouse",NA,"ChIP-seq, Single, 50 bps",NA,"HARTWELL_database_Master_2011-2024_CLEANED.txt",NA
"541","MDSEQ 0606","1/19/16",NA,"Wang, Lu",NA,71805,"699771","71805-699771","ChIP-Seq",NA,NA,"mouse",NA,"ChIP-seq, Single, 50 bps",NA,"HARTWELL_database_Master_2011-2024_CLEANED.txt",NA
"542","MDSEQ 0607","1/14/16",NA,"Wang, Lu",NA,71536,"696544","71536-696544","ChIP-Seq",NA,NA,"mouse",NA,"ChIP-seq, Single, 50 bps",NA,"HARTWELL_database_Master_2011-2024_CLEANED.txt",NA
"543","MDSEQ 0607","1/19/16",NA,"Wang, Lu",NA,71805,"699772","71805-699772","ChIP-Seq",NA,NA,"mouse",NA,"ChIP-seq, Single, 50 bps",NA,"HARTWELL_database_Master_2011-2024_CLEANED.txt",NA
"544","MDSEQ 0608","1/14/16",NA,"Wang, Lu",NA,71536,"696545","71536-696545","ChIP-Seq",NA,NA,"mouse",NA,"ChIP-seq, Single, 50 bps",NA,"HARTWELL_database_Master_2011-2024_CLEANED.txt",NA
"545","MDSEQ 0608","1/19/16",NA,"Wang, Lu",NA,71805,"699773","71805-699773","ChIP-Seq",NA,NA,"mouse",NA,"ChIP-seq, Single, 50 bps",NA,"HARTWELL_database_Master_2011-2024_CLEANED.txt",NA
"546","MDSEQ 0609","1/14/16",NA,"Wang, Lu",NA,71536,"696546","71536-696546","ChIP-Seq",NA,NA,"mouse",NA,"ChIP-seq, Single, 50 bps",NA,"HARTWELL_database_Master_2011-2024_CLEANED.txt",NA
"547","MDSEQ 0609","1/19/16",NA,"Wang, Lu",NA,71805,"699774","71805-699774","ChIP-Seq",NA,NA,"mouse",NA,"ChIP-seq, Single, 50 bps",NA,"HARTWELL_database_Master_2011-2024_CLEANED.txt",NA
"548","MDSEQ 0610","1/14/16",NA,"Wang, Lu",NA,71536,"696547","71536-696547","ChIP-Seq",NA,NA,"mouse",NA,"ChIP-seq, Single, 50 bps",NA,"HARTWELL_database_Master_2011-2024_CLEANED.txt",NA
"549","MDSEQ 0610","1/19/16",NA,"Wang, Lu",NA,71805,"699775","71805-699775","ChIP-Seq",NA,NA,"mouse",NA,"ChIP-seq, Single, 50 bps",NA,"HARTWELL_database_Master_2011-2024_CLEANED.txt",NA
"550","MDSEQ 0611","1/14/16",NA,"Wang, Lu",NA,71536,"696548","71536-696548","ChIP-Seq",NA,NA,"mouse",NA,"ChIP-seq, Single, 50 bps",NA,"HARTWELL_database_Master_2011-2024_CLEANED.txt",NA
"551","MDSEQ 0611","1/19/16",NA,"Wang, Lu",NA,71805,"699776","71805-699776","ChIP-Seq",NA,NA,"mouse",NA,"ChIP-seq, Single, 50 bps",NA,"HARTWELL_database_Master_2011-2024_CLEANED.txt",NA
"552","MDSEQ 0612","1/14/16",NA,"Wang, Lu",NA,71536,"696549","71536-696549","ChIP-Seq",NA,NA,"mouse",NA,"ChIP-seq, Single, 50 bps",NA,"HARTWELL_database_Master_2011-2024_CLEANED.txt",NA
"553","MDSEQ 0612","1/19/16",NA,"Wang, Lu",NA,71805,"699777","71805-699777","ChIP-Seq",NA,NA,"mouse",NA,"ChIP-seq, Single, 50 bps",NA,"HARTWELL_database_Master_2011-2024_CLEANED.txt",NA
"554","MDSEQ 0613","1/14/16",NA,"Wang, Lu",NA,71536,"696550","71536-696550","ChIP-Seq",NA,NA,"mouse",NA,"ChIP-seq, Single, 50 bps",NA,"HARTWELL_database_Master_2011-2024_CLEANED.txt",NA
"555","MDSEQ 0613","1/19/16",NA,"Wang, Lu",NA,71805,"699778","71805-699778","ChIP-Seq",NA,NA,"mouse",NA,"ChIP-seq, Single, 50 bps",NA,"HARTWELL_database_Master_2011-2024_CLEANED.txt",NA
"556","MDSEQ 0614","1/14/16",NA,"Wang, Lu",NA,71536,"696551","71536-696551","ChIP-Seq",NA,NA,"mouse",NA,"ChIP-seq, Single, 50 bps",NA,"HARTWELL_database_Master_2011-2024_CLEANED.txt",NA
"557","MDSEQ 0614","1/19/16",NA,"Wang, Lu",NA,71805,"699779","71805-699779","ChIP-Seq",NA,NA,"mouse",NA,"ChIP-seq, Single, 50 bps",NA,"HARTWELL_database_Master_2011-2024_CLEANED.txt",NA
"558","MDSEQ 0615","1/14/16",NA,"Wang, Lu",NA,71536,"696552","71536-696552","ChIP-Seq",NA,NA,"mouse",NA,"ChIP-seq, Single, 50 bps",NA,"HARTWELL_database_Master_2011-2024_CLEANED.txt",NA
"559","MDSEQ 0615","1/19/16",NA,"Wang, Lu",NA,71805,"699780","71805-699780","ChIP-Seq",NA,NA,"mouse",NA,"ChIP-seq, Single, 50 bps",NA,"HARTWELL_database_Master_2011-2024_CLEANED.txt",NA
"560","MDSEQ 0616","1/14/16",NA,"Wang, Lu",NA,71536,"696553","71536-696553","ChIP-Seq",NA,NA,"mouse",NA,"ChIP-seq, Single, 50 bps",NA,"HARTWELL_database_Master_2011-2024_CLEANED.txt",NA
"561","MDSEQ 0616","1/19/16",NA,"Wang, Lu",NA,71805,"699781","71805-699781","ChIP-Seq",NA,NA,"mouse",NA,"ChIP-seq, Single, 50 bps",NA,"HARTWELL_database_Master_2011-2024_CLEANED.txt",NA
"562","MDSEQ 0617","1/14/16",NA,"Wang, Lu",NA,71536,"696554","71536-696554","ChIP-Seq",NA,NA,"mouse",NA,"ChIP-seq, Single, 50 bps",NA,"HARTWELL_database_Master_2011-2024_CLEANED.txt",NA
"563","MDSEQ 0617","1/19/16",NA,"Wang, Lu",NA,71805,"699782","71805-699782","ChIP-Seq",NA,NA,"mouse",NA,"ChIP-seq, Single, 50 bps",NA,"HARTWELL_database_Master_2011-2024_CLEANED.txt",NA
"564","MDSEQ 0618","1/14/16",NA,"Wang, Lu",NA,71536,"696555","71536-696555","ChIP-Seq",NA,NA,"mouse",NA,"ChIP-seq, Single, 50 bps",NA,"HARTWELL_database_Master_2011-2024_CLEANED.txt",NA
"565","MDSEQ 0618","1/19/16",NA,"Wang, Lu",NA,71805,"699783","71805-699783","ChIP-Seq",NA,NA,"mouse",NA,"ChIP-seq, Single, 50 bps",NA,"HARTWELL_database_Master_2011-2024_CLEANED.txt",NA
"566","MDSEQ 0619","1/14/16",NA,"Wang, Lu",NA,71536,"696556","71536-696556","ChIP-Seq",NA,NA,"mouse",NA,"ChIP-seq, Single, 50 bps",NA,"HARTWELL_database_Master_2011-2024_CLEANED.txt",NA
"567","MDSEQ 0619","1/19/16",NA,"Wang, Lu",NA,71805,"699784","71805-699784","ChIP-Seq",NA,NA,"mouse",NA,"ChIP-seq, Single, 50 bps",NA,"HARTWELL_database_Master_2011-2024_CLEANED.txt",NA
"568","MDSEQ 0620","1/14/16",NA,"Wang, Lu",NA,71536,"696557","71536-696557","ChIP-Seq",NA,NA,"mouse",NA,"ChIP-seq, Single, 50 bps",NA,"HARTWELL_database_Master_2011-2024_CLEANED.txt",NA
"569","MDSEQ 0620","1/19/16",NA,"Wang, Lu",NA,71805,"699785","71805-699785","ChIP-Seq",NA,NA,"mouse",NA,"ChIP-seq, Single, 50 bps",NA,"HARTWELL_database_Master_2011-2024_CLEANED.txt",NA
"570","MDSEQ 0621","1/14/16",NA,"Wang, Lu",NA,71536,"696558","71536-696558","ChIP-Seq",NA,NA,"mouse",NA,"ChIP-seq, Single, 50 bps",NA,"HARTWELL_database_Master_2011-2024_CLEANED.txt",NA
"571","MDSEQ 0621","1/19/16",NA,"Wang, Lu",NA,71805,"699786","71805-699786","ChIP-Seq",NA,NA,"mouse",NA,"ChIP-seq, Single, 50 bps",NA,"HARTWELL_database_Master_2011-2024_CLEANED.txt",NA
"572","MDSEQ 0622","1/14/16",NA,"Wang, Lu",NA,71536,"696559","71536-696559","ChIP-Seq",NA,NA,"mouse",NA,"ChIP-seq, Single, 50 bps",NA,"HARTWELL_database_Master_2011-2024_CLEANED.txt",NA
"573","MDSEQ 0622","1/19/16",NA,"Wang, Lu",NA,71805,"699787","71805-699787","ChIP-Seq",NA,NA,"mouse",NA,"ChIP-seq, Single, 50 bps",NA,"HARTWELL_database_Master_2011-2024_CLEANED.txt",NA
"574","MDSEQ 0623","1/14/16",NA,"Wang, Lu",NA,71536,"696560","71536-696560","ChIP-Seq",NA,NA,"mouse",NA,"ChIP-seq, Single, 50 bps",NA,"HARTWELL_database_Master_2011-2024_CLEANED.txt",NA
"575","MDSEQ 0623","1/19/16",NA,"Wang, Lu",NA,71805,"699788","71805-699788","ChIP-Seq",NA,NA,"mouse",NA,"ChIP-seq, Single, 50 bps",NA,"HARTWELL_database_Master_2011-2024_CLEANED.txt",NA
"576","MDSEQ 0624","1/14/16",NA,"Wang, Lu",NA,71536,"696561","71536-696561","ChIP-Seq",NA,NA,"mouse",NA,"ChIP-seq, Single, 50 bps",NA,"HARTWELL_database_Master_2011-2024_CLEANED.txt",NA
"577","MDSEQ 0624","1/19/16",NA,"Wang, Lu",NA,71805,"699789","71805-699789","ChIP-Seq",NA,NA,"mouse",NA,"ChIP-seq, Single, 50 bps",NA,"HARTWELL_database_Master_2011-2024_CLEANED.txt",NA
"578","MDSEQ 0625","1/14/16",NA,"Wang, Lu",NA,71536,"696562","71536-696562","ChIP-Seq",NA,NA,"mouse",NA,"ChIP-seq, Single, 50 bps",NA,"HARTWELL_database_Master_2011-2024_CLEANED.txt",NA
"579","MDSEQ 0625","1/19/16",NA,"Wang, Lu",NA,71805,"699790","71805-699790","ChIP-Seq",NA,NA,"mouse",NA,"ChIP-seq, Single, 50 bps",NA,"HARTWELL_database_Master_2011-2024_CLEANED.txt",NA
"580","MDSEQ 0626","1/14/16",NA,"Wang, Lu",NA,71536,"696563","71536-696563","ChIP-Seq",NA,NA,"mouse",NA,"ChIP-seq, Single, 50 bps",NA,"HARTWELL_database_Master_2011-2024_CLEANED.txt",NA
"581","MDSEQ 0626","1/19/16",NA,"Wang, Lu",NA,71805,"699791","71805-699791","ChIP-Seq",NA,NA,"mouse",NA,"ChIP-seq, Single, 50 bps",NA,"HARTWELL_database_Master_2011-2024_CLEANED.txt",NA
"582","MDSEQ 0627","1/14/16",NA,"Wang, Lu",NA,71536,"696564","71536-696564","ChIP-Seq",NA,NA,"mouse",NA,"ChIP-seq, Single, 50 bps",NA,"HARTWELL_database_Master_2011-2024_CLEANED.txt",NA
"583","MDSEQ 0627","1/19/16",NA,"Wang, Lu",NA,71805,"699792","71805-699792","ChIP-Seq",NA,NA,"mouse",NA,"ChIP-seq, Single, 50 bps",NA,"HARTWELL_database_Master_2011-2024_CLEANED.txt",NA
"584","MDSEQ 0628","1/14/16",NA,"Wang, Lu",NA,71536,"696565","71536-696565","ChIP-Seq",NA,NA,"mouse",NA,"ChIP-seq, Single, 50 bps",NA,"HARTWELL_database_Master_2011-2024_CLEANED.txt",NA
"585","MDSEQ 0628","1/19/16",NA,"Wang, Lu",NA,71805,"699793","71805-699793","ChIP-Seq",NA,NA,"mouse",NA,"ChIP-seq, Single, 50 bps",NA,"HARTWELL_database_Master_2011-2024_CLEANED.txt",NA
"586","MDSEQ 0629","1/14/16",NA,"Wang, Lu",NA,71536,"696566","71536-696566","ChIP-Seq",NA,NA,"mouse",NA,"ChIP-seq, Single, 50 bps",NA,"HARTWELL_database_Master_2011-2024_CLEANED.txt",NA
"587","MDSEQ 0629","1/19/16",NA,"Wang, Lu",NA,71805,"699794","71805-699794","ChIP-Seq",NA,NA,"mouse",NA,"ChIP-seq, Single, 50 bps",NA,"HARTWELL_database_Master_2011-2024_CLEANED.txt",NA
"588","MDSEQ 0630","1/14/16",NA,"Wang, Lu",NA,71536,"696567","71536-696567","ChIP-Seq",NA,NA,"mouse",NA,"ChIP-seq, Single, 50 bps",NA,"HARTWELL_database_Master_2011-2024_CLEANED.txt",NA
"589","MDSEQ 0630","1/19/16",NA,"Wang, Lu",NA,71805,"699795","71805-699795","ChIP-Seq",NA,NA,"mouse",NA,"ChIP-seq, Single, 50 bps",NA,"HARTWELL_database_Master_2011-2024_CLEANED.txt",NA
"590","MDSEQ 0631","1/14/16",NA,"Wang, Lu",NA,71536,"696568","71536-696568","ChIP-Seq",NA,NA,"mouse",NA,"ChIP-seq, Single, 50 bps",NA,"HARTWELL_database_Master_2011-2024_CLEANED.txt",NA
"591","MDSEQ 0631","1/19/16",NA,"Wang, Lu",NA,71805,"699796","71805-699796","ChIP-Seq",NA,NA,"mouse",NA,"ChIP-seq, Single, 50 bps",NA,"HARTWELL_database_Master_2011-2024_CLEANED.txt",NA
"592","MDSEQ 0632","1/14/16",NA,"Wang, Lu",NA,71536,"696569","71536-696569","ChIP-Seq",NA,NA,"mouse",NA,"ChIP-seq, Single, 50 bps",NA,"HARTWELL_database_Master_2011-2024_CLEANED.txt",NA
"593","MDSEQ 0632","1/19/16",NA,"Wang, Lu",NA,71805,"699797","71805-699797","ChIP-Seq",NA,NA,"mouse",NA,"ChIP-seq, Single, 50 bps",NA,"HARTWELL_database_Master_2011-2024_CLEANED.txt",NA
"594","MDSEQ 0633","1/14/16",NA,"Wang, Lu",NA,71536,"696570","71536-696570","ChIP-Seq",NA,NA,"mouse",NA,"ChIP-seq, Single, 50 bps",NA,"HARTWELL_database_Master_2011-2024_CLEANED.txt",NA
"595","MDSEQ 0633","1/19/16",NA,"Wang, Lu",NA,71805,"699798","71805-699798","ChIP-Seq",NA,NA,"mouse",NA,"ChIP-seq, Single, 50 bps",NA,"HARTWELL_database_Master_2011-2024_CLEANED.txt",NA
"596","MDSEQ 0634","1/14/16",NA,"Wang, Lu",NA,71536,"696571","71536-696571","ChIP-Seq",NA,NA,"mouse",NA,"ChIP-seq, Single, 50 bps",NA,"HARTWELL_database_Master_2011-2024_CLEANED.txt",NA
"597","MDSEQ 0634","1/19/16",NA,"Wang, Lu",NA,71805,"699799","71805-699799","ChIP-Seq",NA,NA,"mouse",NA,"ChIP-seq, Single, 50 bps",NA,"HARTWELL_database_Master_2011-2024_CLEANED.txt",NA
"598","MDSEQ 0635","1/14/16",NA,"Wang, Lu",NA,71536,"696572","71536-696572","ChIP-Seq",NA,NA,"mouse",NA,"ChIP-seq, Single, 50 bps",NA,"HARTWELL_database_Master_2011-2024_CLEANED.txt",NA
"599","MDSEQ 0635","1/19/16",NA,"Wang, Lu",NA,71805,"699800","71805-699800","ChIP-Seq",NA,NA,"mouse",NA,"ChIP-seq, Single, 50 bps",NA,"HARTWELL_database_Master_2011-2024_CLEANED.txt",NA
"600","MDSEQ 0636","1/14/16",NA,"Wang, Lu",NA,71536,"696573","71536-696573","ChIP-Seq",NA,NA,"mouse",NA,"ChIP-seq, Single, 50 bps",NA,"HARTWELL_database_Master_2011-2024_CLEANED.txt",NA
"601","MDSEQ 0636","1/19/16",NA,"Wang, Lu",NA,71805,"699801","71805-699801","ChIP-Seq",NA,NA,"mouse",NA,"ChIP-seq, Single, 50 bps",NA,"HARTWELL_database_Master_2011-2024_CLEANED.txt",NA
"602","MDSEQ 0637","1/14/16",NA,"Wang, Lu",NA,71536,"696574","71536-696574","ChIP-Seq",NA,NA,"mouse",NA,"ChIP-seq, Single, 50 bps",NA,"HARTWELL_database_Master_2011-2024_CLEANED.txt",NA
"603","MDSEQ 0637","1/19/16",NA,"Wang, Lu",NA,71805,"699802","71805-699802","ChIP-Seq",NA,NA,"mouse",NA,"ChIP-seq, Single, 50 bps",NA,"HARTWELL_database_Master_2011-2024_CLEANED.txt",NA
"604","MDSEQ 0638","1/14/16",NA,"Wang, Lu",NA,71536,"696575","71536-696575","ChIP-Seq",NA,NA,"mouse",NA,"ChIP-seq, Single, 50 bps",NA,"HARTWELL_database_Master_2011-2024_CLEANED.txt",NA
"605","MDSEQ 0638","1/19/16",NA,"Wang, Lu",NA,71805,"699803","71805-699803","ChIP-Seq",NA,NA,"mouse",NA,"ChIP-seq, Single, 50 bps",NA,"HARTWELL_database_Master_2011-2024_CLEANED.txt",NA
"606","MDSEQ 0639","1/14/16",NA,"Wang, Lu",NA,71536,"696576","71536-696576","ChIP-Seq",NA,NA,"mouse",NA,"ChIP-seq, Single, 50 bps",NA,"HARTWELL_database_Master_2011-2024_CLEANED.txt",NA
"607","MDSEQ 0639","1/19/16",NA,"Wang, Lu",NA,71805,"699804","71805-699804","ChIP-Seq",NA,NA,"mouse",NA,"ChIP-seq, Single, 50 bps",NA,"HARTWELL_database_Master_2011-2024_CLEANED.txt",NA
"608","MDSEQ 0640","1/14/16",NA,"Wang, Lu",NA,71536,"696577","71536-696577","ChIP-Seq",NA,NA,"mouse",NA,"ChIP-seq, Single, 50 bps",NA,"HARTWELL_database_Master_2011-2024_CLEANED.txt",NA
"609","MDSEQ 0640","1/19/16",NA,"Wang, Lu",NA,71805,"699805","71805-699805","ChIP-Seq",NA,NA,"mouse",NA,"ChIP-seq, Single, 50 bps",NA,"HARTWELL_database_Master_2011-2024_CLEANED.txt",NA
"610","MDSEQ 0641","1/14/16",NA,"Wang, Lu",NA,71536,"696578","71536-696578","ChIP-Seq",NA,NA,"mouse",NA,"ChIP-seq, Single, 50 bps",NA,"HARTWELL_database_Master_2011-2024_CLEANED.txt",NA
"611","MDSEQ 0641","1/19/16",NA,"Wang, Lu",NA,71805,"699806","71805-699806","ChIP-Seq",NA,NA,"mouse",NA,"ChIP-seq, Single, 50 bps",NA,"HARTWELL_database_Master_2011-2024_CLEANED.txt",NA
"612","MDSEQ 0642","1/14/16",NA,"Wang, Lu",NA,71536,"696579","71536-696579","ChIP-Seq",NA,NA,"mouse",NA,"ChIP-seq, Single, 50 bps",NA,"HARTWELL_database_Master_2011-2024_CLEANED.txt",NA
"613","MDSEQ 0642","1/19/16",NA,"Wang, Lu",NA,71805,"699807","71805-699807","ChIP-Seq",NA,NA,"mouse",NA,"ChIP-seq, Single, 50 bps",NA,"HARTWELL_database_Master_2011-2024_CLEANED.txt",NA
"614","MDSEQ 0643","1/14/16",NA,"Wang, Lu",NA,71536,"696580","71536-696580","ChIP-Seq",NA,NA,"mouse",NA,"ChIP-seq, Single, 50 bps",NA,"HARTWELL_database_Master_2011-2024_CLEANED.txt",NA
"615","MDSEQ 0643","1/19/16",NA,"Wang, Lu",NA,71805,"699808","71805-699808","ChIP-Seq",NA,NA,"mouse",NA,"ChIP-seq, Single, 50 bps",NA,"HARTWELL_database_Master_2011-2024_CLEANED.txt",NA
"616","MDSEQ 0644","1/14/16",NA,"Wang, Lu",NA,71536,"696581","71536-696581","ChIP-Seq",NA,NA,"mouse",NA,"ChIP-seq, Single, 50 bps",NA,"HARTWELL_database_Master_2011-2024_CLEANED.txt",NA
"617","MDSEQ 0644","1/19/16",NA,"Wang, Lu",NA,71805,"699809","71805-699809","ChIP-Seq",NA,NA,"mouse",NA,"ChIP-seq, Single, 50 bps",NA,"HARTWELL_database_Master_2011-2024_CLEANED.txt",NA
"618","MDSEQ 0645","1/14/16",NA,"Wang, Lu",NA,71536,"696582","71536-696582","ChIP-Seq",NA,NA,"mouse",NA,"ChIP-seq, Single, 50 bps",NA,"HARTWELL_database_Master_2011-2024_CLEANED.txt",NA
"619","MDSEQ 0645","1/19/16",NA,"Wang, Lu",NA,71805,"699810","71805-699810","ChIP-Seq",NA,NA,"mouse",NA,"ChIP-seq, Single, 50 bps",NA,"HARTWELL_database_Master_2011-2024_CLEANED.txt",NA
"620","MDSEQ 0646","1/14/16",NA,"Wang, Lu",NA,71536,"696583","71536-696583","ChIP-Seq",NA,NA,"mouse",NA,"ChIP-seq, Single, 50 bps",NA,"HARTWELL_database_Master_2011-2024_CLEANED.txt",NA
"621","MDSEQ 0646","1/19/16",NA,"Wang, Lu",NA,71805,"699811","71805-699811","ChIP-Seq",NA,NA,"mouse",NA,"ChIP-seq, Single, 50 bps",NA,"HARTWELL_database_Master_2011-2024_CLEANED.txt",NA
"622","MDSEQ 0647","1/14/16",NA,"Wang, Lu",NA,71536,"696584","71536-696584","ChIP-Seq",NA,NA,"mouse",NA,"ChIP-seq, Single, 50 bps",NA,"HARTWELL_database_Master_2011-2024_CLEANED.txt",NA
"623","MDSEQ 0647","1/19/16",NA,"Wang, Lu",NA,71805,"699812","71805-699812","ChIP-Seq",NA,NA,"mouse",NA,"ChIP-seq, Single, 50 bps",NA,"HARTWELL_database_Master_2011-2024_CLEANED.txt",NA
"624","MDSEQ 0648","1/14/16",NA,"Wang, Lu",NA,71536,"696585","71536-696585","ChIP-Seq",NA,NA,"mouse",NA,"ChIP-seq, Single, 50 bps",NA,"HARTWELL_database_Master_2011-2024_CLEANED.txt",NA
"625","MDSEQ 0648","1/19/16",NA,"Wang, Lu",NA,71805,"699813","71805-699813","ChIP-Seq",NA,NA,"mouse",NA,"ChIP-seq, Single, 50 bps",NA,"HARTWELL_database_Master_2011-2024_CLEANED.txt",NA
"626","MDSEQ 0649","1/14/16",NA,"Wang, Lu",NA,71536,"696586","71536-696586","ChIP-Seq",NA,NA,"mouse",NA,"ChIP-seq, Single, 50 bps",NA,"HARTWELL_database_Master_2011-2024_CLEANED.txt",NA
"627","MDSEQ 0649","1/19/16",NA,"Wang, Lu",NA,71805,"699814","71805-699814","ChIP-Seq",NA,NA,"mouse",NA,"ChIP-seq, Single, 50 bps",NA,"HARTWELL_database_Master_2011-2024_CLEANED.txt",NA
"628","MDSEQ 0650","1/14/16",NA,"Wang, Lu",NA,71536,"696587","71536-696587","ChIP-Seq",NA,NA,"mouse",NA,"ChIP-seq, Single, 50 bps",NA,"HARTWELL_database_Master_2011-2024_CLEANED.txt",NA
"629","MDSEQ 0650","1/19/16",NA,"Wang, Lu",NA,71805,"699815","71805-699815","ChIP-Seq",NA,NA,"mouse",NA,"ChIP-seq, Single, 50 bps",NA,"HARTWELL_database_Master_2011-2024_CLEANED.txt",NA
"630","MDSEQ 0651","1/14/16",NA,"Wang, Lu",NA,71536,"696588","71536-696588","ChIP-Seq",NA,NA,"mouse",NA,"ChIP-seq, Single, 50 bps",NA,"HARTWELL_database_Master_2011-2024_CLEANED.txt",NA
"631","MDSEQ 0651","1/19/16",NA,"Wang, Lu",NA,71805,"699816","71805-699816","ChIP-Seq",NA,NA,"mouse",NA,"ChIP-seq, Single, 50 bps",NA,"HARTWELL_database_Master_2011-2024_CLEANED.txt",NA
"632","MDSEQ 0652","1/14/16",NA,"Wang, Lu",NA,71536,"696589","71536-696589","ChIP-Seq",NA,NA,"mouse",NA,"ChIP-seq, Single, 50 bps",NA,"HARTWELL_database_Master_2011-2024_CLEANED.txt",NA
"633","MDSEQ 0652","1/19/16",NA,"Wang, Lu",NA,71805,"699817","71805-699817","ChIP-Seq",NA,NA,"mouse",NA,"ChIP-seq, Single, 50 bps",NA,"HARTWELL_database_Master_2011-2024_CLEANED.txt",NA
"634","MDSEQ 0653","1/14/16",NA,"Wang, Lu",NA,71536,"696590","71536-696590","ChIP-Seq",NA,NA,"mouse",NA,"ChIP-seq, Single, 50 bps",NA,"HARTWELL_database_Master_2011-2024_CLEANED.txt",NA
"635","MDSEQ 0653","1/19/16",NA,"Wang, Lu",NA,71805,"699818","71805-699818","ChIP-Seq",NA,NA,"mouse",NA,"ChIP-seq, Single, 50 bps",NA,"HARTWELL_database_Master_2011-2024_CLEANED.txt",NA
"636","MDSEQ 0654","1/14/16",NA,"Wang, Lu",NA,71536,"696591","71536-696591","ChIP-Seq",NA,NA,"mouse",NA,"ChIP-seq, Single, 50 bps",NA,"HARTWELL_database_Master_2011-2024_CLEANED.txt",NA
"637","MDSEQ 0654","1/19/16",NA,"Wang, Lu",NA,71805,"699819","71805-699819","ChIP-Seq",NA,NA,"mouse",NA,"ChIP-seq, Single, 50 bps",NA,"HARTWELL_database_Master_2011-2024_CLEANED.txt",NA
"638","MDSEQ 0655","1/14/16",NA,"Wang, Lu",NA,71536,"696592","71536-696592","ChIP-Seq",NA,NA,"mouse",NA,"ChIP-seq, Single, 50 bps",NA,"HARTWELL_database_Master_2011-2024_CLEANED.txt",NA
"639","MDSEQ 0655","1/19/16",NA,"Wang, Lu",NA,71805,"699820","71805-699820","ChIP-Seq",NA,NA,"mouse",NA,"ChIP-seq, Single, 50 bps",NA,"HARTWELL_database_Master_2011-2024_CLEANED.txt",NA
"640","MDSEQ 0656","1/14/16",NA,"Wang, Lu",NA,71536,"696593","71536-696593","ChIP-Seq",NA,NA,"mouse",NA,"ChIP-seq, Single, 50 bps",NA,"HARTWELL_database_Master_2011-2024_CLEANED.txt",NA
"641","MDSEQ 0656","1/19/16",NA,"Wang, Lu",NA,71805,"699821","71805-699821","ChIP-Seq",NA,NA,"mouse",NA,"ChIP-seq, Single, 50 bps",NA,"HARTWELL_database_Master_2011-2024_CLEANED.txt",NA
"642","MDSEQ 0657","1/14/16",NA,"Wang, Lu",NA,71536,"696594","71536-696594","ChIP-Seq",NA,NA,"mouse",NA,"ChIP-seq, Single, 50 bps",NA,"HARTWELL_database_Master_2011-2024_CLEANED.txt",NA
"643","MDSEQ 0657","1/19/16",NA,"Wang, Lu",NA,71805,"699822","71805-699822","ChIP-Seq",NA,NA,"mouse",NA,"ChIP-seq, Single, 50 bps",NA,"HARTWELL_database_Master_2011-2024_CLEANED.txt",NA
"644","MDSEQ 0658","1/14/16",NA,"Wang, Lu",NA,71536,"696595","71536-696595","ChIP-Seq",NA,NA,"mouse",NA,"ChIP-seq, Single, 50 bps",NA,"HARTWELL_database_Master_2011-2024_CLEANED.txt",NA
"645","MDSEQ 0658","1/19/16",NA,"Wang, Lu",NA,71805,"699823","71805-699823","ChIP-Seq",NA,NA,"mouse",NA,"ChIP-seq, Single, 50 bps",NA,"HARTWELL_database_Master_2011-2024_CLEANED.txt",NA
"646","MDSEQ 0659","1/14/16",NA,"Wang, Lu",NA,71536,"696596","71536-696596","ChIP-Seq",NA,NA,"mouse",NA,"ChIP-seq, Single, 50 bps",NA,"HARTWELL_database_Master_2011-2024_CLEANED.txt",NA
"647","MDSEQ 0659","1/19/16",NA,"Wang, Lu",NA,71805,"699824","71805-699824","ChIP-Seq",NA,NA,"mouse",NA,"ChIP-seq, Single, 50 bps",NA,"HARTWELL_database_Master_2011-2024_CLEANED.txt",NA
"648","MDSEQ 0660","1/14/16",NA,"Wang, Lu",NA,71536,"696597","71536-696597","ChIP-Seq",NA,NA,"mouse",NA,"ChIP-seq, Single, 50 bps",NA,"HARTWELL_database_Master_2011-2024_CLEANED.txt",NA
"649","MDSEQ 0660","1/19/16",NA,"Wang, Lu",NA,71805,"699825","71805-699825","ChIP-Seq",NA,NA,"mouse",NA,"ChIP-seq, Single, 50 bps",NA,"HARTWELL_database_Master_2011-2024_CLEANED.txt",NA
"650","MDSEQ 0661","1/14/16",NA,"Wang, Lu",NA,71536,"696598","71536-696598","ChIP-Seq",NA,NA,"mouse",NA,"ChIP-seq, Single, 50 bps",NA,"HARTWELL_database_Master_2011-2024_CLEANED.txt",NA
"651","MDSEQ 0661","1/19/16",NA,"Wang, Lu",NA,71805,"699826","71805-699826","ChIP-Seq",NA,NA,"mouse",NA,"ChIP-seq, Single, 50 bps",NA,"HARTWELL_database_Master_2011-2024_CLEANED.txt",NA
"652","MDSEQ 0662","1/14/16",NA,"Wang, Lu",NA,71536,"696599","71536-696599","ChIP-Seq",NA,NA,"mouse",NA,"ChIP-seq, Single, 50 bps",NA,"HARTWELL_database_Master_2011-2024_CLEANED.txt",NA
"653","MDSEQ 0662","1/19/16",NA,"Wang, Lu",NA,71805,"699827","71805-699827","ChIP-Seq",NA,NA,"mouse",NA,"ChIP-seq, Single, 50 bps",NA,"HARTWELL_database_Master_2011-2024_CLEANED.txt",NA
"654","MDSEQ 0663","1/14/16",NA,"Wang, Lu",NA,71536,"696600","71536-696600","ChIP-Seq",NA,NA,"mouse",NA,"ChIP-seq, Single, 50 bps",NA,"HARTWELL_database_Master_2011-2024_CLEANED.txt",NA
"655","MDSEQ 0663","1/19/16",NA,"Wang, Lu",NA,71805,"699828","71805-699828","ChIP-Seq",NA,NA,"mouse",NA,"ChIP-seq, Single, 50 bps",NA,"HARTWELL_database_Master_2011-2024_CLEANED.txt",NA
"656","MDSEQ 0664","1/14/16",NA,"Wang, Lu",NA,71536,"696601","71536-696601","ChIP-Seq",NA,NA,"mouse",NA,"ChIP-seq, Single, 50 bps",NA,"HARTWELL_database_Master_2011-2024_CLEANED.txt",NA
"657","MDSEQ 0664","1/19/16",NA,"Wang, Lu",NA,71805,"699829","71805-699829","ChIP-Seq",NA,NA,"mouse",NA,"ChIP-seq, Single, 50 bps",NA,"HARTWELL_database_Master_2011-2024_CLEANED.txt",NA
"658","MDSEQ 0665","1/14/16",NA,"Wang, Lu",NA,71536,"696602","71536-696602","ChIP-Seq",NA,NA,"mouse",NA,"ChIP-seq, Single, 50 bps",NA,"HARTWELL_database_Master_2011-2024_CLEANED.txt",NA
"659","MDSEQ 0665","1/19/16",NA,"Wang, Lu",NA,71805,"699830","71805-699830","ChIP-Seq",NA,NA,"mouse",NA,"ChIP-seq, Single, 50 bps",NA,"HARTWELL_database_Master_2011-2024_CLEANED.txt",NA
"660","MDSEQ 0666","1/14/16",NA,"Wang, Lu",NA,71536,"696603","71536-696603","ChIP-Seq",NA,NA,"mouse",NA,"ChIP-seq, Single, 50 bps",NA,"HARTWELL_database_Master_2011-2024_CLEANED.txt",NA
"661","MDSEQ 0666","1/19/16",NA,"Wang, Lu",NA,71805,"699831","71805-699831","ChIP-Seq",NA,NA,"mouse",NA,"ChIP-seq, Single, 50 bps",NA,"HARTWELL_database_Master_2011-2024_CLEANED.txt",NA
"662","MDSEQ 0667","1/14/16",NA,"Wang, Lu",NA,71536,"696604","71536-696604","ChIP-Seq",NA,NA,"mouse",NA,"ChIP-seq, Single, 50 bps",NA,"HARTWELL_database_Master_2011-2024_CLEANED.txt",NA
"663","MDSEQ 0667","1/19/16",NA,"Wang, Lu",NA,71805,"699832","71805-699832","ChIP-Seq",NA,NA,"mouse",NA,"ChIP-seq, Single, 50 bps",NA,"HARTWELL_database_Master_2011-2024_CLEANED.txt",NA
"664","MDSEQ 0668","1/14/16",NA,"Wang, Lu",NA,71536,"696605","71536-696605","ChIP-Seq",NA,NA,"mouse",NA,"ChIP-seq, Single, 50 bps",NA,"HARTWELL_database_Master_2011-2024_CLEANED.txt",NA
"665","MDSEQ 0668","1/19/16",NA,"Wang, Lu",NA,71805,"699833","71805-699833","ChIP-Seq",NA,NA,"mouse",NA,"ChIP-seq, Single, 50 bps",NA,"HARTWELL_database_Master_2011-2024_CLEANED.txt",NA
"666","MDSEQ 0669","1/14/16",NA,"Wang, Lu",NA,71536,"696606","71536-696606","ChIP-Seq",NA,NA,"mouse",NA,"ChIP-seq, Single, 50 bps",NA,"HARTWELL_database_Master_2011-2024_CLEANED.txt",NA
"667","MDSEQ 0669","1/19/16",NA,"Wang, Lu",NA,71805,"699834","71805-699834","ChIP-Seq",NA,NA,"mouse",NA,"ChIP-seq, Single, 50 bps",NA,"HARTWELL_database_Master_2011-2024_CLEANED.txt",NA
"668","MDSEQ 0670","1/14/16",NA,"Wang, Lu",NA,71536,"696607","71536-696607","ChIP-Seq",NA,NA,"mouse",NA,"ChIP-seq, Single, 50 bps",NA,"HARTWELL_database_Master_2011-2024_CLEANED.txt",NA
"669","MDSEQ 0670","1/19/16",NA,"Wang, Lu",NA,71805,"699835","71805-699835","ChIP-Seq",NA,NA,"mouse",NA,"ChIP-seq, Single, 50 bps",NA,"HARTWELL_database_Master_2011-2024_CLEANED.txt",NA
"670","MDSEQ 0671","1/14/16",NA,"Wang, Lu",NA,71536,"696608","71536-696608","ChIP-Seq",NA,NA,"mouse",NA,"ChIP-seq, Single, 50 bps",NA,"HARTWELL_database_Master_2011-2024_CLEANED.txt",NA
"671","MDSEQ 0671","1/19/16",NA,"Wang, Lu",NA,71805,"699836","71805-699836","ChIP-Seq",NA,NA,"mouse",NA,"ChIP-seq, Single, 50 bps",NA,"HARTWELL_database_Master_2011-2024_CLEANED.txt",NA
"672","MDSEQ 0672","1/14/16",NA,"Wang, Lu",NA,71536,"696609","71536-696609","ChIP-Seq",NA,NA,"mouse",NA,"ChIP-seq, Single, 50 bps",NA,"HARTWELL_database_Master_2011-2024_CLEANED.txt",NA
"673","MDSEQ 0672","1/19/16",NA,"Wang, Lu",NA,71805,"699837","71805-699837","ChIP-Seq",NA,NA,"mouse",NA,"ChIP-seq, Single, 50 bps",NA,"HARTWELL_database_Master_2011-2024_CLEANED.txt",NA
"674","MDSEQ 0673","1/14/16",NA,"Wang, Lu",NA,71536,"696610","71536-696610","ChIP-Seq",NA,NA,"mouse",NA,"ChIP-seq, Single, 50 bps",NA,"HARTWELL_database_Master_2011-2024_CLEANED.txt",NA
"675","MDSEQ 0673","1/19/16",NA,"Wang, Lu",NA,71805,"699838","71805-699838","ChIP-Seq",NA,NA,"mouse",NA,"ChIP-seq, Single, 50 bps",NA,"HARTWELL_database_Master_2011-2024_CLEANED.txt",NA
"676","MDSEQ 0674","1/14/16",NA,"Wang, Lu",NA,71536,"696611","71536-696611","ChIP-Seq",NA,NA,"mouse",NA,"ChIP-seq, Single, 50 bps",NA,"HARTWELL_database_Master_2011-2024_CLEANED.txt",NA
"677","MDSEQ 0674","1/19/16",NA,"Wang, Lu",NA,71805,"699839","71805-699839","ChIP-Seq",NA,NA,"mouse",NA,"ChIP-seq, Single, 50 bps",NA,"HARTWELL_database_Master_2011-2024_CLEANED.txt",NA
"678","MDSEQ 0675","1/14/16",NA,"Wang, Lu",NA,71536,"696612","71536-696612","ChIP-Seq",NA,NA,"mouse",NA,"ChIP-seq, Single, 50 bps",NA,"HARTWELL_database_Master_2011-2024_CLEANED.txt",NA
"679","MDSEQ 0675","1/19/16",NA,"Wang, Lu",NA,71805,"699840","71805-699840","ChIP-Seq",NA,NA,"mouse",NA,"ChIP-seq, Single, 50 bps",NA,"HARTWELL_database_Master_2011-2024_CLEANED.txt",NA
"680","MDSEQ 0676","1/14/16",NA,"Wang, Lu",NA,71536,"696613","71536-696613","ChIP-Seq",NA,NA,"mouse",NA,"ChIP-seq, Single, 50 bps",NA,"HARTWELL_database_Master_2011-2024_CLEANED.txt",NA
"681","MDSEQ 0676","1/19/16",NA,"Wang, Lu",NA,71805,"699841","71805-699841","ChIP-Seq",NA,NA,"mouse",NA,"ChIP-seq, Single, 50 bps",NA,"HARTWELL_database_Master_2011-2024_CLEANED.txt",NA
"682","MDSEQ 0677","1/14/16",NA,"Wang, Lu",NA,71536,"696614","71536-696614","ChIP-Seq",NA,NA,"mouse",NA,"ChIP-seq, Single, 50 bps",NA,"HARTWELL_database_Master_2011-2024_CLEANED.txt",NA
"683","MDSEQ 0677","1/19/16",NA,"Wang, Lu",NA,71805,"699842","71805-699842","ChIP-Seq",NA,NA,"mouse",NA,"ChIP-seq, Single, 50 bps",NA,"HARTWELL_database_Master_2011-2024_CLEANED.txt",NA
"684","MDSEQ 0678","1/14/16",NA,"Wang, Lu",NA,71536,"696615","71536-696615","ChIP-Seq",NA,NA,"mouse",NA,"ChIP-seq, Single, 50 bps",NA,"HARTWELL_database_Master_2011-2024_CLEANED.txt",NA
"685","MDSEQ 0678","1/19/16",NA,"Wang, Lu",NA,71805,"699843","71805-699843","ChIP-Seq",NA,NA,"mouse",NA,"ChIP-seq, Single, 50 bps",NA,"HARTWELL_database_Master_2011-2024_CLEANED.txt",NA
"686","MDSEQ 0679","1/14/16",NA,"Wang, Lu",NA,71536,"696616","71536-696616","ChIP-Seq",NA,NA,"mouse",NA,"ChIP-seq, Single, 50 bps",NA,"HARTWELL_database_Master_2011-2024_CLEANED.txt",NA
"687","MDSEQ 0679","1/19/16",NA,"Wang, Lu",NA,71805,"699844","71805-699844","ChIP-Seq",NA,NA,"mouse",NA,"ChIP-seq, Single, 50 bps",NA,"HARTWELL_database_Master_2011-2024_CLEANED.txt",NA
"688","MDSEQ 0680","1/14/16",NA,"Wang, Lu",NA,71536,"696617","71536-696617","ChIP-Seq",NA,NA,"mouse",NA,"ChIP-seq, Single, 50 bps",NA,"HARTWELL_database_Master_2011-2024_CLEANED.txt",NA
"689","MDSEQ 0680","1/19/16",NA,"Wang, Lu",NA,71805,"699845","71805-699845","ChIP-Seq",NA,NA,"mouse",NA,"ChIP-seq, Single, 50 bps",NA,"HARTWELL_database_Master_2011-2024_CLEANED.txt",NA
"690","MDSEQ 0681","1/14/16",NA,"Wang, Lu",NA,71536,"696618","71536-696618","ChIP-Seq",NA,NA,"mouse",NA,"ChIP-seq, Single, 50 bps",NA,"HARTWELL_database_Master_2011-2024_CLEANED.txt",NA
"691","MDSEQ 0681","1/19/16",NA,"Wang, Lu",NA,71805,"699846","71805-699846","ChIP-Seq",NA,NA,"mouse",NA,"ChIP-seq, Single, 50 bps",NA,"HARTWELL_database_Master_2011-2024_CLEANED.txt",NA
"692","MDSEQ 0682","1/14/16",NA,"Wang, Lu",NA,71536,"696619","71536-696619","ChIP-Seq",NA,NA,"mouse",NA,"ChIP-seq, Single, 50 bps",NA,"HARTWELL_database_Master_2011-2024_CLEANED.txt",NA
"693","MDSEQ 0682","1/19/16",NA,"Wang, Lu",NA,71805,"699847","71805-699847","ChIP-Seq",NA,NA,"mouse",NA,"ChIP-seq, Single, 50 bps",NA,"HARTWELL_database_Master_2011-2024_CLEANED.txt",NA
"694","MDSEQ 0683","1/14/16",NA,"Wang, Lu",NA,71536,"696620","71536-696620","ChIP-Seq",NA,NA,"mouse",NA,"ChIP-seq, Single, 50 bps",NA,"HARTWELL_database_Master_2011-2024_CLEANED.txt",NA
"695","MDSEQ 0683","1/19/16",NA,"Wang, Lu",NA,71805,"699848","71805-699848","ChIP-Seq",NA,NA,"mouse",NA,"ChIP-seq, Single, 50 bps",NA,"HARTWELL_database_Master_2011-2024_CLEANED.txt",NA
"696","MDSEQ 0684","1/14/16",NA,"Wang, Lu",NA,71536,"696621","71536-696621","ChIP-Seq",NA,NA,"mouse",NA,"ChIP-seq, Single, 50 bps",NA,"HARTWELL_database_Master_2011-2024_CLEANED.txt",NA
"697","MDSEQ 0684","1/19/16",NA,"Wang, Lu",NA,71805,"699849","71805-699849","ChIP-Seq",NA,NA,"mouse",NA,"ChIP-seq, Single, 50 bps",NA,"HARTWELL_database_Master_2011-2024_CLEANED.txt",NA
"698","MDSEQ 0685","1/14/16",NA,"Wang, Lu",NA,71536,"696622","71536-696622","ChIP-Seq",NA,NA,"mouse",NA,"ChIP-seq, Single, 50 bps",NA,"HARTWELL_database_Master_2011-2024_CLEANED.txt",NA
"699","MDSEQ 0685","1/19/16",NA,"Wang, Lu",NA,71805,"699850","71805-699850","ChIP-Seq",NA,NA,"mouse",NA,"ChIP-seq, Single, 50 bps",NA,"HARTWELL_database_Master_2011-2024_CLEANED.txt",NA
"700","MDSEQ 0686","1/14/16",NA,"Wang, Lu",NA,71536,"696623","71536-696623","ChIP-Seq",NA,NA,"mouse",NA,"ChIP-seq, Single, 50 bps",NA,"HARTWELL_database_Master_2011-2024_CLEANED.txt",NA
"701","MDSEQ 0686","1/19/16",NA,"Wang, Lu",NA,71805,"699851","71805-699851","ChIP-Seq",NA,NA,"mouse",NA,"ChIP-seq, Single, 50 bps",NA,"HARTWELL_database_Master_2011-2024_CLEANED.txt",NA
"702","MDSEQ 0687","1/14/16",NA,"Wang, Lu",NA,71536,"696624","71536-696624","ChIP-Seq",NA,NA,"mouse",NA,"ChIP-seq, Single, 50 bps",NA,"HARTWELL_database_Master_2011-2024_CLEANED.txt",NA
"703","MDSEQ 0687","1/19/16",NA,"Wang, Lu",NA,71805,"699852","71805-699852","ChIP-Seq",NA,NA,"mouse",NA,"ChIP-seq, Single, 50 bps",NA,"HARTWELL_database_Master_2011-2024_CLEANED.txt",NA
"704","MDSEQ 0688","1/14/16",NA,"Wang, Lu",NA,71536,"696625","71536-696625","ChIP-Seq",NA,NA,"mouse",NA,"ChIP-seq, Single, 50 bps",NA,"HARTWELL_database_Master_2011-2024_CLEANED.txt",NA
"705","MDSEQ 0688","1/19/16",NA,"Wang, Lu",NA,71805,"699853","71805-699853","ChIP-Seq",NA,NA,"mouse",NA,"ChIP-seq, Single, 50 bps",NA,"HARTWELL_database_Master_2011-2024_CLEANED.txt",NA
"706","MDSEQ 0689","1/14/16",NA,"Wang, Lu",NA,71536,"696626","71536-696626","ChIP-Seq",NA,NA,"mouse",NA,"ChIP-seq, Single, 50 bps",NA,"HARTWELL_database_Master_2011-2024_CLEANED.txt",NA
"707","MDSEQ 0689","1/19/16",NA,"Wang, Lu",NA,71805,"699854","71805-699854","ChIP-Seq",NA,NA,"mouse",NA,"ChIP-seq, Single, 50 bps",NA,"HARTWELL_database_Master_2011-2024_CLEANED.txt",NA
"708","MDSEQ 0690","1/14/16",NA,"Wang, Lu",NA,71536,"696627","71536-696627","ChIP-Seq",NA,NA,"mouse",NA,"ChIP-seq, Single, 50 bps",NA,"HARTWELL_database_Master_2011-2024_CLEANED.txt",NA
"709","MDSEQ 0690","1/19/16",NA,"Wang, Lu",NA,71805,"699855","71805-699855","ChIP-Seq",NA,NA,"mouse",NA,"ChIP-seq, Single, 50 bps",NA,"HARTWELL_database_Master_2011-2024_CLEANED.txt",NA
"710","MDSEQ 0691","1/14/16",NA,"Wang, Lu",NA,71536,"696628","71536-696628","ChIP-Seq",NA,NA,"mouse",NA,"ChIP-seq, Single, 50 bps",NA,"HARTWELL_database_Master_2011-2024_CLEANED.txt",NA
"711","MDSEQ 0691","1/19/16",NA,"Wang, Lu",NA,71805,"699856","71805-699856","ChIP-Seq",NA,NA,"mouse",NA,"ChIP-seq, Single, 50 bps",NA,"HARTWELL_database_Master_2011-2024_CLEANED.txt",NA
"712","MDSEQ 0692","1/14/16",NA,"Wang, Lu",NA,71536,"696629","71536-696629","ChIP-Seq",NA,NA,"mouse",NA,"ChIP-seq, Single, 50 bps",NA,"HARTWELL_database_Master_2011-2024_CLEANED.txt",NA
"713","MDSEQ 0692","1/19/16",NA,"Wang, Lu",NA,71805,"699857","71805-699857","ChIP-Seq",NA,NA,"mouse",NA,"ChIP-seq, Single, 50 bps",NA,"HARTWELL_database_Master_2011-2024_CLEANED.txt",NA
"714","MDSEQ 0693","1/14/16",NA,"Wang, Lu",NA,71536,"696630","71536-696630","ChIP-Seq",NA,NA,"mouse",NA,"ChIP-seq, Single, 50 bps",NA,"HARTWELL_database_Master_2011-2024_CLEANED.txt",NA
"715","MDSEQ 0693","1/19/16",NA,"Wang, Lu",NA,71805,"699858","71805-699858","ChIP-Seq",NA,NA,"mouse",NA,"ChIP-seq, Single, 50 bps",NA,"HARTWELL_database_Master_2011-2024_CLEANED.txt",NA
"716","MDSEQ 0694","1/14/16",NA,"Wang, Lu",NA,71536,"696631","71536-696631","ChIP-Seq",NA,NA,"mouse",NA,"ChIP-seq, Single, 50 bps",NA,"HARTWELL_database_Master_2011-2024_CLEANED.txt",NA
"717","MDSEQ 0694","1/19/16",NA,"Wang, Lu",NA,71805,"699859","71805-699859","ChIP-Seq",NA,NA,"mouse",NA,"ChIP-seq, Single, 50 bps",NA,"HARTWELL_database_Master_2011-2024_CLEANED.txt",NA
"718","MDSEQ 0695","1/14/16",NA,"Wang, Lu",NA,71536,"696632","71536-696632","ChIP-Seq",NA,NA,"mouse",NA,"ChIP-seq, Single, 50 bps",NA,"HARTWELL_database_Master_2011-2024_CLEANED.txt",NA
"719","MDSEQ 0695","1/19/16",NA,"Wang, Lu",NA,71805,"699860","71805-699860","ChIP-Seq",NA,NA,"mouse",NA,"ChIP-seq, Single, 50 bps",NA,"HARTWELL_database_Master_2011-2024_CLEANED.txt",NA
"720","MDSEQ 0696","1/14/16",NA,"Wang, Lu",NA,71536,"696633","71536-696633","ChIP-Seq",NA,NA,"mouse",NA,"ChIP-seq, Single, 50 bps",NA,"HARTWELL_database_Master_2011-2024_CLEANED.txt",NA
"721","MDSEQ 0696","1/19/16",NA,"Wang, Lu",NA,71805,"699861","71805-699861","ChIP-Seq",NA,NA,"mouse",NA,"ChIP-seq, Single, 50 bps",NA,"HARTWELL_database_Master_2011-2024_CLEANED.txt",NA
"722","MDSEQ 0697","1/14/16",NA,"Wang, Lu",NA,71536,"696634","71536-696634","ChIP-Seq",NA,NA,"mouse",NA,"ChIP-seq, Single, 50 bps",NA,"HARTWELL_database_Master_2011-2024_CLEANED.txt",NA
"723","MDSEQ 0697","1/19/16",NA,"Wang, Lu",NA,71805,"699862","71805-699862","ChIP-Seq",NA,NA,"mouse",NA,"ChIP-seq, Single, 50 bps",NA,"HARTWELL_database_Master_2011-2024_CLEANED.txt",NA
"724","MDSEQ 0698","1/14/16",NA,"Wang, Lu",NA,71536,"696635","71536-696635","ChIP-Seq",NA,NA,"mouse",NA,"ChIP-seq, Single, 50 bps",NA,"HARTWELL_database_Master_2011-2024_CLEANED.txt",NA
"725","MDSEQ 0698","1/19/16",NA,"Wang, Lu",NA,71805,"699863","71805-699863","ChIP-Seq",NA,NA,"mouse",NA,"ChIP-seq, Single, 50 bps",NA,"HARTWELL_database_Master_2011-2024_CLEANED.txt",NA
"726","MDSEQ 0699","1/14/16",NA,"Wang, Lu",NA,71536,"696636","71536-696636","ChIP-Seq",NA,NA,"mouse",NA,"ChIP-seq, Single, 50 bps",NA,"HARTWELL_database_Master_2011-2024_CLEANED.txt",NA
"727","MDSEQ 0699","1/19/16",NA,"Wang, Lu",NA,71805,"699864","71805-699864","ChIP-Seq",NA,NA,"mouse",NA,"ChIP-seq, Single, 50 bps",NA,"HARTWELL_database_Master_2011-2024_CLEANED.txt",NA
"728","MDSEQ 0700","1/14/16",NA,"Wang, Lu",NA,71536,"696637","71536-696637","ChIP-Seq",NA,NA,"mouse",NA,"ChIP-seq, Single, 50 bps",NA,"HARTWELL_database_Master_2011-2024_CLEANED.txt",NA
"729","MDSEQ 0700","1/19/16",NA,"Wang, Lu",NA,71805,"699865","71805-699865","ChIP-Seq",NA,NA,"mouse",NA,"ChIP-seq, Single, 50 bps",NA,"HARTWELL_database_Master_2011-2024_CLEANED.txt",NA
"730","MDSEQ 0701","1/14/16",NA,"Wang, Lu",NA,71536,"696638","71536-696638","ChIP-Seq",NA,NA,"mouse",NA,"ChIP-seq, Single, 50 bps",NA,"HARTWELL_database_Master_2011-2024_CLEANED.txt",NA
"731","MDSEQ 0701","1/19/16",NA,"Wang, Lu",NA,71805,"699866","71805-699866","ChIP-Seq",NA,NA,"mouse",NA,"ChIP-seq, Single, 50 bps",NA,"HARTWELL_database_Master_2011-2024_CLEANED.txt",NA
"732","MDSEQ 0702","1/14/16",NA,"Wang, Lu",NA,71536,"696639","71536-696639","ChIP-Seq",NA,NA,"mouse",NA,"ChIP-seq, Single, 50 bps",NA,"HARTWELL_database_Master_2011-2024_CLEANED.txt",NA
"733","MDSEQ 0702","1/19/16",NA,"Wang, Lu",NA,71805,"699867","71805-699867","ChIP-Seq",NA,NA,"mouse",NA,"ChIP-seq, Single, 50 bps",NA,"HARTWELL_database_Master_2011-2024_CLEANED.txt",NA
"734","MDSEQ 0703","1/14/16",NA,"Wang, Lu",NA,71536,"696640","71536-696640","ChIP-Seq",NA,NA,"mouse",NA,"ChIP-seq, Single, 50 bps",NA,"HARTWELL_database_Master_2011-2024_CLEANED.txt",NA
"735","MDSEQ 0703","1/19/16",NA,"Wang, Lu",NA,71805,"699868","71805-699868","ChIP-Seq",NA,NA,"mouse",NA,"ChIP-seq, Single, 50 bps",NA,"HARTWELL_database_Master_2011-2024_CLEANED.txt",NA
"736","MDSEQ 0704","1/14/16",NA,"Wang, Lu",NA,71536,"696641","71536-696641","ChIP-Seq",NA,NA,"mouse",NA,"ChIP-seq, Single, 50 bps",NA,"HARTWELL_database_Master_2011-2024_CLEANED.txt",NA
"737","MDSEQ 0704","1/19/16",NA,"Wang, Lu",NA,71805,"699869","71805-699869","ChIP-Seq",NA,NA,"mouse",NA,"ChIP-seq, Single, 50 bps",NA,"HARTWELL_database_Master_2011-2024_CLEANED.txt",NA
"738","MDSEQ 0705","1/14/16",NA,"Wang, Lu",NA,71536,"696642","71536-696642","ChIP-Seq",NA,NA,"mouse",NA,"ChIP-seq, Single, 50 bps",NA,"HARTWELL_database_Master_2011-2024_CLEANED.txt",NA
"739","MDSEQ 0705","1/19/16",NA,"Wang, Lu",NA,71805,"699870","71805-699870","ChIP-Seq",NA,NA,"mouse",NA,"ChIP-seq, Single, 50 bps",NA,"HARTWELL_database_Master_2011-2024_CLEANED.txt",NA
"740","MDSEQ 0706","1/14/16",NA,"Wang, Lu",NA,71536,"696643","71536-696643","ChIP-Seq",NA,NA,"mouse",NA,"ChIP-seq, Single, 50 bps",NA,"HARTWELL_database_Master_2011-2024_CLEANED.txt",NA
"741","MDSEQ 0706","1/19/16",NA,"Wang, Lu",NA,71805,"699871","71805-699871","ChIP-Seq",NA,NA,"mouse",NA,"ChIP-seq, Single, 50 bps",NA,"HARTWELL_database_Master_2011-2024_CLEANED.txt",NA
"742","MDSEQ 0707","1/14/16",NA,"Wang, Lu",NA,71536,"696644","71536-696644","ChIP-Seq",NA,NA,"mouse",NA,"ChIP-seq, Single, 50 bps",NA,"HARTWELL_database_Master_2011-2024_CLEANED.txt",NA
"743","MDSEQ 0707","1/19/16",NA,"Wang, Lu",NA,71805,"699872","71805-699872","ChIP-Seq",NA,NA,"mouse",NA,"ChIP-seq, Single, 50 bps",NA,"HARTWELL_database_Master_2011-2024_CLEANED.txt",NA
"744","MDSEQ 0708","1/14/16",NA,"Wang, Lu",NA,71536,"696645","71536-696645","ChIP-Seq",NA,NA,"mouse",NA,"ChIP-seq, Single, 50 bps",NA,"HARTWELL_database_Master_2011-2024_CLEANED.txt",NA
"745","MDSEQ 0708","1/19/16",NA,"Wang, Lu",NA,71805,"699873","71805-699873","ChIP-Seq",NA,NA,"mouse",NA,"ChIP-seq, Single, 50 bps",NA,"HARTWELL_database_Master_2011-2024_CLEANED.txt",NA
"746","MDSEQ 0709","1/14/16",NA,"Wang, Lu",NA,71536,"696646","71536-696646","ChIP-Seq",NA,NA,"mouse",NA,"ChIP-seq, Single, 50 bps",NA,"HARTWELL_database_Master_2011-2024_CLEANED.txt",NA
"747","MDSEQ 0709","1/19/16",NA,"Wang, Lu",NA,71805,"699874","71805-699874","ChIP-Seq",NA,NA,"mouse",NA,"ChIP-seq, Single, 50 bps",NA,"HARTWELL_database_Master_2011-2024_CLEANED.txt",NA
"748","MDSEQ 0710","1/14/16",NA,"Wang, Lu",NA,71536,"696647","71536-696647","ChIP-Seq",NA,NA,"mouse",NA,"ChIP-seq, Single, 50 bps",NA,"HARTWELL_database_Master_2011-2024_CLEANED.txt",NA
"749","MDSEQ 0710","1/19/16",NA,"Wang, Lu",NA,71805,"699875","71805-699875","ChIP-Seq",NA,NA,"mouse",NA,"ChIP-seq, Single, 50 bps",NA,"HARTWELL_database_Master_2011-2024_CLEANED.txt",NA
"750","MDSEQ 0711","1/14/16",NA,"Wang, Lu",NA,71536,"696648","71536-696648","ChIP-Seq",NA,NA,"mouse",NA,"ChIP-seq, Single, 50 bps",NA,"HARTWELL_database_Master_2011-2024_CLEANED.txt",NA
"751","MDSEQ 0711","1/19/16",NA,"Wang, Lu",NA,71805,"699876","71805-699876","ChIP-Seq",NA,NA,"mouse",NA,"ChIP-seq, Single, 50 bps",NA,"HARTWELL_database_Master_2011-2024_CLEANED.txt",NA
"752","MDSEQ 0712","1/14/16",NA,"Wang, Lu",NA,71536,"696649","71536-696649","ChIP-Seq",NA,NA,"mouse",NA,"ChIP-seq, Single, 50 bps",NA,"HARTWELL_database_Master_2011-2024_CLEANED.txt",NA
"753","MDSEQ 0712","1/19/16",NA,"Wang, Lu",NA,71805,"699877","71805-699877","ChIP-Seq",NA,NA,"mouse",NA,"ChIP-seq, Single, 50 bps",NA,"HARTWELL_database_Master_2011-2024_CLEANED.txt",NA
"754","MDSEQ 0713","1/14/16",NA,"Wang, Lu",NA,71536,"696650","71536-696650","ChIP-Seq",NA,NA,"mouse",NA,"ChIP-seq, Single, 50 bps",NA,"HARTWELL_database_Master_2011-2024_CLEANED.txt",NA
"755","MDSEQ 0713","1/19/16",NA,"Wang, Lu",NA,71805,"699878","71805-699878","ChIP-Seq",NA,NA,"mouse",NA,"ChIP-seq, Single, 50 bps",NA,"HARTWELL_database_Master_2011-2024_CLEANED.txt",NA
"756","MDSEQ 0714","1/14/16",NA,"Wang, Lu",NA,71536,"696651","71536-696651","ChIP-Seq",NA,NA,"mouse",NA,"ChIP-seq, Single, 50 bps",NA,"HARTWELL_database_Master_2011-2024_CLEANED.txt",NA
"757","MDSEQ 0714","1/19/16",NA,"Wang, Lu",NA,71805,"699879","71805-699879","ChIP-Seq",NA,NA,"mouse",NA,"ChIP-seq, Single, 50 bps",NA,"HARTWELL_database_Master_2011-2024_CLEANED.txt",NA
"758","MDSEQ 0715","1/14/16",NA,"Wang, Lu",NA,71536,"696652","71536-696652","ChIP-Seq",NA,NA,"mouse",NA,"ChIP-seq, Single, 50 bps",NA,"HARTWELL_database_Master_2011-2024_CLEANED.txt",NA
"759","MDSEQ 0715","1/19/16",NA,"Wang, Lu",NA,71805,"699880","71805-699880","ChIP-Seq",NA,NA,"mouse",NA,"ChIP-seq, Single, 50 bps",NA,"HARTWELL_database_Master_2011-2024_CLEANED.txt",NA
"760","MDSEQ 0716","1/14/16",NA,"Wang, Lu",NA,71536,"696653","71536-696653","ChIP-Seq",NA,NA,"mouse",NA,"ChIP-seq, Single, 50 bps",NA,"HARTWELL_database_Master_2011-2024_CLEANED.txt",NA
"761","MDSEQ 0716","1/19/16",NA,"Wang, Lu",NA,71805,"699881","71805-699881","ChIP-Seq",NA,NA,"mouse",NA,"ChIP-seq, Single, 50 bps",NA,"HARTWELL_database_Master_2011-2024_CLEANED.txt",NA
"762","MDSEQ 0717","1/14/16",NA,"Wang, Lu",NA,71536,"696654","71536-696654","ChIP-Seq",NA,NA,"mouse",NA,"ChIP-seq, Single, 50 bps",NA,"HARTWELL_database_Master_2011-2024_CLEANED.txt",NA
"763","MDSEQ 0717","1/19/16",NA,"Wang, Lu",NA,71805,"699882","71805-699882","ChIP-Seq",NA,NA,"mouse",NA,"ChIP-seq, Single, 50 bps",NA,"HARTWELL_database_Master_2011-2024_CLEANED.txt",NA
"764","MDSEQ 0718","1/14/16",NA,"Wang, Lu",NA,71536,"696655","71536-696655","ChIP-Seq",NA,NA,"mouse",NA,"ChIP-seq, Single, 50 bps",NA,"HARTWELL_database_Master_2011-2024_CLEANED.txt",NA
"765","MDSEQ 0718","1/19/16",NA,"Wang, Lu",NA,71805,"699883","71805-699883","ChIP-Seq",NA,NA,"mouse",NA,"ChIP-seq, Single, 50 bps",NA,"HARTWELL_database_Master_2011-2024_CLEANED.txt",NA
"766","MDSEQ 0719","1/14/16",NA,"Wang, Lu",NA,71536,"696656","71536-696656","ChIP-Seq",NA,NA,"mouse",NA,"ChIP-seq, Single, 50 bps",NA,"HARTWELL_database_Master_2011-2024_CLEANED.txt",NA
"767","MDSEQ 0719","1/19/16",NA,"Wang, Lu",NA,71805,"699884","71805-699884","ChIP-Seq",NA,NA,"mouse",NA,"ChIP-seq, Single, 50 bps",NA,"HARTWELL_database_Master_2011-2024_CLEANED.txt",NA
"768","MDSEQ 0720","1/14/16",NA,"Wang, Lu",NA,71536,"696657","71536-696657","ChIP-Seq",NA,NA,"mouse",NA,"ChIP-seq, Single, 50 bps",NA,"HARTWELL_database_Master_2011-2024_CLEANED.txt",NA
"769","MDSEQ 0720","1/19/16",NA,"Wang, Lu",NA,71805,"699885","71805-699885","ChIP-Seq",NA,NA,"mouse",NA,"ChIP-seq, Single, 50 bps",NA,"HARTWELL_database_Master_2011-2024_CLEANED.txt",NA
"770","MDSEQ 0721","1/14/16",NA,"Wang, Lu",NA,71536,"696658","71536-696658","ChIP-Seq",NA,NA,"mouse",NA,"ChIP-seq, Single, 50 bps",NA,"HARTWELL_database_Master_2011-2024_CLEANED.txt",NA
"771","MDSEQ 0721","1/19/16",NA,"Wang, Lu",NA,71805,"699886","71805-699886","ChIP-Seq",NA,NA,"mouse",NA,"ChIP-seq, Single, 50 bps",NA,"HARTWELL_database_Master_2011-2024_CLEANED.txt",NA
"772","MDSEQ 0722","1/14/16",NA,"Wang, Lu",NA,71536,"696659","71536-696659","ChIP-Seq",NA,NA,"mouse",NA,"ChIP-seq, Single, 50 bps",NA,"HARTWELL_database_Master_2011-2024_CLEANED.txt",NA
"773","MDSEQ 0722","1/19/16",NA,"Wang, Lu",NA,71805,"699887","71805-699887","ChIP-Seq",NA,NA,"mouse",NA,"ChIP-seq, Single, 50 bps",NA,"HARTWELL_database_Master_2011-2024_CLEANED.txt",NA
"774","MDSEQ 0723","1/14/16",NA,"Wang, Lu",NA,71536,"696660","71536-696660","ChIP-Seq",NA,NA,"mouse",NA,"ChIP-seq, Single, 50 bps",NA,"HARTWELL_database_Master_2011-2024_CLEANED.txt",NA
"775","MDSEQ 0723","1/19/16",NA,"Wang, Lu",NA,71805,"699888","71805-699888","ChIP-Seq",NA,NA,"mouse",NA,"ChIP-seq, Single, 50 bps",NA,"HARTWELL_database_Master_2011-2024_CLEANED.txt",NA
"776","MDSEQ 0724","1/14/16",NA,"Wang, Lu",NA,71536,"696661","71536-696661","ChIP-Seq",NA,NA,"mouse",NA,"ChIP-seq, Single, 50 bps",NA,"HARTWELL_database_Master_2011-2024_CLEANED.txt",NA
"777","MDSEQ 0724","1/19/16",NA,"Wang, Lu",NA,71805,"699889","71805-699889","ChIP-Seq",NA,NA,"mouse",NA,"ChIP-seq, Single, 50 bps",NA,"HARTWELL_database_Master_2011-2024_CLEANED.txt",NA
"778","MDSEQ 0725","1/14/16",NA,"Wang, Lu",NA,71536,"696662","71536-696662","ChIP-Seq",NA,NA,"mouse",NA,"ChIP-seq, Single, 50 bps",NA,"HARTWELL_database_Master_2011-2024_CLEANED.txt",NA
"779","MDSEQ 0725","1/19/16",NA,"Wang, Lu",NA,71805,"699890","71805-699890","ChIP-Seq",NA,NA,"mouse",NA,"ChIP-seq, Single, 50 bps",NA,"HARTWELL_database_Master_2011-2024_CLEANED.txt",NA
"780","MDSEQ 0726","1/14/16",NA,"Wang, Lu",NA,71536,"696663","71536-696663","ChIP-Seq",NA,NA,"mouse",NA,"ChIP-seq, Single, 50 bps",NA,"HARTWELL_database_Master_2011-2024_CLEANED.txt",NA
"781","MDSEQ 0726","1/19/16",NA,"Wang, Lu",NA,71805,"699891","71805-699891","ChIP-Seq",NA,NA,"mouse",NA,"ChIP-seq, Single, 50 bps",NA,"HARTWELL_database_Master_2011-2024_CLEANED.txt",NA
"782","MDSEQ 0727","1/14/16",NA,"Wang, Lu",NA,71536,"696664","71536-696664","ChIP-Seq",NA,NA,"mouse",NA,"ChIP-seq, Single, 50 bps",NA,"HARTWELL_database_Master_2011-2024_CLEANED.txt",NA
"783","MDSEQ 0727","1/19/16",NA,"Wang, Lu",NA,71805,"699892","71805-699892","ChIP-Seq",NA,NA,"mouse",NA,"ChIP-seq, Single, 50 bps",NA,"HARTWELL_database_Master_2011-2024_CLEANED.txt",NA
"784","MDSEQ 0728","1/14/16",NA,"Wang, Lu",NA,71536,"696665","71536-696665","ChIP-Seq",NA,NA,"mouse",NA,"ChIP-seq, Single, 50 bps",NA,"HARTWELL_database_Master_2011-2024_CLEANED.txt",NA
"785","MDSEQ 0728","1/19/16",NA,"Wang, Lu",NA,71805,"699893","71805-699893","ChIP-Seq",NA,NA,"mouse",NA,"ChIP-seq, Single, 50 bps",NA,"HARTWELL_database_Master_2011-2024_CLEANED.txt",NA
"786","MDSEQ 0729","1/14/16",NA,"Wang, Lu",NA,71536,"696666","71536-696666","ChIP-Seq",NA,NA,"mouse",NA,"ChIP-seq, Single, 50 bps",NA,"HARTWELL_database_Master_2011-2024_CLEANED.txt",NA
"787","MDSEQ 0729","1/19/16",NA,"Wang, Lu",NA,71805,"699894","71805-699894","ChIP-Seq",NA,NA,"mouse",NA,"ChIP-seq, Single, 50 bps",NA,"HARTWELL_database_Master_2011-2024_CLEANED.txt",NA
"788","MDSEQ 0730","1/14/16",NA,"Wang, Lu",NA,71536,"696667","71536-696667","ChIP-Seq",NA,NA,"mouse",NA,"ChIP-seq, Single, 50 bps",NA,"HARTWELL_database_Master_2011-2024_CLEANED.txt",NA
"789","MDSEQ 0730","1/19/16",NA,"Wang, Lu",NA,71805,"699895","71805-699895","ChIP-Seq",NA,NA,"mouse",NA,"ChIP-seq, Single, 50 bps",NA,"HARTWELL_database_Master_2011-2024_CLEANED.txt",NA
"790","MDSEQ 0731","1/14/16",NA,"Wang, Lu",NA,71536,"696668","71536-696668","ChIP-Seq",NA,NA,"mouse",NA,"ChIP-seq, Single, 50 bps",NA,"HARTWELL_database_Master_2011-2024_CLEANED.txt",NA
"791","MDSEQ 0731","1/19/16",NA,"Wang, Lu",NA,71805,"699896","71805-699896","ChIP-Seq",NA,NA,"mouse",NA,"ChIP-seq, Single, 50 bps",NA,"HARTWELL_database_Master_2011-2024_CLEANED.txt",NA
"792","MDSEQ 0732","1/14/16",NA,"Wang, Lu",NA,71536,"696669","71536-696669","ChIP-Seq",NA,NA,"mouse",NA,"ChIP-seq, Single, 50 bps",NA,"HARTWELL_database_Master_2011-2024_CLEANED.txt",NA
"793","MDSEQ 0732","1/19/16",NA,"Wang, Lu",NA,71805,"699897","71805-699897","ChIP-Seq",NA,NA,"mouse",NA,"ChIP-seq, Single, 50 bps",NA,"HARTWELL_database_Master_2011-2024_CLEANED.txt",NA
"794","MDSEQ 0733","1/14/16",NA,"Wang, Lu",NA,71536,"696670","71536-696670","ChIP-Seq",NA,NA,"mouse",NA,"ChIP-seq, Single, 50 bps",NA,"HARTWELL_database_Master_2011-2024_CLEANED.txt",NA
"795","MDSEQ 0733","1/19/16",NA,"Wang, Lu",NA,71805,"699898","71805-699898","ChIP-Seq",NA,NA,"mouse",NA,"ChIP-seq, Single, 50 bps",NA,"HARTWELL_database_Master_2011-2024_CLEANED.txt",NA
"796","MDSEQ 0734","1/14/16",NA,"Wang, Lu",NA,71536,"696671","71536-696671","ChIP-Seq",NA,NA,"mouse",NA,"ChIP-seq, Single, 50 bps",NA,"HARTWELL_database_Master_2011-2024_CLEANED.txt",NA
"797","MDSEQ 0734","1/19/16",NA,"Wang, Lu",NA,71805,"699899","71805-699899","ChIP-Seq",NA,NA,"mouse",NA,"ChIP-seq, Single, 50 bps",NA,"HARTWELL_database_Master_2011-2024_CLEANED.txt",NA
"798","MDSEQ 0735","1/14/16",NA,"Wang, Lu",NA,71536,"696672","71536-696672","ChIP-Seq",NA,NA,"mouse",NA,"ChIP-seq, Single, 50 bps",NA,"HARTWELL_database_Master_2011-2024_CLEANED.txt",NA
"799","MDSEQ 0735","1/19/16",NA,"Wang, Lu",NA,71805,"699900","71805-699900","ChIP-Seq",NA,NA,"mouse",NA,"ChIP-seq, Single, 50 bps",NA,"HARTWELL_database_Master_2011-2024_CLEANED.txt",NA
"800","MDSEQ 0736","1/14/16",NA,"Wang, Lu",NA,71536,"696673","71536-696673","ChIP-Seq",NA,NA,"mouse",NA,"ChIP-seq, Single, 50 bps",NA,"HARTWELL_database_Master_2011-2024_CLEANED.txt",NA
"801","MDSEQ 0736","1/19/16",NA,"Wang, Lu",NA,71805,"699901","71805-699901","ChIP-Seq",NA,NA,"mouse",NA,"ChIP-seq, Single, 50 bps",NA,"HARTWELL_database_Master_2011-2024_CLEANED.txt",NA
"802","MDSEQ 0737","1/14/16",NA,"Wang, Lu",NA,71536,"696674","71536-696674","ChIP-Seq",NA,NA,"mouse",NA,"ChIP-seq, Single, 50 bps",NA,"HARTWELL_database_Master_2011-2024_CLEANED.txt",NA
"803","MDSEQ 0737","1/19/16",NA,"Wang, Lu",NA,71805,"699902","71805-699902","ChIP-Seq",NA,NA,"mouse",NA,"ChIP-seq, Single, 50 bps",NA,"HARTWELL_database_Master_2011-2024_CLEANED.txt",NA
"804","MDSEQ 0738","1/14/16",NA,"Wang, Lu",NA,71536,"696675","71536-696675","ChIP-Seq",NA,NA,"mouse",NA,"ChIP-seq, Single, 50 bps",NA,"HARTWELL_database_Master_2011-2024_CLEANED.txt",NA
"805","MDSEQ 0738","1/19/16",NA,"Wang, Lu",NA,71805,"699903","71805-699903","ChIP-Seq",NA,NA,"mouse",NA,"ChIP-seq, Single, 50 bps",NA,"HARTWELL_database_Master_2011-2024_CLEANED.txt",NA
"806","MDSEQ 0739","1/14/16",NA,"Wang, Lu",NA,71536,"696676","71536-696676","ChIP-Seq",NA,NA,"mouse",NA,"ChIP-seq, Single, 50 bps",NA,"HARTWELL_database_Master_2011-2024_CLEANED.txt",NA
"807","MDSEQ 0739","1/19/16",NA,"Wang, Lu",NA,71805,"699904","71805-699904","ChIP-Seq",NA,NA,"mouse",NA,"ChIP-seq, Single, 50 bps",NA,"HARTWELL_database_Master_2011-2024_CLEANED.txt",NA
"808","MDSEQ 0740","1/14/16",NA,"Wang, Lu",NA,71536,"696677","71536-696677","ChIP-Seq",NA,NA,"mouse",NA,"ChIP-seq, Single, 50 bps",NA,"HARTWELL_database_Master_2011-2024_CLEANED.txt",NA
"809","MDSEQ 0740","1/19/16",NA,"Wang, Lu",NA,71805,"699905","71805-699905","ChIP-Seq",NA,NA,"mouse",NA,"ChIP-seq, Single, 50 bps",NA,"HARTWELL_database_Master_2011-2024_CLEANED.txt",NA
"810","MDSEQ 0741","1/14/16",NA,"Wang, Lu",NA,71536,"696678","71536-696678","ChIP-Seq",NA,NA,"mouse",NA,"ChIP-seq, Single, 50 bps",NA,"HARTWELL_database_Master_2011-2024_CLEANED.txt",NA
"811","MDSEQ 0741","1/19/16",NA,"Wang, Lu",NA,71805,"699906","71805-699906","ChIP-Seq",NA,NA,"mouse",NA,"ChIP-seq, Single, 50 bps",NA,"HARTWELL_database_Master_2011-2024_CLEANED.txt",NA
"812","MDSEQ 0742","1/14/16",NA,"Wang, Lu",NA,71536,"696679","71536-696679","ChIP-Seq",NA,NA,"mouse",NA,"ChIP-seq, Single, 50 bps",NA,"HARTWELL_database_Master_2011-2024_CLEANED.txt",NA
"813","MDSEQ 0742","1/19/16",NA,"Wang, Lu",NA,71805,"699907","71805-699907","ChIP-Seq",NA,NA,"mouse",NA,"ChIP-seq, Single, 50 bps",NA,"HARTWELL_database_Master_2011-2024_CLEANED.txt",NA
"814","MDSEQ 0743","1/14/16",NA,"Wang, Lu",NA,71536,"696680","71536-696680","ChIP-Seq",NA,NA,"mouse",NA,"ChIP-seq, Single, 50 bps",NA,"HARTWELL_database_Master_2011-2024_CLEANED.txt",NA
"815","MDSEQ 0743","1/19/16",NA,"Wang, Lu",NA,71805,"699908","71805-699908","ChIP-Seq",NA,NA,"mouse",NA,"ChIP-seq, Single, 50 bps",NA,"HARTWELL_database_Master_2011-2024_CLEANED.txt",NA
"816","MDSEQ 0744","1/14/16",NA,"Wang, Lu",NA,71536,"696681","71536-696681","ChIP-Seq",NA,NA,"mouse",NA,"ChIP-seq, Single, 50 bps",NA,"HARTWELL_database_Master_2011-2024_CLEANED.txt",NA
"817","MDSEQ 0744","1/19/16",NA,"Wang, Lu",NA,71805,"699909","71805-699909","ChIP-Seq",NA,NA,"mouse",NA,"ChIP-seq, Single, 50 bps",NA,"HARTWELL_database_Master_2011-2024_CLEANED.txt",NA
"818","MDSEQ 0745","1/14/16",NA,"Wang, Lu",NA,71536,"696682","71536-696682","ChIP-Seq",NA,NA,"mouse",NA,"ChIP-seq, Single, 50 bps",NA,"HARTWELL_database_Master_2011-2024_CLEANED.txt",NA
"819","MDSEQ 0745","1/19/16",NA,"Wang, Lu",NA,71805,"699910","71805-699910","ChIP-Seq",NA,NA,"mouse",NA,"ChIP-seq, Single, 50 bps",NA,"HARTWELL_database_Master_2011-2024_CLEANED.txt",NA
"820","MDSEQ 0746","1/14/16",NA,"Wang, Lu",NA,71536,"696683","71536-696683","ChIP-Seq",NA,NA,"mouse",NA,"ChIP-seq, Single, 50 bps",NA,"HARTWELL_database_Master_2011-2024_CLEANED.txt",NA
"821","MDSEQ 0746","1/19/16",NA,"Wang, Lu",NA,71805,"699911","71805-699911","ChIP-Seq",NA,NA,"mouse",NA,"ChIP-seq, Single, 50 bps",NA,"HARTWELL_database_Master_2011-2024_CLEANED.txt",NA
"822","MDSEQ 0747","1/14/16",NA,"Wang, Lu",NA,71536,"696684","71536-696684","ChIP-Seq",NA,NA,"mouse",NA,"ChIP-seq, Single, 50 bps",NA,"HARTWELL_database_Master_2011-2024_CLEANED.txt",NA
"823","MDSEQ 0747","1/19/16",NA,"Wang, Lu",NA,71805,"699912","71805-699912","ChIP-Seq",NA,NA,"mouse",NA,"ChIP-seq, Single, 50 bps",NA,"HARTWELL_database_Master_2011-2024_CLEANED.txt",NA
"824","MDSEQ 0748","1/14/16",NA,"Wang, Lu",NA,71536,"696685","71536-696685","ChIP-Seq",NA,NA,"mouse",NA,"ChIP-seq, Single, 50 bps",NA,"HARTWELL_database_Master_2011-2024_CLEANED.txt",NA
"825","MDSEQ 0748","1/19/16",NA,"Wang, Lu",NA,71805,"699913","71805-699913","ChIP-Seq",NA,NA,"mouse",NA,"ChIP-seq, Single, 50 bps",NA,"HARTWELL_database_Master_2011-2024_CLEANED.txt",NA
"826","MDSEQ 0749","1/14/16",NA,"Wang, Lu",NA,71536,"696686","71536-696686","ChIP-Seq",NA,NA,"mouse",NA,"ChIP-seq, Single, 50 bps",NA,"HARTWELL_database_Master_2011-2024_CLEANED.txt",NA
"827","MDSEQ 0749","1/19/16",NA,"Wang, Lu",NA,71805,"699914","71805-699914","ChIP-Seq",NA,NA,"mouse",NA,"ChIP-seq, Single, 50 bps",NA,"HARTWELL_database_Master_2011-2024_CLEANED.txt",NA
"828","MDSEQ 0750","1/14/16",NA,"Wang, Lu",NA,71536,"696687","71536-696687","ChIP-Seq",NA,NA,"mouse",NA,"ChIP-seq, Single, 50 bps",NA,"HARTWELL_database_Master_2011-2024_CLEANED.txt",NA
"829","MDSEQ 0750","1/19/16",NA,"Wang, Lu",NA,71805,"699915","71805-699915","ChIP-Seq",NA,NA,"mouse",NA,"ChIP-seq, Single, 50 bps",NA,"HARTWELL_database_Master_2011-2024_CLEANED.txt",NA
"830","MDSEQ 0751","1/14/16",NA,"Wang, Lu",NA,71536,"696688","71536-696688","ChIP-Seq",NA,NA,"mouse",NA,"ChIP-seq, Single, 50 bps",NA,"HARTWELL_database_Master_2011-2024_CLEANED.txt",NA
"831","MDSEQ 0751","1/19/16",NA,"Wang, Lu",NA,71805,"699916","71805-699916","ChIP-Seq",NA,NA,"mouse",NA,"ChIP-seq, Single, 50 bps",NA,"HARTWELL_database_Master_2011-2024_CLEANED.txt",NA
"832","MDSEQ 0752","1/14/16",NA,"Wang, Lu",NA,71536,"696689","71536-696689","ChIP-Seq",NA,NA,"mouse",NA,"ChIP-seq, Single, 50 bps",NA,"HARTWELL_database_Master_2011-2024_CLEANED.txt",NA
"833","MDSEQ 0752","1/19/16",NA,"Wang, Lu",NA,71805,"699917","71805-699917","ChIP-Seq",NA,NA,"mouse",NA,"ChIP-seq, Single, 50 bps",NA,"HARTWELL_database_Master_2011-2024_CLEANED.txt",NA
"834","MDSEQ 0753","1/19/16",NA,"Wang, Lu",NA,71805,"699918","71805-699918","ChIP-Seq",NA,NA,"mouse",NA,"ChIP-seq, Single, 50 bps",NA,"HARTWELL_database_Master_2011-2024_CLEANED.txt",NA
"835","MDSEQ 0754","1/14/16",NA,"Al Diri, Issam",NA,71565,"697432","71565-697432","Amplicon",NA,NA,"mouse",NA,"Amplicon, Paired, 250 bps",NA,"HARTWELL_database_Master_2011-2024_CLEANED.txt",NA
"836","MDSEQ 0755","1/14/16",NA,"Al Diri, Issam",NA,71565,"697433","71565-697433","Amplicon",NA,NA,"mouse",NA,"Amplicon, Paired, 250 bps",NA,"HARTWELL_database_Master_2011-2024_CLEANED.txt",NA
"837","MDSEQ 0756","1/14/16",NA,"Al Diri, Issam",NA,71565,"697434","71565-697434","Amplicon",NA,NA,"mouse",NA,"Amplicon, Paired, 250 bps",NA,"HARTWELL_database_Master_2011-2024_CLEANED.txt",NA
"838","MDSEQ 0757","1/14/16",NA,"Al Diri, Issam",NA,71565,"697435","71565-697435","Amplicon",NA,NA,"mouse",NA,"Amplicon, Paired, 250 bps",NA,"HARTWELL_database_Master_2011-2024_CLEANED.txt",NA
"839","MDSEQ 0758","1/14/16",NA,"Al Diri, Issam",NA,71565,"697436","71565-697436","Amplicon",NA,NA,"mouse",NA,"Amplicon, Paired, 250 bps",NA,"HARTWELL_database_Master_2011-2024_CLEANED.txt",NA
"840","MDSEQ 0759","1/14/16",NA,"Al Diri, Issam",NA,71565,"697437","71565-697437","Amplicon",NA,NA,"mouse",NA,"Amplicon, Paired, 250 bps",NA,"HARTWELL_database_Master_2011-2024_CLEANED.txt",NA
"841","MDSEQ 0776","2/8/16",NA,"Al Diri, Issam",NA,73227,"718169","73227-718169","Amplicon",NA,NA,"mouse",NA,"Amplicon, Paired, 250 bps",NA,"HARTWELL_database_Master_2011-2024_CLEANED.txt",NA
"842","MDSEQ 0777","2/8/16",NA,"Al Diri, Issam",NA,73227,"718170","73227-718170","Amplicon",NA,NA,"mouse",NA,"Amplicon, Paired, 250 bps",NA,"HARTWELL_database_Master_2011-2024_CLEANED.txt",NA
"843","MDSEQ 0778","2/8/16",NA,"Al Diri, Issam",NA,73227,"718171","73227-718171","Amplicon",NA,NA,"mouse",NA,"Amplicon, Paired, 250 bps",NA,"HARTWELL_database_Master_2011-2024_CLEANED.txt",NA
"844","MDSEQ 0779","2/8/16",NA,"Al Diri, Issam",NA,73227,"718172","73227-718172","Amplicon",NA,NA,"mouse",NA,"Amplicon, Paired, 250 bps",NA,"HARTWELL_database_Master_2011-2024_CLEANED.txt",NA
"845","MDSEQ 0780","2/8/16",NA,"Al Diri, Issam",NA,73227,"718173","73227-718173","Amplicon",NA,NA,"mouse",NA,"Amplicon, Paired, 250 bps",NA,"HARTWELL_database_Master_2011-2024_CLEANED.txt",NA
"846","MDSEQ 0781","2/8/16",NA,"Al Diri, Issam",NA,73227,"718174","73227-718174","Amplicon",NA,NA,"mouse",NA,"Amplicon, Paired, 250 bps",NA,"HARTWELL_database_Master_2011-2024_CLEANED.txt",NA
"847","MDSEQ 0782","2/8/16",NA,"Al Diri, Issam",NA,73227,"718175","73227-718175","Amplicon",NA,NA,"mouse",NA,"Amplicon, Paired, 250 bps",NA,"HARTWELL_database_Master_2011-2024_CLEANED.txt",NA
"848","MDSEQ 0783","2/8/16",NA,"Al Diri, Issam",NA,73227,"718176","73227-718176","Amplicon",NA,NA,"mouse",NA,"Amplicon, Paired, 250 bps",NA,"HARTWELL_database_Master_2011-2024_CLEANED.txt",NA
"849","MDSEQ 0784","2/8/16",NA,"Al Diri, Issam",NA,73227,"718177","73227-718177","Amplicon",NA,NA,"mouse",NA,"Amplicon, Paired, 250 bps",NA,"HARTWELL_database_Master_2011-2024_CLEANED.txt",NA
"850","MDSEQ 0785","2/8/16",NA,"Al Diri, Issam",NA,73227,"718178","73227-718178","Amplicon",NA,NA,"mouse",NA,"Amplicon, Paired, 250 bps",NA,"HARTWELL_database_Master_2011-2024_CLEANED.txt",NA
"851","MDSEQ 0786","2/8/16",NA,"Al Diri, Issam",NA,73227,"718179","73227-718179","Amplicon",NA,NA,"mouse",NA,"Amplicon, Paired, 250 bps",NA,"HARTWELL_database_Master_2011-2024_CLEANED.txt",NA
"852","MDSEQ 0787","2/8/16",NA,"Al Diri, Issam",NA,73227,"718180","73227-718180","Amplicon",NA,NA,"mouse",NA,"Amplicon, Paired, 250 bps",NA,"HARTWELL_database_Master_2011-2024_CLEANED.txt",NA
"853","MDSEQ 0788","2/8/16",NA,"Al Diri, Issam",NA,73227,"718181","73227-718181","Amplicon",NA,NA,"mouse",NA,"Amplicon, Paired, 250 bps",NA,"HARTWELL_database_Master_2011-2024_CLEANED.txt",NA
"854","MDSEQ 0789","2/8/16",NA,"Al Diri, Issam",NA,73227,"718182","73227-718182","Amplicon",NA,NA,"mouse",NA,"Amplicon, Paired, 250 bps",NA,"HARTWELL_database_Master_2011-2024_CLEANED.txt",NA
"855","MDSEQ 0790","2/8/16",NA,"Al Diri, Issam",NA,73227,"718183","73227-718183","Amplicon",NA,NA,"mouse",NA,"Amplicon, Paired, 250 bps",NA,"HARTWELL_database_Master_2011-2024_CLEANED.txt",NA
"856","MDSEQ 0791","2/8/16",NA,"Al Diri, Issam",NA,73227,"718184","73227-718184","Amplicon",NA,NA,"mouse",NA,"Amplicon, Paired, 250 bps",NA,"HARTWELL_database_Master_2011-2024_CLEANED.txt",NA
"857","MDSEQ 0792","2/8/16",NA,"Al Diri, Issam",NA,73227,"718185","73227-718185","Amplicon",NA,NA,"mouse",NA,"Amplicon, Paired, 250 bps",NA,"HARTWELL_database_Master_2011-2024_CLEANED.txt",NA
"858","MDSEQ 0793","2/8/16",NA,"Al Diri, Issam",NA,73227,"718186","73227-718186","Amplicon",NA,NA,"mouse",NA,"Amplicon, Paired, 250 bps",NA,"HARTWELL_database_Master_2011-2024_CLEANED.txt",NA
"859","MDSEQ 0794","2/8/16",NA,"Al Diri, Issam",NA,73227,"718187","73227-718187","Amplicon",NA,NA,"mouse",NA,"Amplicon, Paired, 250 bps",NA,"HARTWELL_database_Master_2011-2024_CLEANED.txt",NA
"860","MDSEQ 0795","2/8/16",NA,"Al Diri, Issam",NA,73227,"718188","73227-718188","Amplicon",NA,NA,"mouse",NA,"Amplicon, Paired, 250 bps",NA,"HARTWELL_database_Master_2011-2024_CLEANED.txt",NA
"861","MDSEQ 0796","2/18/16",NA,"Al Diri, Issam",NA,74133,"730293","74133-730293","ChIP-Seq",NA,NA,"mouse",NA,"ChIP-seq, Single, 50 bps",NA,"HARTWELL_database_Master_2011-2024_CLEANED.txt",NA
"862","MDSEQ 0797","2/18/16",NA,"Al Diri, Issam",NA,74133,"730294","74133-730294","ChIP-Seq",NA,NA,"mouse",NA,"ChIP-seq, Single, 50 bps",NA,"HARTWELL_database_Master_2011-2024_CLEANED.txt",NA
"863","MDSEQ 0798","2/18/16",NA,"Al Diri, Issam",NA,74133,"730295","74133-730295","ChIP-Seq",NA,NA,"mouse",NA,"ChIP-seq, Single, 50 bps",NA,"HARTWELL_database_Master_2011-2024_CLEANED.txt",NA
"864","MDSEQ 0799","2/18/16",NA,"Al Diri, Issam",NA,74133,"730296","74133-730296","ChIP-Seq",NA,NA,"mouse",NA,"ChIP-seq, Single, 50 bps",NA,"HARTWELL_database_Master_2011-2024_CLEANED.txt",NA
"865","MDSEQ 0800","2/18/16",NA,"Al Diri, Issam",NA,74133,"730297","74133-730297","ChIP-Seq",NA,NA,"mouse",NA,"ChIP-seq, Single, 50 bps",NA,"HARTWELL_database_Master_2011-2024_CLEANED.txt",NA
"866","MDSEQ 0801","2/18/16",NA,"Al Diri, Issam",NA,74133,"730298","74133-730298","ChIP-Seq",NA,NA,"mouse",NA,"ChIP-seq, Single, 50 bps",NA,"HARTWELL_database_Master_2011-2024_CLEANED.txt",NA
"867","MDSEQ 0802","2/18/16",NA,"Al Diri, Issam",NA,74133,"730299","74133-730299","ChIP-Seq",NA,NA,"mouse",NA,"ChIP-seq, Single, 50 bps",NA,"HARTWELL_database_Master_2011-2024_CLEANED.txt",NA
"868","MDSEQ 0803","2/18/16",NA,"Al Diri, Issam",NA,74133,"730300","74133-730300","ChIP-Seq",NA,NA,"mouse",NA,"ChIP-seq, Single, 50 bps",NA,"HARTWELL_database_Master_2011-2024_CLEANED.txt",NA
"869","MDSEQ 0804","2/18/16",NA,"Al Diri, Issam",NA,74133,"730301","74133-730301","ChIP-Seq",NA,NA,"mouse",NA,"ChIP-seq, Single, 50 bps",NA,"HARTWELL_database_Master_2011-2024_CLEANED.txt",NA
"870","MDSEQ 0805","2/19/16",NA,"Al Diri, Issam",NA,74247,"731906","74247-731906","Amplicon",NA,NA,"mouse",NA,"Amplicon, Paired, 250 bps",NA,"HARTWELL_database_Master_2011-2024_CLEANED.txt",NA
"871","MDSEQ 0806","2/19/16",NA,"Al Diri, Issam",NA,74247,"731907","74247-731907","Amplicon",NA,NA,"mouse",NA,"Amplicon, Paired, 250 bps",NA,"HARTWELL_database_Master_2011-2024_CLEANED.txt",NA
"872","MDSEQ 0807","2/19/16",NA,"Al Diri, Issam",NA,74247,"731908","74247-731908","Amplicon",NA,NA,"mouse",NA,"Amplicon, Paired, 250 bps",NA,"HARTWELL_database_Master_2011-2024_CLEANED.txt",NA
"873","MDSEQ 0808","2/19/16",NA,"Al Diri, Issam",NA,74247,"731909","74247-731909","Amplicon",NA,NA,"mouse",NA,"Amplicon, Paired, 250 bps",NA,"HARTWELL_database_Master_2011-2024_CLEANED.txt",NA
"874","MDSEQ 0809","2/19/16",NA,"Al Diri, Issam",NA,74247,"731910","74247-731910","Amplicon",NA,NA,"mouse",NA,"Amplicon, Paired, 250 bps",NA,"HARTWELL_database_Master_2011-2024_CLEANED.txt",NA
"875","MDSEQ 0810","2/19/16",NA,"Al Diri, Issam",NA,74247,"731911","74247-731911","Amplicon",NA,NA,"mouse",NA,"Amplicon, Paired, 250 bps",NA,"HARTWELL_database_Master_2011-2024_CLEANED.txt",NA
"876","MDSEQ 0811","2/19/16",NA,"Al Diri, Issam",NA,74247,"731912","74247-731912","Amplicon",NA,NA,"mouse",NA,"Amplicon, Paired, 250 bps",NA,"HARTWELL_database_Master_2011-2024_CLEANED.txt",NA
"877","MDSEQ 0812","2/19/16",NA,"Al Diri, Issam",NA,74247,"731913","74247-731913","Amplicon",NA,NA,"mouse",NA,"Amplicon, Paired, 250 bps",NA,"HARTWELL_database_Master_2011-2024_CLEANED.txt",NA
"878","MDSEQ 0813","2/19/16",NA,"Al Diri, Issam",NA,74247,"731914","74247-731914","Amplicon",NA,NA,"mouse",NA,"Amplicon, Paired, 250 bps",NA,"HARTWELL_database_Master_2011-2024_CLEANED.txt",NA
"879","MDSEQ 0814","2/19/16",NA,"Al Diri, Issam",NA,74247,"731915","74247-731915","Amplicon",NA,NA,"mouse",NA,"Amplicon, Paired, 250 bps",NA,"HARTWELL_database_Master_2011-2024_CLEANED.txt",NA
"880","MDSEQ 0815","2/19/16",NA,"Al Diri, Issam",NA,74247,"731916","74247-731916","Amplicon",NA,NA,"mouse",NA,"Amplicon, Paired, 250 bps",NA,"HARTWELL_database_Master_2011-2024_CLEANED.txt",NA
"881","MDSEQ 0816","2/19/16",NA,"Al Diri, Issam",NA,74247,"731917","74247-731917","Amplicon",NA,NA,"mouse",NA,"Amplicon, Paired, 250 bps",NA,"HARTWELL_database_Master_2011-2024_CLEANED.txt",NA
"882","MDSEQ 0817","2/19/16",NA,"Al Diri, Issam",NA,74247,"731918","74247-731918","Amplicon",NA,NA,"mouse",NA,"Amplicon, Paired, 250 bps",NA,"HARTWELL_database_Master_2011-2024_CLEANED.txt",NA
"883","MDSEQ 0818","2/19/16",NA,"Al Diri, Issam",NA,74247,"731919","74247-731919","Amplicon",NA,NA,"mouse",NA,"Amplicon, Paired, 250 bps",NA,"HARTWELL_database_Master_2011-2024_CLEANED.txt",NA
"884","MDSEQ 0819","2/19/16",NA,"Al Diri, Issam",NA,74247,"731920","74247-731920","Amplicon",NA,NA,"mouse",NA,"Amplicon, Paired, 250 bps",NA,"HARTWELL_database_Master_2011-2024_CLEANED.txt",NA
"885","MDSEQ 0820","2/19/16",NA,"Al Diri, Issam",NA,74247,"731921","74247-731921","Amplicon",NA,NA,"mouse",NA,"Amplicon, Paired, 250 bps",NA,"HARTWELL_database_Master_2011-2024_CLEANED.txt",NA
"886","MDSEQ 0821","2/19/16",NA,"Al Diri, Issam",NA,74247,"731922","74247-731922","Amplicon",NA,NA,"mouse",NA,"Amplicon, Paired, 250 bps",NA,"HARTWELL_database_Master_2011-2024_CLEANED.txt",NA
"887","MDSEQ 0822","2/19/16",NA,"Al Diri, Issam",NA,74247,"731923","74247-731923","Amplicon",NA,NA,"mouse",NA,"Amplicon, Paired, 250 bps",NA,"HARTWELL_database_Master_2011-2024_CLEANED.txt",NA
"888","MDSEQ 0823","2/19/16",NA,"Al Diri, Issam",NA,74247,"731924","74247-731924","Amplicon",NA,NA,"mouse",NA,"Amplicon, Paired, 250 bps",NA,"HARTWELL_database_Master_2011-2024_CLEANED.txt",NA
"889","MDSEQ 0824","2/19/16",NA,"Al Diri, Issam",NA,74247,"731925","74247-731925","Amplicon",NA,NA,"mouse",NA,"Amplicon, Paired, 250 bps",NA,"HARTWELL_database_Master_2011-2024_CLEANED.txt",NA
"890","MDSEQ 0825","2/19/16",NA,"Al Diri, Issam",NA,74247,"731926","74247-731926","Amplicon",NA,NA,"mouse",NA,"Amplicon, Paired, 250 bps",NA,"HARTWELL_database_Master_2011-2024_CLEANED.txt",NA
"891","MDSEQ 0826","2/19/16",NA,"Al Diri, Issam",NA,74247,"731927","74247-731927","Amplicon",NA,NA,"mouse",NA,"Amplicon, Paired, 250 bps",NA,"HARTWELL_database_Master_2011-2024_CLEANED.txt",NA
"892","MDSEQ 0827","2/19/16",NA,"Al Diri, Issam",NA,74247,"731928","74247-731928","Amplicon",NA,NA,"mouse",NA,"Amplicon, Paired, 250 bps",NA,"HARTWELL_database_Master_2011-2024_CLEANED.txt",NA
"893","MDSEQ 0828","2/19/16",NA,"Al Diri, Issam",NA,74247,"731929","74247-731929","Amplicon",NA,NA,"mouse",NA,"Amplicon, Paired, 250 bps",NA,"HARTWELL_database_Master_2011-2024_CLEANED.txt",NA
"894","MDSEQ 0829","2/19/16",NA,"Al Diri, Issam",NA,74247,"731930","74247-731930","Amplicon",NA,NA,"mouse",NA,"Amplicon, Paired, 250 bps",NA,"HARTWELL_database_Master_2011-2024_CLEANED.txt",NA
"895","MDSEQ 0830","2/19/16",NA,"Al Diri, Issam",NA,74247,"731931","74247-731931","Amplicon",NA,NA,"mouse",NA,"Amplicon, Paired, 250 bps",NA,"HARTWELL_database_Master_2011-2024_CLEANED.txt",NA
"896","MDSEQ 0831","2/19/16",NA,"Al Diri, Issam",NA,74247,"731932","74247-731932","Amplicon",NA,NA,"mouse",NA,"Amplicon, Paired, 250 bps",NA,"HARTWELL_database_Master_2011-2024_CLEANED.txt",NA
"897","MDSEQ 0832","2/19/16",NA,"Al Diri, Issam",NA,74247,"731933","74247-731933","Amplicon",NA,NA,"mouse",NA,"Amplicon, Paired, 250 bps",NA,"HARTWELL_database_Master_2011-2024_CLEANED.txt",NA
"898","MDSEQ 0833","2/19/16",NA,"Al Diri, Issam",NA,74247,"731934","74247-731934","Amplicon",NA,NA,"mouse",NA,"Amplicon, Paired, 250 bps",NA,"HARTWELL_database_Master_2011-2024_CLEANED.txt",NA
"899","MDSEQ 0834","2/19/16",NA,"Al Diri, Issam",NA,74247,"731935","74247-731935","Amplicon",NA,NA,"mouse",NA,"Amplicon, Paired, 250 bps",NA,"HARTWELL_database_Master_2011-2024_CLEANED.txt",NA
"900","MDSEQ 0835","2/19/16",NA,"Al Diri, Issam",NA,74247,"731936","74247-731936","Amplicon",NA,NA,"mouse",NA,"Amplicon, Paired, 250 bps",NA,"HARTWELL_database_Master_2011-2024_CLEANED.txt",NA
"901","MDSEQ 0836","2/19/16",NA,"Al Diri, Issam",NA,74247,"731937","74247-731937","Amplicon",NA,NA,"mouse",NA,"Amplicon, Paired, 250 bps",NA,"HARTWELL_database_Master_2011-2024_CLEANED.txt",NA
"902","MDSEQ 0837","2/19/16",NA,"Al Diri, Issam",NA,74247,"731938","74247-731938","Amplicon",NA,NA,"mouse",NA,"Amplicon, Paired, 250 bps",NA,"HARTWELL_database_Master_2011-2024_CLEANED.txt",NA
"903","MDSEQ 0838","2/19/16",NA,"Al Diri, Issam",NA,74247,"731939","74247-731939","Amplicon",NA,NA,"mouse",NA,"Amplicon, Paired, 250 bps",NA,"HARTWELL_database_Master_2011-2024_CLEANED.txt",NA
"904","MDSEQ 0839","2/19/16",NA,"Al Diri, Issam",NA,74247,"731940","74247-731940","Amplicon",NA,NA,"mouse",NA,"Amplicon, Paired, 250 bps",NA,"HARTWELL_database_Master_2011-2024_CLEANED.txt",NA
"905","MDSEQ 0840","2/19/16",NA,"Al Diri, Issam",NA,74247,"731941","74247-731941","Amplicon",NA,NA,"mouse",NA,"Amplicon, Paired, 250 bps",NA,"HARTWELL_database_Master_2011-2024_CLEANED.txt",NA
"906","MDSEQ 0841","2/19/16",NA,"Al Diri, Issam",NA,74247,"731942","74247-731942","Amplicon",NA,NA,"mouse",NA,"Amplicon, Paired, 250 bps",NA,"HARTWELL_database_Master_2011-2024_CLEANED.txt",NA
"907","MDSEQ 0842","2/19/16",NA,"Al Diri, Issam",NA,74247,"731943","74247-731943","Amplicon",NA,NA,"mouse",NA,"Amplicon, Paired, 250 bps",NA,"HARTWELL_database_Master_2011-2024_CLEANED.txt",NA
"908","MDSEQ 0843","2/23/16",NA,"Wang, Lu",NA,74392,"734194","74392-734194","ChIP-Seq",NA,NA,"mouse",NA,"ChIP-seq, Single, 50 bps",NA,"HARTWELL_database_Master_2011-2024_CLEANED.txt",NA
"909","MDSEQ 0844","2/23/16",NA,"Wang, Lu",NA,74392,"734195","74392-734195","ChIP-Seq",NA,NA,"mouse",NA,"ChIP-seq, Single, 50 bps",NA,"HARTWELL_database_Master_2011-2024_CLEANED.txt",NA
"910","MDSEQ 0845","2/23/16",NA,"Wang, Lu",NA,74392,"734196","74392-734196","ChIP-Seq",NA,NA,"mouse",NA,"ChIP-seq, Single, 50 bps",NA,"HARTWELL_database_Master_2011-2024_CLEANED.txt",NA
"911","MDSEQ 0846","2/23/16",NA,"Wang, Lu",NA,74392,"734197","74392-734197","ChIP-Seq",NA,NA,"mouse",NA,"ChIP-seq, Single, 50 bps",NA,"HARTWELL_database_Master_2011-2024_CLEANED.txt",NA
"912","MDSEQ 0847","2/23/16",NA,"Wang, Lu",NA,74392,"734198","74392-734198","ChIP-Seq",NA,NA,"mouse",NA,"ChIP-seq, Single, 50 bps",NA,"HARTWELL_database_Master_2011-2024_CLEANED.txt",NA
"913","MDSEQ 0848","2/23/16",NA,"Wang, Lu",NA,74392,"734199","74392-734199","ChIP-Seq",NA,NA,"mouse",NA,"ChIP-seq, Single, 50 bps",NA,"HARTWELL_database_Master_2011-2024_CLEANED.txt",NA
"914","MDSEQ 0849","2/23/16",NA,"Wang, Lu",NA,74392,"734200","74392-734200","ChIP-Seq",NA,NA,"mouse",NA,"ChIP-seq, Single, 50 bps",NA,"HARTWELL_database_Master_2011-2024_CLEANED.txt",NA
"915","MDSEQ 0850","2/23/16",NA,"Wang, Lu",NA,74392,"734201","74392-734201","ChIP-Seq",NA,NA,"mouse",NA,"ChIP-seq, Single, 50 bps",NA,"HARTWELL_database_Master_2011-2024_CLEANED.txt",NA
"916","MDSEQ 0851","2/23/16",NA,"Wang, Lu",NA,74392,"734202","74392-734202","ChIP-Seq",NA,NA,"mouse",NA,"ChIP-seq, Single, 50 bps",NA,"HARTWELL_database_Master_2011-2024_CLEANED.txt",NA
"917","MDSEQ 0852","2/23/16",NA,"Wang, Lu",NA,74392,"734203","74392-734203","ChIP-Seq",NA,NA,"mouse",NA,"ChIP-seq, Single, 50 bps",NA,"HARTWELL_database_Master_2011-2024_CLEANED.txt",NA
"918","MDSEQ 0853","2/23/16",NA,"Wang, Lu",NA,74392,"734204","74392-734204","ChIP-Seq",NA,NA,"mouse",NA,"ChIP-seq, Single, 50 bps",NA,"HARTWELL_database_Master_2011-2024_CLEANED.txt",NA
"919","MDSEQ 0854","2/23/16",NA,"Wang, Lu",NA,74392,"734205","74392-734205","ChIP-Seq",NA,NA,"mouse",NA,"ChIP-seq, Single, 50 bps",NA,"HARTWELL_database_Master_2011-2024_CLEANED.txt",NA
"920","MDSEQ 0855","2/23/16",NA,"Wang, Lu",NA,74392,"734206","74392-734206","ChIP-Seq",NA,NA,"mouse",NA,"ChIP-seq, Single, 50 bps",NA,"HARTWELL_database_Master_2011-2024_CLEANED.txt",NA
"921","MDSEQ 0856","2/23/16",NA,"Wang, Lu",NA,74392,"734207","74392-734207","ChIP-Seq",NA,NA,"mouse",NA,"ChIP-seq, Single, 50 bps",NA,"HARTWELL_database_Master_2011-2024_CLEANED.txt",NA
"922","MDSEQ 0857","2/23/16",NA,"Wang, Lu",NA,74392,"734208","74392-734208","ChIP-Seq",NA,NA,"mouse",NA,"ChIP-seq, Single, 50 bps",NA,"HARTWELL_database_Master_2011-2024_CLEANED.txt",NA
"923","MDSEQ 0858","2/23/16",NA,"Wang, Lu",NA,74392,"734209","74392-734209","ChIP-Seq",NA,NA,"mouse",NA,"ChIP-seq, Single, 50 bps",NA,"HARTWELL_database_Master_2011-2024_CLEANED.txt",NA
"924","MDSEQ 0859","2/23/16",NA,"Wang, Lu",NA,74392,"734210","74392-734210","ChIP-Seq",NA,NA,"mouse",NA,"ChIP-seq, Single, 50 bps",NA,"HARTWELL_database_Master_2011-2024_CLEANED.txt",NA
"925","MDSEQ 0860","2/23/16",NA,"Wang, Lu",NA,74392,"734211","74392-734211","ChIP-Seq",NA,NA,"mouse",NA,"ChIP-seq, Single, 50 bps",NA,"HARTWELL_database_Master_2011-2024_CLEANED.txt",NA
"926","MDSEQ 0861","2/23/16",NA,"Wang, Lu",NA,74392,"734212","74392-734212","ChIP-Seq",NA,NA,"mouse",NA,"ChIP-seq, Single, 50 bps",NA,"HARTWELL_database_Master_2011-2024_CLEANED.txt",NA
"927","MDSEQ 0862","2/23/16",NA,"Wang, Lu",NA,74392,"734213","74392-734213","ChIP-Seq",NA,NA,"mouse",NA,"ChIP-seq, Single, 50 bps",NA,"HARTWELL_database_Master_2011-2024_CLEANED.txt",NA
"928","MDSEQ 0863","2/23/16",NA,"Wang, Lu",NA,74392,"734214","74392-734214","ChIP-Seq",NA,NA,"mouse",NA,"ChIP-seq, Single, 50 bps",NA,"HARTWELL_database_Master_2011-2024_CLEANED.txt",NA
"929","MDSEQ 0864","2/23/16",NA,"Wang, Lu",NA,74392,"734215","74392-734215","ChIP-Seq",NA,NA,"mouse",NA,"ChIP-seq, Single, 50 bps",NA,"HARTWELL_database_Master_2011-2024_CLEANED.txt",NA
"930","MDSEQ 0865","2/23/16",NA,"Wang, Lu",NA,74392,"734216","74392-734216","ChIP-Seq",NA,NA,"mouse",NA,"ChIP-seq, Single, 50 bps",NA,"HARTWELL_database_Master_2011-2024_CLEANED.txt",NA
"931","MDSEQ 0866","2/23/16",NA,"Wang, Lu",NA,74392,"734217","74392-734217","ChIP-Seq",NA,NA,"mouse",NA,"ChIP-seq, Single, 50 bps",NA,"HARTWELL_database_Master_2011-2024_CLEANED.txt",NA
"932","MDSEQ 0867","2/23/16",NA,"Wang, Lu",NA,74392,"734218","74392-734218","ChIP-Seq",NA,NA,"mouse",NA,"ChIP-seq, Single, 50 bps",NA,"HARTWELL_database_Master_2011-2024_CLEANED.txt",NA
"933","MDSEQ 0868","2/23/16",NA,"Wang, Lu",NA,74392,"734219","74392-734219","ChIP-Seq",NA,NA,"mouse",NA,"ChIP-seq, Single, 50 bps",NA,"HARTWELL_database_Master_2011-2024_CLEANED.txt",NA
"934","MDSEQ 0869","2/23/16",NA,"Wang, Lu",NA,74392,"734220","74392-734220","ChIP-Seq",NA,NA,"mouse",NA,"ChIP-seq, Single, 50 bps",NA,"HARTWELL_database_Master_2011-2024_CLEANED.txt",NA
"935","MDSEQ 0870","2/23/16",NA,"Wang, Lu",NA,74392,"734221","74392-734221","ChIP-Seq",NA,NA,"mouse",NA,"ChIP-seq, Single, 50 bps",NA,"HARTWELL_database_Master_2011-2024_CLEANED.txt",NA
"936","MDSEQ 0871","2/23/16",NA,"Wang, Lu",NA,74392,"734222","74392-734222","ChIP-Seq",NA,NA,"mouse",NA,"ChIP-seq, Single, 50 bps",NA,"HARTWELL_database_Master_2011-2024_CLEANED.txt",NA
"937","MDSEQ 0872","2/23/16",NA,"Wang, Lu",NA,74392,"734223","74392-734223","ChIP-Seq",NA,NA,"mouse",NA,"ChIP-seq, Single, 50 bps",NA,"HARTWELL_database_Master_2011-2024_CLEANED.txt",NA
"938","MDSEQ 0873","2/23/16",NA,"Wang, Lu",NA,74392,"734224","74392-734224","ChIP-Seq",NA,NA,"mouse",NA,"ChIP-seq, Single, 50 bps",NA,"HARTWELL_database_Master_2011-2024_CLEANED.txt",NA
"939","MDSEQ 0874","2/23/16",NA,"Wang, Lu",NA,74392,"734225","74392-734225","ChIP-Seq",NA,NA,"mouse",NA,"ChIP-seq, Single, 50 bps",NA,"HARTWELL_database_Master_2011-2024_CLEANED.txt",NA
"940","MDSEQ 0875","2/23/16",NA,"Wang, Lu",NA,74392,"734226","74392-734226","ChIP-Seq",NA,NA,"mouse",NA,"ChIP-seq, Single, 50 bps",NA,"HARTWELL_database_Master_2011-2024_CLEANED.txt",NA
"941","MDSEQ 0876","2/23/16",NA,"Wang, Lu",NA,74392,"734227","74392-734227","ChIP-Seq",NA,NA,"mouse",NA,"ChIP-seq, Single, 50 bps",NA,"HARTWELL_database_Master_2011-2024_CLEANED.txt",NA
"942","MDSEQ 0877","2/23/16",NA,"Wang, Lu",NA,74392,"734228","74392-734228","ChIP-Seq",NA,NA,"mouse",NA,"ChIP-seq, Single, 50 bps",NA,"HARTWELL_database_Master_2011-2024_CLEANED.txt",NA
"943","MDSEQ 0878","2/23/16",NA,"Wang, Lu",NA,74392,"734229","74392-734229","ChIP-Seq",NA,NA,"mouse",NA,"ChIP-seq, Single, 50 bps",NA,"HARTWELL_database_Master_2011-2024_CLEANED.txt",NA
"944","MDSEQ 0879","2/23/16",NA,"Wang, Lu",NA,74392,"734230","74392-734230","ChIP-Seq",NA,NA,"mouse",NA,"ChIP-seq, Single, 50 bps",NA,"HARTWELL_database_Master_2011-2024_CLEANED.txt",NA
"945","MDSEQ 0880","2/23/16",NA,"Wang, Lu",NA,74392,"734231","74392-734231","ChIP-Seq",NA,NA,"mouse",NA,"ChIP-seq, Single, 50 bps",NA,"HARTWELL_database_Master_2011-2024_CLEANED.txt",NA
"946","MDSEQ 0881","2/23/16",NA,"Wang, Lu",NA,74392,"734232","74392-734232","ChIP-Seq",NA,NA,"mouse",NA,"ChIP-seq, Single, 50 bps",NA,"HARTWELL_database_Master_2011-2024_CLEANED.txt",NA
"947","MDSEQ 0882","2/23/16",NA,"Wang, Lu",NA,74392,"734233","74392-734233","ChIP-Seq",NA,NA,"mouse",NA,"ChIP-seq, Single, 50 bps",NA,"HARTWELL_database_Master_2011-2024_CLEANED.txt",NA
"948","MDSEQ 0883","2/23/16",NA,"Wang, Lu",NA,74392,"734234","74392-734234","ChIP-Seq",NA,NA,"mouse",NA,"ChIP-seq, Single, 50 bps",NA,"HARTWELL_database_Master_2011-2024_CLEANED.txt",NA
"949","MDSEQ 0884","2/23/16",NA,"Wang, Lu",NA,74392,"734235","74392-734235","ChIP-Seq",NA,NA,"mouse",NA,"ChIP-seq, Single, 50 bps",NA,"HARTWELL_database_Master_2011-2024_CLEANED.txt",NA
"950","MDSEQ 0885","2/23/16",NA,"Wang, Lu",NA,74392,"734236","74392-734236","ChIP-Seq",NA,NA,"mouse",NA,"ChIP-seq, Single, 50 bps",NA,"HARTWELL_database_Master_2011-2024_CLEANED.txt",NA
"951","MDSEQ 0886","2/23/16",NA,"Wang, Lu",NA,74392,"734237","74392-734237","ChIP-Seq",NA,NA,"mouse",NA,"ChIP-seq, Single, 50 bps",NA,"HARTWELL_database_Master_2011-2024_CLEANED.txt",NA
"952","MDSEQ 0887","2/23/16",NA,"Wang, Lu",NA,74392,"734238","74392-734238","ChIP-Seq",NA,NA,"mouse",NA,"ChIP-seq, Single, 50 bps",NA,"HARTWELL_database_Master_2011-2024_CLEANED.txt",NA
"953","MDSEQ 0888","2/23/16",NA,"Wang, Lu",NA,74392,"734239","74392-734239","ChIP-Seq",NA,NA,"mouse",NA,"ChIP-seq, Single, 50 bps",NA,"HARTWELL_database_Master_2011-2024_CLEANED.txt",NA
"954","MDSEQ 0889","2/23/16",NA,"Wang, Lu",NA,74392,"734240","74392-734240","ChIP-Seq",NA,NA,"mouse",NA,"ChIP-seq, Single, 50 bps",NA,"HARTWELL_database_Master_2011-2024_CLEANED.txt",NA
"955","MDSEQ 0890","2/23/16",NA,"Wang, Lu",NA,74392,"734241","74392-734241","ChIP-Seq",NA,NA,"mouse",NA,"ChIP-seq, Single, 50 bps",NA,"HARTWELL_database_Master_2011-2024_CLEANED.txt",NA
"956","MDSEQ 0891","2/23/16",NA,"Wang, Lu",NA,74392,"734242","74392-734242","ChIP-Seq",NA,NA,"mouse",NA,"ChIP-seq, Single, 50 bps",NA,"HARTWELL_database_Master_2011-2024_CLEANED.txt",NA
"957","MDSEQ 0892","2/23/16",NA,"Wang, Lu",NA,74392,"734243","74392-734243","ChIP-Seq",NA,NA,"mouse",NA,"ChIP-seq, Single, 50 bps",NA,"HARTWELL_database_Master_2011-2024_CLEANED.txt",NA
"958","MDSEQ 0893","2/23/16",NA,"Wang, Lu",NA,74392,"734244","74392-734244","ChIP-Seq",NA,NA,"mouse",NA,"ChIP-seq, Single, 50 bps",NA,"HARTWELL_database_Master_2011-2024_CLEANED.txt",NA
"959","MDSEQ 0894","2/23/16",NA,"Wang, Lu",NA,74392,"734245","74392-734245","ChIP-Seq",NA,NA,"mouse",NA,"ChIP-seq, Single, 50 bps",NA,"HARTWELL_database_Master_2011-2024_CLEANED.txt",NA
"960","MDSEQ 0895","2/23/16",NA,"Wang, Lu",NA,74392,"734246","74392-734246","ChIP-Seq",NA,NA,"mouse",NA,"ChIP-seq, Single, 50 bps",NA,"HARTWELL_database_Master_2011-2024_CLEANED.txt",NA
"961","MDSEQ 0896","2/23/16",NA,"Wang, Lu",NA,74392,"734247","74392-734247","ChIP-Seq",NA,NA,"mouse",NA,"ChIP-seq, Single, 50 bps",NA,"HARTWELL_database_Master_2011-2024_CLEANED.txt",NA
"962","MDSEQ 0897","2/23/16",NA,"Wang, Lu",NA,74392,"734248","74392-734248","ChIP-Seq",NA,NA,"mouse",NA,"ChIP-seq, Single, 50 bps",NA,"HARTWELL_database_Master_2011-2024_CLEANED.txt",NA
"963","MDSEQ 0898","2/23/16",NA,"Wang, Lu",NA,74392,"734249","74392-734249","ChIP-Seq",NA,NA,"mouse",NA,"ChIP-seq, Single, 50 bps",NA,"HARTWELL_database_Master_2011-2024_CLEANED.txt",NA
"964","MDSEQ 0899","2/23/16",NA,"Wang, Lu",NA,74392,"734250","74392-734250","ChIP-Seq",NA,NA,"mouse",NA,"ChIP-seq, Single, 50 bps",NA,"HARTWELL_database_Master_2011-2024_CLEANED.txt",NA
"965","MDSEQ 0900","2/23/16",NA,"Wang, Lu",NA,74392,"734251","74392-734251","ChIP-Seq",NA,NA,"mouse",NA,"ChIP-seq, Single, 50 bps",NA,"HARTWELL_database_Master_2011-2024_CLEANED.txt",NA
"966","MDSEQ 0901","2/23/16",NA,"Wang, Lu",NA,74392,"734252","74392-734252","ChIP-Seq",NA,NA,"mouse",NA,"ChIP-seq, Single, 50 bps",NA,"HARTWELL_database_Master_2011-2024_CLEANED.txt",NA
"967","MDSEQ 0902","2/23/16",NA,"Wang, Lu",NA,74392,"734253","74392-734253","ChIP-Seq",NA,NA,"mouse",NA,"ChIP-seq, Single, 50 bps",NA,"HARTWELL_database_Master_2011-2024_CLEANED.txt",NA
"968","MDSEQ 0903","2/23/16",NA,"Wang, Lu",NA,74392,"734254","74392-734254","ChIP-Seq",NA,NA,"mouse",NA,"ChIP-seq, Single, 50 bps",NA,"HARTWELL_database_Master_2011-2024_CLEANED.txt",NA
"969","MDSEQ 0904","2/23/16",NA,"Wang, Lu",NA,74392,"734255","74392-734255","ChIP-Seq",NA,NA,"mouse",NA,"ChIP-seq, Single, 50 bps",NA,"HARTWELL_database_Master_2011-2024_CLEANED.txt",NA
"970","MDSEQ 0905","2/23/16",NA,"Wang, Lu",NA,74392,"734256","74392-734256","ChIP-Seq",NA,NA,"mouse",NA,"ChIP-seq, Single, 50 bps",NA,"HARTWELL_database_Master_2011-2024_CLEANED.txt",NA
"971","MDSEQ 0906","2/23/16",NA,"Wang, Lu",NA,74392,"734257","74392-734257","ChIP-Seq",NA,NA,"mouse",NA,"ChIP-seq, Single, 50 bps",NA,"HARTWELL_database_Master_2011-2024_CLEANED.txt",NA
"972","MDSEQ 0907","2/23/16",NA,"Wang, Lu",NA,74392,"734258","74392-734258","ChIP-Seq",NA,NA,"mouse",NA,"ChIP-seq, Single, 50 bps",NA,"HARTWELL_database_Master_2011-2024_CLEANED.txt",NA
"973","MDSEQ 0908","2/23/16",NA,"Wang, Lu",NA,74392,"734259","74392-734259","ChIP-Seq",NA,NA,"mouse",NA,"ChIP-seq, Single, 50 bps",NA,"HARTWELL_database_Master_2011-2024_CLEANED.txt",NA
"974","MDSEQ 0909","2/23/16",NA,"Wang, Lu",NA,74392,"734260","74392-734260","ChIP-Seq",NA,NA,"mouse",NA,"ChIP-seq, Single, 50 bps",NA,"HARTWELL_database_Master_2011-2024_CLEANED.txt",NA
"975","MDSEQ 0910","2/23/16",NA,"Wang, Lu",NA,74392,"734261","74392-734261","ChIP-Seq",NA,NA,"mouse",NA,"ChIP-seq, Single, 50 bps",NA,"HARTWELL_database_Master_2011-2024_CLEANED.txt",NA
"976","MDSEQ 0911","2/23/16",NA,"Wang, Lu",NA,74392,"734262","74392-734262","ChIP-Seq",NA,NA,"mouse",NA,"ChIP-seq, Single, 50 bps",NA,"HARTWELL_database_Master_2011-2024_CLEANED.txt",NA
"977","MDSEQ 0912","2/23/16",NA,"Wang, Lu",NA,74392,"734263","74392-734263","ChIP-Seq",NA,NA,"mouse",NA,"ChIP-seq, Single, 50 bps",NA,"HARTWELL_database_Master_2011-2024_CLEANED.txt",NA
"978","MDSEQ 0913","2/23/16",NA,"Wang, Lu",NA,74392,"734264","74392-734264","ChIP-Seq",NA,NA,"mouse",NA,"ChIP-seq, Single, 50 bps",NA,"HARTWELL_database_Master_2011-2024_CLEANED.txt",NA
"979","MDSEQ 0914","2/23/16",NA,"Wang, Lu",NA,74392,"734265","74392-734265","ChIP-Seq",NA,NA,"mouse",NA,"ChIP-seq, Single, 50 bps",NA,"HARTWELL_database_Master_2011-2024_CLEANED.txt",NA
"980","MDSEQ 0915","2/23/16",NA,"Wang, Lu",NA,74392,"734266","74392-734266","ChIP-Seq",NA,NA,"mouse",NA,"ChIP-seq, Single, 50 bps",NA,"HARTWELL_database_Master_2011-2024_CLEANED.txt",NA
"981","MDSEQ 0916","2/23/16",NA,"Wang, Lu",NA,74392,"734267","74392-734267","ChIP-Seq",NA,NA,"mouse",NA,"ChIP-seq, Single, 50 bps",NA,"HARTWELL_database_Master_2011-2024_CLEANED.txt",NA
"982","MDSEQ 0917","2/23/16",NA,"Wang, Lu",NA,74392,"734268","74392-734268","ChIP-Seq",NA,NA,"mouse",NA,"ChIP-seq, Single, 50 bps",NA,"HARTWELL_database_Master_2011-2024_CLEANED.txt",NA
"983","MDSEQ 0918","2/23/16",NA,"Wang, Lu",NA,74392,"734269","74392-734269","ChIP-Seq",NA,NA,"mouse",NA,"ChIP-seq, Single, 50 bps",NA,"HARTWELL_database_Master_2011-2024_CLEANED.txt",NA
"984","MDSEQ 0919","2/23/16",NA,"Wang, Lu",NA,74392,"734270","74392-734270","ChIP-Seq",NA,NA,"mouse",NA,"ChIP-seq, Single, 50 bps",NA,"HARTWELL_database_Master_2011-2024_CLEANED.txt",NA
"985","MDSEQ 0920","2/23/16",NA,"Wang, Lu",NA,74392,"734271","74392-734271","ChIP-Seq",NA,NA,"mouse",NA,"ChIP-seq, Single, 50 bps",NA,"HARTWELL_database_Master_2011-2024_CLEANED.txt",NA
"986","MDSEQ 0921","2/23/16",NA,"Wang, Lu",NA,74392,"734272","74392-734272","ChIP-Seq",NA,NA,"mouse",NA,"ChIP-seq, Single, 50 bps",NA,"HARTWELL_database_Master_2011-2024_CLEANED.txt",NA
"987","MDSEQ 0922","2/23/16",NA,"Wang, Lu",NA,74392,"734273","74392-734273","ChIP-Seq",NA,NA,"mouse",NA,"ChIP-seq, Single, 50 bps",NA,"HARTWELL_database_Master_2011-2024_CLEANED.txt",NA
"988","MDSEQ 0923","2/23/16",NA,"Wang, Lu",NA,74392,"734274","74392-734274","ChIP-Seq",NA,NA,"mouse",NA,"ChIP-seq, Single, 50 bps",NA,"HARTWELL_database_Master_2011-2024_CLEANED.txt",NA
"989","MDSEQ 0924","2/23/16",NA,"Wang, Lu",NA,74392,"734275","74392-734275","ChIP-Seq",NA,NA,"mouse",NA,"ChIP-seq, Single, 50 bps",NA,"HARTWELL_database_Master_2011-2024_CLEANED.txt",NA
"990","MDSEQ 0925","2/23/16",NA,"Wang, Lu",NA,74392,"734276","74392-734276","ChIP-Seq",NA,NA,"mouse",NA,"ChIP-seq, Single, 50 bps",NA,"HARTWELL_database_Master_2011-2024_CLEANED.txt",NA
"991","MDSEQ 0926","2/23/16",NA,"Wang, Lu",NA,74392,"734277","74392-734277","ChIP-Seq",NA,NA,"mouse",NA,"ChIP-seq, Single, 50 bps",NA,"HARTWELL_database_Master_2011-2024_CLEANED.txt",NA
"992","MDSEQ 0927","2/23/16",NA,"Wang, Lu",NA,74392,"734278","74392-734278","ChIP-Seq",NA,NA,"mouse",NA,"ChIP-seq, Single, 50 bps",NA,"HARTWELL_database_Master_2011-2024_CLEANED.txt",NA
"993","MDSEQ 0928","2/23/16",NA,"Wang, Lu",NA,74392,"734279","74392-734279","ChIP-Seq",NA,NA,"mouse",NA,"ChIP-seq, Single, 50 bps",NA,"HARTWELL_database_Master_2011-2024_CLEANED.txt",NA
"994","MDSEQ 0929","2/23/16",NA,"Wang, Lu",NA,74392,"734280","74392-734280","ChIP-Seq",NA,NA,"mouse",NA,"ChIP-seq, Single, 50 bps",NA,"HARTWELL_database_Master_2011-2024_CLEANED.txt",NA
"995","MDSEQ 0930","2/23/16",NA,"Wang, Lu",NA,74392,"734281","74392-734281","ChIP-Seq",NA,NA,"mouse",NA,"ChIP-seq, Single, 50 bps",NA,"HARTWELL_database_Master_2011-2024_CLEANED.txt",NA
"996","MDSEQ 0931","2/23/16",NA,"Wang, Lu",NA,74392,"734282","74392-734282","ChIP-Seq",NA,NA,"mouse",NA,"ChIP-seq, Single, 50 bps",NA,"HARTWELL_database_Master_2011-2024_CLEANED.txt",NA
"997","MDSEQ 0932","2/23/16",NA,"Wang, Lu",NA,74392,"734283","74392-734283","ChIP-Seq",NA,NA,"mouse",NA,"ChIP-seq, Single, 50 bps",NA,"HARTWELL_database_Master_2011-2024_CLEANED.txt",NA
"998","MDSEQ 0933","2/23/16",NA,"Wang, Lu",NA,74392,"734284","74392-734284","ChIP-Seq",NA,NA,"mouse",NA,"ChIP-seq, Single, 50 bps",NA,"HARTWELL_database_Master_2011-2024_CLEANED.txt",NA
"999","MDSEQ 0934","2/23/16",NA,"Wang, Lu",NA,74392,"734285","74392-734285","ChIP-Seq",NA,NA,"mouse",NA,"ChIP-seq, Single, 50 bps",NA,"HARTWELL_database_Master_2011-2024_CLEANED.txt",NA
"1000","MDSEQ 0935","2/23/16",NA,"Wang, Lu",NA,74392,"734286","74392-734286","ChIP-Seq",NA,NA,"mouse",NA,"ChIP-seq, Single, 50 bps",NA,"HARTWELL_database_Master_2011-2024_CLEANED.txt",NA
"1001","MDSEQ 0936","2/23/16",NA,"Wang, Lu",NA,74392,"734287","74392-734287","ChIP-Seq",NA,NA,"mouse",NA,"ChIP-seq, Single, 50 bps",NA,"HARTWELL_database_Master_2011-2024_CLEANED.txt",NA
"1002","MDSEQ 0946","2/29/16",NA,"Al Diri, Issam",NA,74912,"738769","74912-738769","Amplicon",NA,NA,"mouse",NA,"Amplicon, Paired, 250 bps",NA,"HARTWELL_database_Master_2011-2024_CLEANED.txt",NA
"1003","MDSEQ 0947","2/29/16",NA,"Al Diri, Issam",NA,74912,"738770","74912-738770","Amplicon",NA,NA,"mouse",NA,"Amplicon, Paired, 250 bps",NA,"HARTWELL_database_Master_2011-2024_CLEANED.txt",NA
"1004","MDSEQ 0948","2/29/16",NA,"Al Diri, Issam",NA,74912,"738771","74912-738771","Amplicon",NA,NA,"mouse",NA,"Amplicon, Paired, 250 bps",NA,"HARTWELL_database_Master_2011-2024_CLEANED.txt",NA
"1005","MDSEQ 0949","2/29/16",NA,"Al Diri, Issam",NA,74912,"738772","74912-738772","Amplicon",NA,NA,"mouse",NA,"Amplicon, Paired, 250 bps",NA,"HARTWELL_database_Master_2011-2024_CLEANED.txt",NA
"1006","MDSEQ 0950","2/29/16",NA,"Al Diri, Issam",NA,74912,"738773","74912-738773","Amplicon",NA,NA,"mouse",NA,"Amplicon, Paired, 250 bps",NA,"HARTWELL_database_Master_2011-2024_CLEANED.txt",NA
"1007","MDSEQ 0951","2/29/16",NA,"Al Diri, Issam",NA,74912,"738774","74912-738774","Amplicon",NA,NA,"mouse",NA,"Amplicon, Paired, 250 bps",NA,"HARTWELL_database_Master_2011-2024_CLEANED.txt",NA
"1008","MDSEQ 0952","2/29/16",NA,"Al Diri, Issam",NA,74912,"738775","74912-738775","Amplicon",NA,NA,"mouse",NA,"Amplicon, Paired, 250 bps",NA,"HARTWELL_database_Master_2011-2024_CLEANED.txt",NA
"1009","MDSEQ 0953","2/29/16",NA,"Al Diri, Issam",NA,74912,"738776","74912-738776","Amplicon",NA,NA,"mouse",NA,"Amplicon, Paired, 250 bps",NA,"HARTWELL_database_Master_2011-2024_CLEANED.txt",NA
"1010","MDSEQ 0954","2/29/16",NA,"Al Diri, Issam",NA,74912,"738777","74912-738777","Amplicon",NA,NA,"mouse",NA,"Amplicon, Paired, 250 bps",NA,"HARTWELL_database_Master_2011-2024_CLEANED.txt",NA
"1011","MDSEQ 0955","2/29/16",NA,"Al Diri, Issam",NA,74912,"738778","74912-738778","Amplicon",NA,NA,"mouse",NA,"Amplicon, Paired, 250 bps",NA,"HARTWELL_database_Master_2011-2024_CLEANED.txt",NA
"1012","MDSEQ 0956","2/29/16",NA,"Al Diri, Issam",NA,74912,"738779","74912-738779","Amplicon",NA,NA,"mouse",NA,"Amplicon, Paired, 250 bps",NA,"HARTWELL_database_Master_2011-2024_CLEANED.txt",NA
"1013","MDSEQ 0957","2/29/16",NA,"Al Diri, Issam",NA,74912,"738780","74912-738780","Amplicon",NA,NA,"mouse",NA,"Amplicon, Paired, 250 bps",NA,"HARTWELL_database_Master_2011-2024_CLEANED.txt",NA
"1014","MDSEQ 0958","2/29/16",NA,"Al Diri, Issam",NA,74912,"738781","74912-738781","Amplicon",NA,NA,"mouse",NA,"Amplicon, Paired, 250 bps",NA,"HARTWELL_database_Master_2011-2024_CLEANED.txt",NA
"1015","MDSEQ 1000","3/8/16",NA,"Wang, Lu",NA,75596,"746993","75596-746993","ChIP-Seq",NA,NA,"mouse",NA,"ChIP-seq, Single, 50 bps",NA,"HARTWELL_database_Master_2011-2024_CLEANED.txt",NA
"1016","MDSEQ 1001","3/8/16",NA,"Wang, Lu",NA,75596,"746994","75596-746994","ChIP-Seq",NA,NA,"mouse",NA,"ChIP-seq, Single, 50 bps",NA,"HARTWELL_database_Master_2011-2024_CLEANED.txt",NA
"1017","MDSEQ 1002","3/8/16",NA,"Wang, Lu",NA,75596,"746995","75596-746995","ChIP-Seq",NA,NA,"mouse",NA,"ChIP-seq, Single, 50 bps",NA,"HARTWELL_database_Master_2011-2024_CLEANED.txt",NA
"1018","MDSEQ 1003","3/8/16",NA,"Wang, Lu",NA,75596,"746996","75596-746996","ChIP-Seq",NA,NA,"mouse",NA,"ChIP-seq, Single, 50 bps",NA,"HARTWELL_database_Master_2011-2024_CLEANED.txt",NA
"1019","MDSEQ 1004","3/8/16",NA,"Wang, Lu",NA,75596,"746997","75596-746997","ChIP-Seq",NA,NA,"mouse",NA,"ChIP-seq, Single, 50 bps",NA,"HARTWELL_database_Master_2011-2024_CLEANED.txt",NA
"1020","MDSEQ 1005","3/8/16",NA,"Wang, Lu",NA,75596,"746998","75596-746998","ChIP-Seq",NA,NA,"mouse",NA,"ChIP-seq, Single, 50 bps",NA,"HARTWELL_database_Master_2011-2024_CLEANED.txt",NA
"1021","MDSEQ 1006","3/8/16",NA,"Wang, Lu",NA,75596,"746999","75596-746999","ChIP-Seq",NA,NA,"mouse",NA,"ChIP-seq, Single, 50 bps",NA,"HARTWELL_database_Master_2011-2024_CLEANED.txt",NA
"1022","MDSEQ 1007","3/8/16",NA,"Wang, Lu",NA,75596,"747000","75596-747000","ChIP-Seq",NA,NA,"mouse",NA,"ChIP-seq, Single, 50 bps",NA,"HARTWELL_database_Master_2011-2024_CLEANED.txt",NA
"1023","MDSEQ 1008","3/8/16",NA,"Wang, Lu",NA,75596,"747001","75596-747001","ChIP-Seq",NA,NA,"mouse",NA,"ChIP-seq, Single, 50 bps",NA,"HARTWELL_database_Master_2011-2024_CLEANED.txt",NA
"1024","MDSEQ 1009","3/8/16",NA,"Wang, Lu",NA,75596,"747002","75596-747002","ChIP-Seq",NA,NA,"mouse",NA,"ChIP-seq, Single, 50 bps",NA,"HARTWELL_database_Master_2011-2024_CLEANED.txt",NA
"1025","MDSEQ 1010","3/8/16",NA,"Wang, Lu",NA,75596,"747003","75596-747003","ChIP-Seq",NA,NA,"mouse",NA,"ChIP-seq, Single, 50 bps",NA,"HARTWELL_database_Master_2011-2024_CLEANED.txt",NA
"1026","MDSEQ 1011","3/8/16",NA,"Wang, Lu",NA,75596,"747004","75596-747004","ChIP-Seq",NA,NA,"mouse",NA,"ChIP-seq, Single, 50 bps",NA,"HARTWELL_database_Master_2011-2024_CLEANED.txt",NA
"1027","MDSEQ 1012","3/8/16",NA,"Wang, Lu",NA,75596,"747005","75596-747005","ChIP-Seq",NA,NA,"mouse",NA,"ChIP-seq, Single, 50 bps",NA,"HARTWELL_database_Master_2011-2024_CLEANED.txt",NA
"1028","MDSEQ 1013","3/8/16",NA,"Wang, Lu",NA,75596,"747006","75596-747006","ChIP-Seq",NA,NA,"mouse",NA,"ChIP-seq, Single, 50 bps",NA,"HARTWELL_database_Master_2011-2024_CLEANED.txt",NA
"1029","MDSEQ 1014","3/8/16",NA,"Wang, Lu",NA,75596,"747007","75596-747007","ChIP-Seq",NA,NA,"mouse",NA,"ChIP-seq, Single, 50 bps",NA,"HARTWELL_database_Master_2011-2024_CLEANED.txt",NA
"1030","MDSEQ 1015","3/8/16",NA,"Wang, Lu",NA,75596,"747008","75596-747008","ChIP-Seq",NA,NA,"mouse",NA,"ChIP-seq, Single, 50 bps",NA,"HARTWELL_database_Master_2011-2024_CLEANED.txt",NA
"1031","MDSEQ 1016","3/8/16",NA,"Wang, Lu",NA,75596,"747009","75596-747009","ChIP-Seq",NA,NA,"mouse",NA,"ChIP-seq, Single, 50 bps",NA,"HARTWELL_database_Master_2011-2024_CLEANED.txt",NA
"1032","MDSEQ 1017","3/8/16",NA,"Wang, Lu",NA,75596,"747010","75596-747010","ChIP-Seq",NA,NA,"mouse",NA,"ChIP-seq, Single, 50 bps",NA,"HARTWELL_database_Master_2011-2024_CLEANED.txt",NA
"1033","MDSEQ 1018","3/8/16",NA,"Wang, Lu",NA,75596,"747011","75596-747011","ChIP-Seq",NA,NA,"mouse",NA,"ChIP-seq, Single, 50 bps",NA,"HARTWELL_database_Master_2011-2024_CLEANED.txt",NA
"1034","MDSEQ 1019","3/8/16",NA,"Wang, Lu",NA,75596,"747012","75596-747012","ChIP-Seq",NA,NA,"mouse",NA,"ChIP-seq, Single, 50 bps",NA,"HARTWELL_database_Master_2011-2024_CLEANED.txt",NA
"1035","MDSEQ 1020","3/8/16",NA,"Wang, Lu",NA,75596,"747013","75596-747013","ChIP-Seq",NA,NA,"mouse",NA,"ChIP-seq, Single, 50 bps",NA,"HARTWELL_database_Master_2011-2024_CLEANED.txt",NA
"1036","MDSEQ 1021","3/8/16",NA,"Wang, Lu",NA,75596,"747014","75596-747014","ChIP-Seq",NA,NA,"mouse",NA,"ChIP-seq, Single, 50 bps",NA,"HARTWELL_database_Master_2011-2024_CLEANED.txt",NA
"1037","MDSEQ 1022","3/8/16",NA,"Wang, Lu",NA,75596,"747015","75596-747015","ChIP-Seq",NA,NA,"mouse",NA,"ChIP-seq, Single, 50 bps",NA,"HARTWELL_database_Master_2011-2024_CLEANED.txt",NA
"1038","MDSEQ 1023","3/8/16",NA,"Wang, Lu",NA,75596,"747016","75596-747016","ChIP-Seq",NA,NA,"mouse",NA,"ChIP-seq, Single, 50 bps",NA,"HARTWELL_database_Master_2011-2024_CLEANED.txt",NA
"1039","MDSEQ 1024","3/8/16",NA,"Wang, Lu",NA,75596,"747017","75596-747017","ChIP-Seq",NA,NA,"mouse",NA,"ChIP-seq, Single, 50 bps",NA,"HARTWELL_database_Master_2011-2024_CLEANED.txt",NA
"1040","MDSEQ 1025","3/8/16",NA,"Wang, Lu",NA,75596,"747018","75596-747018","ChIP-Seq",NA,NA,"mouse",NA,"ChIP-seq, Single, 50 bps",NA,"HARTWELL_database_Master_2011-2024_CLEANED.txt",NA
"1041","MDSEQ 1026","3/8/16",NA,"Wang, Lu",NA,75596,"747019","75596-747019","ChIP-Seq",NA,NA,"mouse",NA,"ChIP-seq, Single, 50 bps",NA,"HARTWELL_database_Master_2011-2024_CLEANED.txt",NA
"1042","MDSEQ 1027","3/8/16",NA,"Wang, Lu",NA,75596,"747020","75596-747020","ChIP-Seq",NA,NA,"mouse",NA,"ChIP-seq, Single, 50 bps",NA,"HARTWELL_database_Master_2011-2024_CLEANED.txt",NA
"1043","MDSEQ 1028","3/8/16",NA,"Wang, Lu",NA,75596,"747021","75596-747021","ChIP-Seq",NA,NA,"mouse",NA,"ChIP-seq, Single, 50 bps",NA,"HARTWELL_database_Master_2011-2024_CLEANED.txt",NA
"1044","MDSEQ 1029","3/8/16",NA,"Wang, Lu",NA,75596,"747022","75596-747022","ChIP-Seq",NA,NA,"mouse",NA,"ChIP-seq, Single, 50 bps",NA,"HARTWELL_database_Master_2011-2024_CLEANED.txt",NA
"1045","MDSEQ 1030","3/8/16",NA,"Wang, Lu",NA,75596,"747023","75596-747023","ChIP-Seq",NA,NA,"mouse",NA,"ChIP-seq, Single, 50 bps",NA,"HARTWELL_database_Master_2011-2024_CLEANED.txt",NA
"1046","MDSEQ 1031","3/8/16",NA,"Wang, Lu",NA,75596,"747024","75596-747024","ChIP-Seq",NA,NA,"mouse",NA,"ChIP-seq, Single, 50 bps",NA,"HARTWELL_database_Master_2011-2024_CLEANED.txt",NA
"1047","MDSEQ 1032","3/8/16",NA,"Wang, Lu",NA,75596,"747025","75596-747025","ChIP-Seq",NA,NA,"mouse",NA,"ChIP-seq, Single, 50 bps",NA,"HARTWELL_database_Master_2011-2024_CLEANED.txt",NA
"1048","MDSEQ 1033","3/8/16",NA,"Wang, Lu",NA,75596,"747026","75596-747026","ChIP-Seq",NA,NA,"mouse",NA,"ChIP-seq, Single, 50 bps",NA,"HARTWELL_database_Master_2011-2024_CLEANED.txt",NA
"1049","MDSEQ 1034","3/8/16",NA,"Wang, Lu",NA,75596,"747027","75596-747027","ChIP-Seq",NA,NA,"mouse",NA,"ChIP-seq, Single, 50 bps",NA,"HARTWELL_database_Master_2011-2024_CLEANED.txt",NA
"1050","MDSEQ 1035","3/8/16",NA,"Wang, Lu",NA,75596,"747028","75596-747028","ChIP-Seq",NA,NA,"mouse",NA,"ChIP-seq, Single, 50 bps",NA,"HARTWELL_database_Master_2011-2024_CLEANED.txt",NA
"1051","MDSEQ 1036","3/8/16",NA,"Wang, Lu",NA,75596,"747029","75596-747029","ChIP-Seq",NA,NA,"mouse",NA,"ChIP-seq, Single, 50 bps",NA,"HARTWELL_database_Master_2011-2024_CLEANED.txt",NA
"1052","MDSEQ 1037","3/8/16",NA,"Wang, Lu",NA,75596,"747030","75596-747030","ChIP-Seq",NA,NA,"mouse",NA,"ChIP-seq, Single, 50 bps","SJRHB000026_X89-MAST39_3-PKH-neg","HARTWELL_database_Master_2011-2024_CLEANED.txt",NA
"1053","MDSEQ 1038","3/8/16",NA,"Wang, Lu",NA,75596,"747031","75596-747031","ChIP-Seq",NA,NA,"mouse",NA,"ChIP-seq, Single, 50 bps","SJRHB000026_X91-MAST39_3-PKH26-bulk-rep-2","HARTWELL_database_Master_2011-2024_CLEANED.txt",NA
"1054","MDSEQ 1039","3/8/16",NA,"Wang, Lu",NA,75596,"747032","75596-747032","ChIP-Seq",NA,NA,"mouse",NA,"ChIP-seq, Single, 50 bps","SJRHB000026_X92-MAST39_3-PKH26-pos-rep-2","HARTWELL_database_Master_2011-2024_CLEANED.txt",NA
"1055","MDSEQ 1040","3/8/16",NA,"Wang, Lu",NA,75596,"747033","75596-747033","ChIP-Seq",NA,NA,"mouse",NA,"ChIP-seq, Single, 50 bps",NA,"HARTWELL_database_Master_2011-2024_CLEANED.txt",NA
"1056","MDSEQ 1041","3/8/16",NA,"Wang, Lu",NA,75596,"747034","75596-747034","ChIP-Seq",NA,NA,"mouse",NA,"ChIP-seq, Single, 50 bps",NA,"HARTWELL_database_Master_2011-2024_CLEANED.txt",NA
"1057","MDSEQ 1042","3/8/16",NA,"Wang, Lu",NA,75596,"747035","75596-747035","ChIP-Seq",NA,NA,"mouse",NA,"ChIP-seq, Single, 50 bps",NA,"HARTWELL_database_Master_2011-2024_CLEANED.txt",NA
"1058","MDSEQ 1043","3/8/16",NA,"Wang, Lu",NA,75596,"747036","75596-747036","ChIP-Seq",NA,NA,"mouse",NA,"ChIP-seq, Single, 50 bps",NA,"HARTWELL_database_Master_2011-2024_CLEANED.txt",NA
"1059","MDSEQ 1044","3/8/16",NA,"Wang, Lu",NA,75596,"747037","75596-747037","ChIP-Seq",NA,NA,"mouse",NA,"ChIP-seq, Single, 50 bps",NA,"HARTWELL_database_Master_2011-2024_CLEANED.txt",NA
"1060","MDSEQ 1045","3/8/16",NA,"Wang, Lu",NA,75596,"747038","75596-747038","ChIP-Seq",NA,NA,"mouse",NA,"ChIP-seq, Single, 50 bps",NA,"HARTWELL_database_Master_2011-2024_CLEANED.txt",NA
"1061","MDSEQ 1046","3/8/16",NA,"Wang, Lu",NA,75596,"747039","75596-747039","ChIP-Seq",NA,NA,"mouse",NA,"ChIP-seq, Single, 50 bps",NA,"HARTWELL_database_Master_2011-2024_CLEANED.txt",NA
"1062","MDSEQ 1047","3/8/16",NA,"Wang, Lu",NA,75596,"747040","75596-747040","ChIP-Seq",NA,NA,"mouse",NA,"ChIP-seq, Single, 50 bps",NA,"HARTWELL_database_Master_2011-2024_CLEANED.txt",NA
"1063","MDSEQ 1048","3/8/16",NA,"Wang, Lu",NA,75596,"747041","75596-747041","ChIP-Seq",NA,NA,"mouse",NA,"ChIP-seq, Single, 50 bps",NA,"HARTWELL_database_Master_2011-2024_CLEANED.txt",NA
"1064","MDSEQ 1049","3/8/16",NA,"Wang, Lu",NA,75596,"747042","75596-747042","ChIP-Seq",NA,NA,"mouse",NA,"ChIP-seq, Single, 50 bps",NA,"HARTWELL_database_Master_2011-2024_CLEANED.txt",NA
"1065","MDSEQ 1050","3/8/16",NA,"Wang, Lu",NA,75596,"747043","75596-747043","ChIP-Seq",NA,NA,"mouse",NA,"ChIP-seq, Single, 50 bps",NA,"HARTWELL_database_Master_2011-2024_CLEANED.txt",NA
"1066","MDSEQ 1051","3/8/16",NA,"Wang, Lu",NA,75596,"747044","75596-747044","ChIP-Seq",NA,NA,"mouse",NA,"ChIP-seq, Single, 50 bps",NA,"HARTWELL_database_Master_2011-2024_CLEANED.txt",NA
"1067","MDSEQ 1052","3/8/16",NA,"Wang, Lu",NA,75596,"747045","75596-747045","ChIP-Seq",NA,NA,"mouse",NA,"ChIP-seq, Single, 50 bps",NA,"HARTWELL_database_Master_2011-2024_CLEANED.txt",NA
"1068","MDSEQ 1053","3/8/16",NA,"Wang, Lu",NA,75596,"747046","75596-747046","ChIP-Seq",NA,NA,"mouse",NA,"ChIP-seq, Single, 50 bps",NA,"HARTWELL_database_Master_2011-2024_CLEANED.txt",NA
"1069","MDSEQ 1054","3/8/16",NA,"Wang, Lu",NA,75596,"747047","75596-747047","ChIP-Seq",NA,NA,"mouse",NA,"ChIP-seq, Single, 50 bps",NA,"HARTWELL_database_Master_2011-2024_CLEANED.txt",NA
"1070","MDSEQ 1055","3/8/16",NA,"Wang, Lu",NA,75596,"747048","75596-747048","ChIP-Seq",NA,NA,"mouse",NA,"ChIP-seq, Single, 50 bps",NA,"HARTWELL_database_Master_2011-2024_CLEANED.txt",NA
"1071","MDSEQ 1056","3/8/16",NA,"Wang, Lu",NA,75596,"747049","75596-747049","ChIP-Seq",NA,NA,"mouse",NA,"ChIP-seq, Single, 50 bps",NA,"HARTWELL_database_Master_2011-2024_CLEANED.txt",NA
"1072","MDSEQ 1057","3/8/16",NA,"Wang, Lu",NA,75596,"747050","75596-747050","ChIP-Seq",NA,NA,"mouse",NA,"ChIP-seq, Single, 50 bps",NA,"HARTWELL_database_Master_2011-2024_CLEANED.txt",NA
"1073","MDSEQ 1058","3/8/16",NA,"Wang, Lu",NA,75596,"747051","75596-747051","ChIP-Seq",NA,NA,"mouse",NA,"ChIP-seq, Single, 50 bps",NA,"HARTWELL_database_Master_2011-2024_CLEANED.txt",NA
"1074","MDSEQ 1059","3/8/16",NA,"Wang, Lu",NA,75596,"747052","75596-747052","ChIP-Seq",NA,NA,"mouse",NA,"ChIP-seq, Single, 50 bps",NA,"HARTWELL_database_Master_2011-2024_CLEANED.txt",NA
"1075","MDSEQ 1060","3/8/16",NA,"Wang, Lu",NA,75596,"747053","75596-747053","ChIP-Seq",NA,NA,"mouse",NA,"ChIP-seq, Single, 50 bps",NA,"HARTWELL_database_Master_2011-2024_CLEANED.txt",NA
"1076","MDSEQ 1061","3/8/16",NA,"Wang, Lu",NA,75596,"747054","75596-747054","ChIP-Seq",NA,NA,"mouse",NA,"ChIP-seq, Single, 50 bps",NA,"HARTWELL_database_Master_2011-2024_CLEANED.txt",NA
"1077","MDSEQ 1062","3/8/16",NA,"Wang, Lu",NA,75596,"747055","75596-747055","ChIP-Seq",NA,NA,"mouse",NA,"ChIP-seq, Single, 50 bps",NA,"HARTWELL_database_Master_2011-2024_CLEANED.txt",NA
"1078","MDSEQ 1063","3/8/16",NA,"Wang, Lu",NA,75596,"747056","75596-747056","ChIP-Seq",NA,NA,"mouse",NA,"ChIP-seq, Single, 50 bps",NA,"HARTWELL_database_Master_2011-2024_CLEANED.txt",NA
"1079","MDSEQ 1064","3/8/16",NA,"Wang, Lu",NA,75596,"747057","75596-747057","ChIP-Seq",NA,NA,"mouse",NA,"ChIP-seq, Single, 50 bps",NA,"HARTWELL_database_Master_2011-2024_CLEANED.txt",NA
"1080","MDSEQ 1065","3/8/16",NA,"Wang, Lu",NA,75596,"747058","75596-747058","ChIP-Seq",NA,NA,"mouse",NA,"ChIP-seq, Single, 50 bps",NA,"HARTWELL_database_Master_2011-2024_CLEANED.txt",NA
"1081","MDSEQ 1066","3/8/16",NA,"Wang, Lu",NA,75596,"747059","75596-747059","ChIP-Seq",NA,NA,"mouse",NA,"ChIP-seq, Single, 50 bps",NA,"HARTWELL_database_Master_2011-2024_CLEANED.txt",NA
"1082","MDSEQ 1067","3/14/16",NA,"Al Diri, Issam",NA,75985,"751575","75985-751575","Amplicon",NA,NA,"mouse",NA,"Amplicon, Paired, 250 bps",NA,"HARTWELL_database_Master_2011-2024_CLEANED.txt",NA
"1083","MDSEQ 1068","3/14/16",NA,"Al Diri, Issam",NA,75985,"751576","75985-751576","Amplicon",NA,NA,"mouse",NA,"Amplicon, Paired, 250 bps",NA,"HARTWELL_database_Master_2011-2024_CLEANED.txt",NA
"1084","MDSEQ 1069","3/14/16",NA,"Al Diri, Issam",NA,75985,"751577","75985-751577","Amplicon",NA,NA,"mouse",NA,"Amplicon, Paired, 250 bps",NA,"HARTWELL_database_Master_2011-2024_CLEANED.txt",NA
"1085","MDSEQ 1070","3/14/16",NA,"Al Diri, Issam",NA,75985,"751578","75985-751578","Amplicon",NA,NA,"mouse",NA,"Amplicon, Paired, 250 bps",NA,"HARTWELL_database_Master_2011-2024_CLEANED.txt",NA
"1086","MDSEQ 1071","3/14/16",NA,"Al Diri, Issam",NA,75985,"751579","75985-751579","Amplicon",NA,NA,"mouse",NA,"Amplicon, Paired, 250 bps",NA,"HARTWELL_database_Master_2011-2024_CLEANED.txt",NA
"1087","MDSEQ 1072","3/14/16",NA,"Al Diri, Issam",NA,75985,"751580","75985-751580","Amplicon",NA,NA,"mouse",NA,"Amplicon, Paired, 250 bps",NA,"HARTWELL_database_Master_2011-2024_CLEANED.txt",NA
"1088","MDSEQ 1073","3/14/16",NA,"Al Diri, Issam",NA,75985,"751581","75985-751581","Amplicon",NA,NA,"mouse",NA,"Amplicon, Paired, 250 bps",NA,"HARTWELL_database_Master_2011-2024_CLEANED.txt",NA
"1089","MDSEQ 1074","3/14/16",NA,"Al Diri, Issam",NA,75985,"751582","75985-751582","Amplicon",NA,NA,"mouse",NA,"Amplicon, Paired, 250 bps",NA,"HARTWELL_database_Master_2011-2024_CLEANED.txt",NA
"1090","MDSEQ 1075","3/14/16",NA,"Al Diri, Issam",NA,75985,"751583","75985-751583","Amplicon",NA,NA,"mouse",NA,"Amplicon, Paired, 250 bps",NA,"HARTWELL_database_Master_2011-2024_CLEANED.txt",NA
"1091","MDSEQ 1076","3/14/16",NA,"Al Diri, Issam",NA,75985,"751584","75985-751584","Amplicon",NA,NA,"mouse",NA,"Amplicon, Paired, 250 bps",NA,"HARTWELL_database_Master_2011-2024_CLEANED.txt",NA
"1092","MDSEQ 1077","3/14/16",NA,"Al Diri, Issam",NA,75985,"751585","75985-751585","Amplicon",NA,NA,"mouse",NA,"Amplicon, Paired, 250 bps",NA,"HARTWELL_database_Master_2011-2024_CLEANED.txt",NA
"1093","MDSEQ 1078","3/14/16",NA,"Al Diri, Issam",NA,75985,"751586","75985-751586","Amplicon",NA,NA,"mouse",NA,"Amplicon, Paired, 250 bps",NA,"HARTWELL_database_Master_2011-2024_CLEANED.txt",NA
"1094","MDSEQ 1079","3/14/16",NA,"Al Diri, Issam",NA,75985,"751587","75985-751587","Amplicon",NA,NA,"mouse",NA,"Amplicon, Paired, 250 bps",NA,"HARTWELL_database_Master_2011-2024_CLEANED.txt",NA
"1095","MDSEQ 1080","3/14/16",NA,"Al Diri, Issam",NA,75985,"751588","75985-751588","Amplicon",NA,NA,"mouse",NA,"Amplicon, Paired, 250 bps",NA,"HARTWELL_database_Master_2011-2024_CLEANED.txt",NA
"1096","MDSEQ 1081","3/14/16",NA,"Al Diri, Issam",NA,75985,"751589","75985-751589","Amplicon",NA,NA,"mouse",NA,"Amplicon, Paired, 250 bps",NA,"HARTWELL_database_Master_2011-2024_CLEANED.txt",NA
"1097","MDSEQ 1130","4/25/16",NA,"Al Diri, Issam",NA,79329,"790698","79329-790698","ChIP-Seq",NA,NA,"mouse",NA,"ChIP-seq, Single, 50 bps",NA,"HARTWELL_database_Master_2011-2024_CLEANED.txt",NA
"1098","MDSEQ 1131","4/25/16",NA,"Al Diri, Issam",NA,79329,"790699","79329-790699","ChIP-Seq",NA,NA,"mouse",NA,"ChIP-seq, Single, 50 bps",NA,"HARTWELL_database_Master_2011-2024_CLEANED.txt",NA
"1099","MDSEQ 1132","4/25/16",NA,"Al Diri, Issam",NA,79329,"790700","79329-790700","ChIP-Seq",NA,NA,"mouse",NA,"ChIP-seq, Single, 50 bps",NA,"HARTWELL_database_Master_2011-2024_CLEANED.txt",NA
"1100","MDSEQ 1133","4/25/16",NA,"Al Diri, Issam",NA,79329,"790701","79329-790701","ChIP-Seq",NA,NA,"mouse",NA,"ChIP-seq, Single, 50 bps",NA,"HARTWELL_database_Master_2011-2024_CLEANED.txt",NA
"1101","MDSEQ 1134","4/25/16",NA,"Al Diri, Issam",NA,79329,"790702","79329-790702","ChIP-Seq",NA,NA,"mouse",NA,"ChIP-seq, Single, 50 bps",NA,"HARTWELL_database_Master_2011-2024_CLEANED.txt",NA
"1102","MDSEQ 1135","4/25/16",NA,"Al Diri, Issam",NA,79329,"790703","79329-790703","ChIP-Seq",NA,NA,"mouse",NA,"ChIP-seq, Single, 50 bps",NA,"HARTWELL_database_Master_2011-2024_CLEANED.txt",NA
"1103","MDSEQ 1136","4/25/16",NA,"Al Diri, Issam",NA,79329,"790704","79329-790704","ChIP-Seq",NA,NA,"mouse",NA,"ChIP-seq, Single, 50 bps",NA,"HARTWELL_database_Master_2011-2024_CLEANED.txt",NA
"1104","MDSEQ 1137","4/25/16",NA,"Al Diri, Issam",NA,79329,"790705","79329-790705","ChIP-Seq",NA,NA,"mouse",NA,"ChIP-seq, Single, 50 bps",NA,"HARTWELL_database_Master_2011-2024_CLEANED.txt",NA
"1105","MDSEQ 1138","4/25/16",NA,"Al Diri, Issam",NA,79329,"790706","79329-790706","ChIP-Seq",NA,NA,"mouse",NA,"ChIP-seq, Single, 50 bps",NA,"HARTWELL_database_Master_2011-2024_CLEANED.txt",NA
"1106","MDSEQ 1139","4/25/16",NA,"Al Diri, Issam",NA,79329,"790707","79329-790707","ChIP-Seq",NA,NA,"mouse",NA,"ChIP-seq, Single, 50 bps",NA,"HARTWELL_database_Master_2011-2024_CLEANED.txt",NA
"1107","MDSEQ 1159","3/25/16",NA,"Wang, Lu",NA,76863,"760011","76863-760011","ChIP-Seq",NA,NA,"mouse",NA,"ChIP-seq, Single, 50 bps",NA,"HARTWELL_database_Master_2011-2024_CLEANED.txt",NA
"1108","MDSEQ 1160","3/25/16",NA,"Wang, Lu",NA,76863,"760012","76863-760012","ChIP-Seq",NA,NA,"mouse",NA,"ChIP-seq, Single, 50 bps",NA,"HARTWELL_database_Master_2011-2024_CLEANED.txt",NA
"1109","MDSEQ 1161","3/25/16",NA,"Wang, Lu",NA,76863,"760013","76863-760013","ChIP-Seq",NA,NA,"mouse",NA,"ChIP-seq, Single, 50 bps",NA,"HARTWELL_database_Master_2011-2024_CLEANED.txt",NA
"1110","MDSEQ 1162","3/25/16",NA,"Wang, Lu",NA,76863,"760014","76863-760014","ChIP-Seq",NA,NA,"mouse",NA,"ChIP-seq, Single, 50 bps",NA,"HARTWELL_database_Master_2011-2024_CLEANED.txt",NA
"1111","MDSEQ 1163","3/25/16",NA,"Wang, Lu",NA,76863,"760015","76863-760015","ChIP-Seq",NA,NA,"mouse",NA,"ChIP-seq, Single, 50 bps",NA,"HARTWELL_database_Master_2011-2024_CLEANED.txt",NA
"1112","MDSEQ 1164","3/25/16",NA,"Wang, Lu",NA,76863,"760016","76863-760016","ChIP-Seq",NA,NA,"mouse",NA,"ChIP-seq, Single, 50 bps",NA,"HARTWELL_database_Master_2011-2024_CLEANED.txt",NA
"1113","MDSEQ 1165","3/25/16",NA,"Wang, Lu",NA,76863,"760017","76863-760017","ChIP-Seq",NA,NA,"mouse",NA,"ChIP-seq, Single, 50 bps",NA,"HARTWELL_database_Master_2011-2024_CLEANED.txt",NA
"1114","MDSEQ 1166","3/25/16",NA,"Wang, Lu",NA,76863,"760018","76863-760018","ChIP-Seq",NA,NA,"mouse",NA,"ChIP-seq, Single, 50 bps",NA,"HARTWELL_database_Master_2011-2024_CLEANED.txt",NA
"1115","MDSEQ 1167","3/25/16",NA,"Wang, Lu",NA,76863,"760019","76863-760019","ChIP-Seq",NA,NA,"mouse",NA,"ChIP-seq, Single, 50 bps",NA,"HARTWELL_database_Master_2011-2024_CLEANED.txt",NA
"1116","MDSEQ 1168","3/25/16",NA,"Wang, Lu",NA,76863,"760020","76863-760020","ChIP-Seq",NA,NA,"mouse",NA,"ChIP-seq, Single, 50 bps",NA,"HARTWELL_database_Master_2011-2024_CLEANED.txt",NA
"1117","MDSEQ 1169","3/25/16",NA,"Wang, Lu",NA,76863,"760021","76863-760021","ChIP-Seq",NA,NA,"mouse",NA,"ChIP-seq, Single, 50 bps",NA,"HARTWELL_database_Master_2011-2024_CLEANED.txt",NA
"1118","MDSEQ 1170","3/25/16",NA,"Wang, Lu",NA,76863,"760022","76863-760022","ChIP-Seq",NA,NA,"mouse",NA,"ChIP-seq, Single, 50 bps",NA,"HARTWELL_database_Master_2011-2024_CLEANED.txt",NA
"1119","MDSEQ 1171","3/25/16",NA,"Wang, Lu",NA,76863,"760023","76863-760023","ChIP-Seq",NA,NA,"mouse",NA,"ChIP-seq, Single, 50 bps",NA,"HARTWELL_database_Master_2011-2024_CLEANED.txt",NA
"1120","MDSEQ 1172","3/25/16",NA,"Wang, Lu",NA,76863,"760024","76863-760024","ChIP-Seq",NA,NA,"mouse",NA,"ChIP-seq, Single, 50 bps",NA,"HARTWELL_database_Master_2011-2024_CLEANED.txt",NA
"1121","MDSEQ 1173","3/25/16",NA,"Wang, Lu",NA,76863,"760025","76863-760025","ChIP-Seq",NA,NA,"mouse",NA,"ChIP-seq, Single, 50 bps",NA,"HARTWELL_database_Master_2011-2024_CLEANED.txt",NA
"1122","MDSEQ 1174","3/25/16",NA,"Wang, Lu",NA,76863,"760026","76863-760026","ChIP-Seq",NA,NA,"mouse",NA,"ChIP-seq, Single, 50 bps",NA,"HARTWELL_database_Master_2011-2024_CLEANED.txt",NA
"1123","MDSEQ 1175","3/25/16",NA,"Wang, Lu",NA,76863,"760027","76863-760027","ChIP-Seq",NA,NA,"mouse",NA,"ChIP-seq, Single, 50 bps",NA,"HARTWELL_database_Master_2011-2024_CLEANED.txt",NA
"1124","MDSEQ 1176","3/25/16",NA,"Wang, Lu",NA,76863,"760028","76863-760028","ChIP-Seq",NA,NA,"mouse",NA,"ChIP-seq, Single, 50 bps",NA,"HARTWELL_database_Master_2011-2024_CLEANED.txt",NA
"1125","MDSEQ 1177","3/25/16",NA,"Wang, Lu",NA,76863,"760029","76863-760029","ChIP-Seq",NA,NA,"mouse",NA,"ChIP-seq, Single, 50 bps",NA,"HARTWELL_database_Master_2011-2024_CLEANED.txt",NA
"1126","MDSEQ 1178","3/25/16",NA,"Wang, Lu",NA,76863,"760030","76863-760030","ChIP-Seq",NA,NA,"mouse",NA,"ChIP-seq, Single, 50 bps",NA,"HARTWELL_database_Master_2011-2024_CLEANED.txt",NA
"1127","MDSEQ 1179","3/25/16",NA,"Wang, Lu",NA,76863,"760031","76863-760031","ChIP-Seq",NA,NA,"mouse",NA,"ChIP-seq, Single, 50 bps",NA,"HARTWELL_database_Master_2011-2024_CLEANED.txt",NA
"1128","MDSEQ 1180","3/25/16",NA,"Wang, Lu",NA,76863,"760032","76863-760032","ChIP-Seq",NA,NA,"mouse",NA,"ChIP-seq, Single, 50 bps",NA,"HARTWELL_database_Master_2011-2024_CLEANED.txt",NA
"1129","MDSEQ 1181","3/25/16",NA,"Wang, Lu",NA,76863,"760033","76863-760033","ChIP-Seq",NA,NA,"mouse",NA,"ChIP-seq, Single, 50 bps",NA,"HARTWELL_database_Master_2011-2024_CLEANED.txt",NA
"1130","MDSEQ 1182","3/25/16",NA,"Wang, Lu",NA,76863,"760034","76863-760034","ChIP-Seq",NA,NA,"mouse",NA,"ChIP-seq, Single, 50 bps",NA,"HARTWELL_database_Master_2011-2024_CLEANED.txt",NA
"1131","MDSEQ 1183","3/25/16",NA,"Wang, Lu",NA,76863,"760035","76863-760035","ChIP-Seq",NA,NA,"mouse",NA,"ChIP-seq, Single, 50 bps",NA,"HARTWELL_database_Master_2011-2024_CLEANED.txt",NA
"1132","MDSEQ 1184","3/25/16",NA,"Wang, Lu",NA,76863,"760036","76863-760036","ChIP-Seq",NA,NA,"mouse",NA,"ChIP-seq, Single, 50 bps",NA,"HARTWELL_database_Master_2011-2024_CLEANED.txt",NA
"1133","MDSEQ 1185","3/25/16",NA,"Wang, Lu",NA,76863,"760037","76863-760037","ChIP-Seq",NA,NA,"mouse",NA,"ChIP-seq, Single, 50 bps",NA,"HARTWELL_database_Master_2011-2024_CLEANED.txt",NA
"1134","MDSEQ 1186","3/25/16",NA,"Wang, Lu",NA,76863,"760038","76863-760038","ChIP-Seq",NA,NA,"mouse",NA,"ChIP-seq, Single, 50 bps",NA,"HARTWELL_database_Master_2011-2024_CLEANED.txt",NA
"1135","MDSEQ 1187","3/25/16",NA,"Wang, Lu",NA,76863,"760039","76863-760039","ChIP-Seq",NA,NA,"mouse",NA,"ChIP-seq, Single, 50 bps",NA,"HARTWELL_database_Master_2011-2024_CLEANED.txt",NA
"1136","MDSEQ 1188","3/25/16",NA,"Wang, Lu",NA,76863,"760040","76863-760040","ChIP-Seq",NA,NA,"mouse",NA,"ChIP-seq, Single, 50 bps",NA,"HARTWELL_database_Master_2011-2024_CLEANED.txt",NA
"1137","MDSEQ 1189","3/25/16",NA,"Wang, Lu",NA,76869,"760068","76869-760068","Whole Genome",NA,NA,"mouse",NA,"For ATAC-seq, it needs clean-up and QC. Index 1 TAAGGCGA. Please send me the results of QC before sequencing. Thank you!",NA,"HARTWELL_database_Master_2011-2024_CLEANED.txt",NA
"1138","MDSEQ 1190","3/25/16",NA,"Wang, Lu",NA,76869,"760069","76869-760069","Whole Genome",NA,NA,"mouse",NA,"For ATAC-seq, need clean-up and QC. Index 4 TCCTGAGC. Please send me the results of QC before sequencing. Thank you!",NA,"HARTWELL_database_Master_2011-2024_CLEANED.txt",NA
"1139","MDSEQ 1191","3/25/16",NA,"Wang, Lu",NA,76869,"760070","76869-760070","Whole Genome",NA,NA,"mouse",NA,"For ATAC-seq, need clean-up and QC. Index 5 GGACTCCT. Please send me the results of QC before sequencing. Thank you!",NA,"HARTWELL_database_Master_2011-2024_CLEANED.txt",NA
"1140","MDSEQ 1192","4/4/16",NA,"Griffiths, Lyra",NA,77543,"766747","77543-766747","Amplicon",NA,NA,"human",NA,"Amplicon, Paired, 250 bps",NA,"HARTWELL_database_Master_2011-2024_CLEANED.txt",NA
"1141","MDSEQ 1193","4/4/16",NA,"Griffiths, Lyra",NA,77543,"766748","77543-766748","Amplicon",NA,NA,"human",NA,"Amplicon, Paired, 250 bps",NA,"HARTWELL_database_Master_2011-2024_CLEANED.txt",NA
"1142","MDSEQ 1194","4/4/16",NA,"Griffiths, Lyra",NA,77543,"766749","77543-766749","Amplicon",NA,NA,"human",NA,"Amplicon, Paired, 250 bps",NA,"HARTWELL_database_Master_2011-2024_CLEANED.txt",NA
"1143","MDSEQ 1195","4/4/16",NA,"Griffiths, Lyra",NA,77543,"766750","77543-766750","Amplicon",NA,NA,"human",NA,"Amplicon, Paired, 250 bps",NA,"HARTWELL_database_Master_2011-2024_CLEANED.txt",NA
"1144","MDSEQ 1196","4/4/16",NA,"Griffiths, Lyra",NA,77543,"766751","77543-766751","Amplicon",NA,NA,"human",NA,"Amplicon, Paired, 250 bps",NA,"HARTWELL_database_Master_2011-2024_CLEANED.txt",NA
"1145","MDSEQ 1197","4/4/16",NA,"Griffiths, Lyra",NA,77543,"766752","77543-766752","Amplicon",NA,NA,"human",NA,"Amplicon, Paired, 250 bps",NA,"HARTWELL_database_Master_2011-2024_CLEANED.txt",NA
"1146","MDSEQ 1198","4/4/16",NA,"Griffiths, Lyra",NA,77543,"766753","77543-766753","Amplicon",NA,NA,"human",NA,"Amplicon, Paired, 250 bps",NA,"HARTWELL_database_Master_2011-2024_CLEANED.txt",NA
"1147","MDSEQ 1199","4/4/16",NA,"Griffiths, Lyra",NA,77543,"766754","77543-766754","Amplicon",NA,NA,"human",NA,"Amplicon, Paired, 250 bps",NA,"HARTWELL_database_Master_2011-2024_CLEANED.txt",NA
"1148","MDSEQ 1200","4/4/16",NA,"Griffiths, Lyra",NA,77543,"766755","77543-766755","Amplicon",NA,NA,"human",NA,"Amplicon, Paired, 250 bps",NA,"HARTWELL_database_Master_2011-2024_CLEANED.txt",NA
"1149","MDSEQ 1201","4/4/16",NA,"Griffiths, Lyra",NA,77543,"766756","77543-766756","Amplicon",NA,NA,"human",NA,"Amplicon, Paired, 250 bps",NA,"HARTWELL_database_Master_2011-2024_CLEANED.txt",NA
"1150","MDSEQ 1202","4/4/16",NA,"Griffiths, Lyra",NA,77543,"766757","77543-766757","Amplicon",NA,NA,"human",NA,"Amplicon, Paired, 250 bps",NA,"HARTWELL_database_Master_2011-2024_CLEANED.txt",NA
"1151","MDSEQ 1203","4/4/16",NA,"Griffiths, Lyra",NA,77543,"766758","77543-766758","Amplicon",NA,NA,"human",NA,"Amplicon, Paired, 250 bps",NA,"HARTWELL_database_Master_2011-2024_CLEANED.txt",NA
"1152","MDSEQ 1204","4/4/16",NA,"Griffiths, Lyra",NA,77543,"766759","77543-766759","Amplicon",NA,NA,"human",NA,"Amplicon, Paired, 250 bps",NA,"HARTWELL_database_Master_2011-2024_CLEANED.txt",NA
"1153","MDSEQ 1205","4/4/16",NA,"Griffiths, Lyra",NA,77543,"766760","77543-766760","Amplicon",NA,NA,"human",NA,"Amplicon, Paired, 250 bps",NA,"HARTWELL_database_Master_2011-2024_CLEANED.txt",NA
"1154","MDSEQ 1206","4/4/16",NA,"Griffiths, Lyra",NA,77543,"766761","77543-766761","Amplicon",NA,NA,"human",NA,"Amplicon, Paired, 250 bps",NA,"HARTWELL_database_Master_2011-2024_CLEANED.txt",NA
"1155","MDSEQ 1207","4/4/16",NA,"Griffiths, Lyra",NA,77543,"766762","77543-766762","Amplicon",NA,NA,"human",NA,"Amplicon, Paired, 250 bps",NA,"HARTWELL_database_Master_2011-2024_CLEANED.txt",NA
"1156","MDSEQ 1209","4/12/16",NA,"Al Diri, Issam",NA,78175,"773337","78175-773337","Amplicon",NA,NA,"mouse",NA,"Amplicon, Paired, 250 bps",NA,"HARTWELL_database_Master_2011-2024_CLEANED.txt",NA
"1157","MDSEQ 1210","4/12/16",NA,"Al Diri, Issam",NA,78175,"773338","78175-773338","Amplicon",NA,NA,"mouse",NA,"Amplicon, Paired, 250 bps",NA,"HARTWELL_database_Master_2011-2024_CLEANED.txt",NA
"1158","MDSEQ 1211","4/12/16",NA,"Al Diri, Issam",NA,78175,"773339","78175-773339","Amplicon",NA,NA,"mouse",NA,"Amplicon, Paired, 250 bps",NA,"HARTWELL_database_Master_2011-2024_CLEANED.txt",NA
"1159","MDSEQ 1212","4/12/16",NA,"Al Diri, Issam",NA,78175,"773340","78175-773340","Amplicon",NA,NA,"mouse",NA,"Amplicon, Paired, 250 bps",NA,"HARTWELL_database_Master_2011-2024_CLEANED.txt",NA
"1160","MDSEQ 1340","4/28/16",NA,"Wang, Lu",NA,79599,"793441","79599-793441","ChIP-Seq",NA,NA,"mouse",NA,"L1-Active Motif libarary, Index GAAGGTC",NA,"HARTWELL_database_Master_2011-2024_CLEANED.txt",NA
"1161","MDSEQ 1341","4/28/16",NA,"Wang, Lu",NA,79599,"793442","79599-793442","ChIP-Seq",NA,NA,"mouse",NA,"L2-Active Motif libarary, Index TTTGCCC",NA,"HARTWELL_database_Master_2011-2024_CLEANED.txt",NA
"1162","MDSEQ 1342","4/28/16",NA,"Wang, Lu",NA,79599,"793443","79599-793443","ChIP-Seq",NA,NA,"mouse",NA,"L3-Active Motif libarary, Index GCGAAAC",NA,"HARTWELL_database_Master_2011-2024_CLEANED.txt",NA
"1163","MDSEQ 1343","4/28/16",NA,"Wang, Lu",NA,79599,"793444","79599-793444","ChIP-Seq",NA,NA,"mouse",NA,"L4-Active Motif libarary, Index CGATTGC",NA,"HARTWELL_database_Master_2011-2024_CLEANED.txt",NA
"1164","MDSEQ 1344","4/28/16",NA,"Wang, Lu",NA,79599,"793445","79599-793445","ChIP-Seq",NA,NA,"mouse",NA,"L5-Active Motif libarary, Index AATGGGC",NA,"HARTWELL_database_Master_2011-2024_CLEANED.txt",NA
"1165","MDSEQ 1345","4/28/16",NA,"Wang, Lu",NA,79599,"793446","79599-793446","ChIP-Seq",NA,NA,"mouse",NA,"L6-Active Motif libarary, Index CCGGAAA",NA,"HARTWELL_database_Master_2011-2024_CLEANED.txt",NA
"1166","MDSEQ 1346","4/28/16",NA,"Wang, Lu",NA,79599,"793447","79599-793447","ChIP-Seq",NA,NA,"mouse",NA,"L8-Active Motif libarary, Index GTCCCTT",NA,"HARTWELL_database_Master_2011-2024_CLEANED.txt",NA
"1167","MDSEQ 1347","4/28/16",NA,"Wang, Lu",NA,79599,"793448","79599-793448","ChIP-Seq",NA,NA,"mouse",NA,"L9-Active Motif libarary, Index TCGATCG",NA,"HARTWELL_database_Master_2011-2024_CLEANED.txt",NA
"1168","MDSEQ 1348","4/28/16",NA,"Wang, Lu",NA,79599,"793449","79599-793449","ChIP-Seq",NA,NA,"mouse",NA,"L10-Active Motif libarary, Index AGCCCTA",NA,"HARTWELL_database_Master_2011-2024_CLEANED.txt",NA
"1169","MDSEQ 1349","4/28/16",NA,"Wang, Lu",NA,79599,"793450","79599-793450","ChIP-Seq",NA,NA,"mouse",NA,"L11-Active Motif libarary, Index TGCTGCA",NA,"HARTWELL_database_Master_2011-2024_CLEANED.txt",NA
"1170","MDSEQ 1350","4/28/16",NA,"Wang, Lu",NA,79599,"793451","79599-793451","ChIP-Seq",NA,NA,"mouse",NA,"L12-Active Motif libarary, Index CAGACCT",NA,"HARTWELL_database_Master_2011-2024_CLEANED.txt",NA
"1171","MDSEQ 1351","4/28/16",NA,"Wang, Lu",NA,79599,"793452","79599-793452","ChIP-Seq",NA,NA,"mouse",NA,"L13-Active Motif libarary, Index AGCGAAC",NA,"HARTWELL_database_Master_2011-2024_CLEANED.txt",NA
"1172","MDSEQ 1352","4/28/16",NA,"Wang, Lu",NA,79599,"793453","79599-793453","ChIP-Seq",NA,NA,"mouse",NA,"L14-Active Motif libarary, Index GAACGGT",NA,"HARTWELL_database_Master_2011-2024_CLEANED.txt",NA
"1173","MDSEQ 1353","4/28/16",NA,"Wang, Lu",NA,79599,"793454","79599-793454","ChIP-Seq",NA,NA,"mouse",NA,"L15-Active Motif libarary, Index GGAGCTA",NA,"HARTWELL_database_Master_2011-2024_CLEANED.txt",NA
"1174","MDSEQ 1354","4/28/16",NA,"Wang, Lu",NA,79599,"793455","79599-793455","ChIP-Seq",NA,NA,"mouse",NA,"L16-Active Motif libarary, Index TGCAGAG",NA,"HARTWELL_database_Master_2011-2024_CLEANED.txt",NA
"1175","MDSEQ 1355","4/28/16",NA,"Wang, Lu",NA,79599,"793456","79599-793456","ChIP-Seq",NA,NA,"mouse",NA,"L17-Active Motif libarary, Index CGTCCAA",NA,"HARTWELL_database_Master_2011-2024_CLEANED.txt",NA
"1176","MDSEQ 1356","4/28/16",NA,"Wang, Lu",NA,79599,"793457","79599-793457","ChIP-Seq",NA,NA,"mouse",NA,"L18-Active Motif libarary, Index GATAGCG",NA,"HARTWELL_database_Master_2011-2024_CLEANED.txt",NA
"1177","MDSEQ 1357","4/28/16",NA,"Wang, Lu",NA,79599,"793458","79599-793458","ChIP-Seq",NA,NA,"mouse",NA,"L19-Active Motif libarary, Index GATTCGC",NA,"HARTWELL_database_Master_2011-2024_CLEANED.txt",NA
"1178","MDSEQ 1358","4/28/16",NA,"Wang, Lu",NA,79599,"793459","79599-793459","ChIP-Seq",NA,NA,"mouse",NA,"L20-Active Motif libarary, Index CCTTGTC",NA,"HARTWELL_database_Master_2011-2024_CLEANED.txt",NA
"1179","MDSEQ 1359","4/28/16",NA,"Wang, Lu",NA,79599,"793460","79599-793460","ChIP-Seq",NA,NA,"mouse",NA,"L21-Active Motif libarary, Index GCGTACT",NA,"HARTWELL_database_Master_2011-2024_CLEANED.txt",NA
"1180","MDSEQ 1360","4/28/16",NA,"Wang, Lu",NA,79599,"793461","79599-793461","ChIP-Seq",NA,NA,"mouse",NA,"L22-Active Motif libarary, Index CTACTCC",NA,"HARTWELL_database_Master_2011-2024_CLEANED.txt",NA
"1181","MDSEQ 1361","5/3/16",NA,"Al Diri, Issam",NA,79923,"798390","79923-798390","Amplicon",NA,NA,"mouse",NA,"Amplicon, Paired, 250 bps",NA,"HARTWELL_database_Master_2011-2024_CLEANED.txt",NA
"1182","MDSEQ 1362","5/3/16",NA,"Al Diri, Issam",NA,79923,"798391","79923-798391","Amplicon",NA,NA,"mouse",NA,"Amplicon, Paired, 250 bps",NA,"HARTWELL_database_Master_2011-2024_CLEANED.txt",NA
"1183","MDSEQ 1363","5/3/16",NA,"Al Diri, Issam",NA,79923,"798392","79923-798392","Amplicon",NA,NA,"mouse",NA,"Amplicon, Paired, 250 bps",NA,"HARTWELL_database_Master_2011-2024_CLEANED.txt",NA
"1184","MDSEQ 1425","5/17/16",NA,"Wang, Lu",NA,81227,"815859","81227-815859","ChIP-Seq",NA,NA,"mouse",NA,"L45-Active Motif Library; Index 96-CTACTCC",NA,"HARTWELL_database_Master_2011-2024_CLEANED.txt",NA
"1185","MDSEQ 1426","5/17/16",NA,"Wang, Lu",NA,81227,"815860","81227-815860","ChIP-Seq",NA,NA,"mouse",NA,"L46-Active Motif Library; Index 73-GGCTAGA",NA,"HARTWELL_database_Master_2011-2024_CLEANED.txt",NA
"1186","MDSEQ 1427","5/17/16",NA,"Wang, Lu",NA,81227,"815861","81227-815861","ChIP-Seq",NA,NA,"mouse",NA,"L47-Active Motif Library; Index 74-GAAGGTC",NA,"HARTWELL_database_Master_2011-2024_CLEANED.txt",NA
"1187","MDSEQ 1428","5/17/16",NA,"Wang, Lu",NA,81227,"815862","81227-815862","ChIP-Seq",NA,NA,"mouse",NA,"L48-Active Motif Library; Index 75-TTTGCCC",NA,"HARTWELL_database_Master_2011-2024_CLEANED.txt",NA
"1188","MDSEQ 1429","5/17/16",NA,"Wang, Lu",NA,81227,"815863","81227-815863","ChIP-Seq",NA,NA,"mouse",NA,"L49-Active Motif Library; Index 76-GCGAAAC",NA,"HARTWELL_database_Master_2011-2024_CLEANED.txt",NA
"1189","MDSEQ 1430","5/17/16",NA,"Wang, Lu",NA,81227,"815864","81227-815864","ChIP-Seq",NA,NA,"mouse",NA,"L50-Acitve Motif Library; Index 77-CGATTGC",NA,"HARTWELL_database_Master_2011-2024_CLEANED.txt",NA
"1190","MDSEQ 1431","5/17/16",NA,"Wang, Lu",NA,81227,"815865","81227-815865","ChIP-Seq",NA,NA,"mouse",NA,"L51-Active Motif Library; Index 78-AATGGGC",NA,"HARTWELL_database_Master_2011-2024_CLEANED.txt",NA
"1191","MDSEQ 1432","5/17/16",NA,"Wang, Lu",NA,81227,"815866","81227-815866","ChIP-Seq",NA,NA,"mouse",NA,"L52-Active Motif Library; Index 80-CCGGAAA",NA,"HARTWELL_database_Master_2011-2024_CLEANED.txt",NA
"1192","MDSEQ 1433","5/17/16",NA,"Wang, Lu",NA,81227,"815867","81227-815867","ChIP-Seq",NA,NA,"mouse",NA,"L53-Active Motif Library; Index 81-CCTACAG",NA,"HARTWELL_database_Master_2011-2024_CLEANED.txt",NA
"1193","MDSEQ 1434","5/17/16",NA,"Wang, Lu",NA,81227,"815868","81227-815868","ChIP-Seq",NA,NA,"mouse",NA,"L54-Active Motif Library; Index 82-GTCCCTT",NA,"HARTWELL_database_Master_2011-2024_CLEANED.txt",NA
"1194","MDSEQ 1435","5/17/16",NA,"Wang, Lu",NA,81227,"815869","81227-815869","ChIP-Seq",NA,NA,"mouse",NA,"L55-Active Motif Library; Index 83-TCGATCG",NA,"HARTWELL_database_Master_2011-2024_CLEANED.txt",NA
"1195","MDSEQ 1436","5/17/16",NA,"Wang, Lu",NA,81227,"815870","81227-815870","ChIP-Seq",NA,NA,"mouse",NA,"L56-Active Motif Library; Index 84-AGCCCTA",NA,"HARTWELL_database_Master_2011-2024_CLEANED.txt",NA
"1196","MDSEQ 1437","5/17/16",NA,"Wang, Lu",NA,81227,"815871","81227-815871","ChIP-Seq",NA,NA,"mouse",NA,"L57-Active Motif Library; Index 85-TGCTGCA",NA,"HARTWELL_database_Master_2011-2024_CLEANED.txt",NA
"1197","MDSEQ 1438","5/17/16",NA,"Wang, Lu",NA,81227,"815872","81227-815872","ChIP-Seq",NA,NA,"mouse",NA,"L59-Active Motif Library; Index 87-AGCGAAC",NA,"HARTWELL_database_Master_2011-2024_CLEANED.txt",NA
"1198","MDSEQ 1439","5/17/16",NA,"Wang, Lu",NA,81227,"815873","81227-815873","ChIP-Seq",NA,NA,"mouse",NA,"L60-Active Motif Library; Index 88-GAACGGT",NA,"HARTWELL_database_Master_2011-2024_CLEANED.txt",NA
"1199","MDSEQ 1440","5/17/16",NA,"Wang, Lu",NA,81227,"815874","81227-815874","ChIP-Seq",NA,NA,"mouse",NA,"L61-Active Motif Library; Index 89-GGAGCTA",NA,"HARTWELL_database_Master_2011-2024_CLEANED.txt",NA
"1200","MDSEQ 1441","5/17/16",NA,"Wang, Lu",NA,81227,"815875","81227-815875","ChIP-Seq",NA,NA,"mouse",NA,"L62-Active Motif Library; Index 90-TGCAGAG",NA,"HARTWELL_database_Master_2011-2024_CLEANED.txt",NA
"1201","MDSEQ 1442","5/17/16",NA,"Wang, Lu",NA,81227,"815876","81227-815876","ChIP-Seq",NA,NA,"mouse",NA,"L63-Active Motif Library; Index 91-CGTCCAA",NA,"HARTWELL_database_Master_2011-2024_CLEANED.txt",NA
"1202","MDSEQ 1443","5/17/16",NA,"Wang, Lu",NA,81227,"815877","81227-815877","ChIP-Seq",NA,NA,"mouse",NA,"L64-Active Motif Library; Index 92-GATAGCG",NA,"HARTWELL_database_Master_2011-2024_CLEANED.txt",NA
"1203","MDSEQ 1444","5/17/16",NA,"Wang, Lu",NA,81227,"815878","81227-815878","ChIP-Seq",NA,NA,"mouse",NA,"L65-Active Motif Library; Index 93-GATTCGC",NA,"HARTWELL_database_Master_2011-2024_CLEANED.txt",NA
"1204","MDSEQ 1445","5/17/16",NA,"Wang, Lu",NA,81227,"815879","81227-815879","ChIP-Seq",NA,NA,"mouse",NA,"L7-Active Motif Library; Index 94-CCTTGTC",NA,"HARTWELL_database_Master_2011-2024_CLEANED.txt",NA
"1205","MDSEQ 1447","5/18/16",NA,"Wang, Lu",NA,81270,"816485","81270-816485","ChIP-Seq",NA,NA,"mouse",NA,"ChIP-seq, Single, 50 bps",NA,"HARTWELL_database_Master_2011-2024_CLEANED.txt",NA
"1206","MDSEQ 1448","5/18/16",NA,"Wang, Lu",NA,81270,"816486","81270-816486","ChIP-Seq",NA,NA,"mouse",NA,"ChIP-seq, Single, 50 bps",NA,"HARTWELL_database_Master_2011-2024_CLEANED.txt",NA
"1207","MDSEQ 1449","5/18/16",NA,"Wang, Lu",NA,81270,"816487","81270-816487","ChIP-Seq",NA,NA,"mouse",NA,"ChIP-seq, Single, 50 bps",NA,"HARTWELL_database_Master_2011-2024_CLEANED.txt",NA
"1208","MDSEQ 1450","5/18/16",NA,"Wang, Lu",NA,81270,"816488","81270-816488","ChIP-Seq",NA,NA,"mouse",NA,"ChIP-seq, Single, 50 bps",NA,"HARTWELL_database_Master_2011-2024_CLEANED.txt",NA
"1209","MDSEQ 1451","5/18/16",NA,"Wang, Lu",NA,81270,"816489","81270-816489","ChIP-Seq",NA,NA,"mouse",NA,"ChIP-seq, Single, 50 bps",NA,"HARTWELL_database_Master_2011-2024_CLEANED.txt",NA
"1210","MDSEQ 1452","5/18/16",NA,"Wang, Lu",NA,81270,"816490","81270-816490","ChIP-Seq",NA,NA,"mouse",NA,"ChIP-seq, Single, 50 bps",NA,"HARTWELL_database_Master_2011-2024_CLEANED.txt",NA
"1211","MDSEQ 1453","6/2/16",NA,"Wang, Lu",NA,82351,"828577","82351-828577","ChIP-Seq",NA,NA,"mouse",NA,"Library; Index 14-AGTTCC [NEBNext multiplex oligos for illumina (index primers set 2)]",NA,"HARTWELL_database_Master_2011-2024_CLEANED.txt",NA
"1212","MDSEQ 1454","6/2/16",NA,"Wang, Lu",NA,82351,"828578","82351-828578","ChIP-Seq",NA,NA,"mouse",NA,"Library; Index 15-ATGTCA [NEBNext multiplex oligos for illumina (index primers set 2)]",NA,"HARTWELL_database_Master_2011-2024_CLEANED.txt",NA
"1213","MDSEQ 1481","7/14/16",NA,"Wang, Lu",NA,85685,"865443","85685-865443","ChIP-Seq",NA,NA,"mouse",NA,"AM library, replacement; Index 89-GGAGCTA; SJMMNORM042161_C4-Ch143_02-H3K9me3-AB1",NA,"HARTWELL_database_Master_2011-2024_CLEANED.txt",NA
"1214","MDSEQ 1482","7/14/16",NA,"Wang, Lu",NA,85685,"865444","85685-865444","ChIP-Seq",NA,NA,"mouse",NA,"AM library, L58; Index 86-CAGACCT; SJMMNORM042161_C4-Ch143_02-RNAPolII-AB1",NA,"HARTWELL_database_Master_2011-2024_CLEANED.txt",NA
"1215","MDSEQ 1483","7/14/16",NA,"Wang, Lu",NA,85685,"865445","85685-865445","ChIP-Seq",NA,NA,"mouse",NA,"AM library, L79; Index 90-TGCAGAG; SJMMNORM044485_C2-209_13-BRD4-AB1",NA,"HARTWELL_database_Master_2011-2024_CLEANED.txt",NA
"1216","MDSEQ 1484","7/14/16",NA,"Wang, Lu",NA,85685,"865446","85685-865446","ChIP-Seq",NA,NA,"mouse",NA,"AM library, L80; Index 91-CGTCCAA; SJMMNORM044483_C2-209_11-BRD4-AB1",NA,"HARTWELL_database_Master_2011-2024_CLEANED.txt",NA
"1217","MDSEQ 1485","7/14/16",NA,"Wang, Lu",NA,85685,"865447","85685-865447","ChIP-Seq",NA,NA,"mouse",NA,"AM library, L81; Index 92-GATAGCG; SJMMNORM044486_C2-216_09-BRD4-AB1",NA,"HARTWELL_database_Master_2011-2024_CLEANED.txt",NA
"1218","MDSEQ 1486","7/14/16",NA,"Wang, Lu",NA,85685,"865448","85685-865448","ChIP-Seq",NA,NA,"mouse",NA,"AM library, L82; Index 93-GATTCGC; SJMMNORM044171_C2-207_11-BRD4-AB1",NA,"HARTWELL_database_Master_2011-2024_CLEANED.txt",NA
"1219","MDSEQ 1487","7/14/16",NA,"Wang, Lu",NA,85685,"865449","85685-865449","ChIP-Seq",NA,NA,"mouse",NA,"AM library, L83; Index 94-CCTTGTC; SJMMNORM044170_C2-216_1-BRD4-AB1",NA,"HARTWELL_database_Master_2011-2024_CLEANED.txt",NA
"1220","MDSEQ 1488","7/14/16",NA,"Wang, Lu",NA,85685,"865450","85685-865450","ChIP-Seq",NA,NA,"mouse",NA,"AM library, L84; Index 95-GCGTACT; SJMMNORM044488_C2-79_04-BRD4-AB1",NA,"HARTWELL_database_Master_2011-2024_CLEANED.txt",NA
"1221","MDSEQ 1489","7/14/16",NA,"Wang, Lu",NA,85685,"865451","85685-865451","ChIP-Seq",NA,NA,"mouse",NA,"AM library, L85; Index 96-CTACTCC; SJMMNORM044487_C2-120_12-BRD4-AB1",NA,"HARTWELL_database_Master_2011-2024_CLEANED.txt",NA
"1222","MDSEQ 1490","7/14/16",NA,"Wang, Lu",NA,85685,"865452","85685-865452","ChIP-Seq",NA,NA,"mouse",NA,"AM library, L86; Index 73-GGCTAGA; SJMMNORM044484_C2-209_12-BRD4-AB1",NA,"HARTWELL_database_Master_2011-2024_CLEANED.txt",NA
"1223","MDSEQ 1491","7/14/16",NA,"Wang, Lu",NA,85685,"865453","85685-865453","ChIP-Seq",NA,NA,"mouse",NA,"AM library, L87; Index 78-AATGGGC; SJMMNORM044485_C2-209_13-H3K9me3-AB1",NA,"HARTWELL_database_Master_2011-2024_CLEANED.txt",NA
"1224","MDSEQ 1492","7/14/16",NA,"Wang, Lu",NA,85685,"865454","85685-865454","ChIP-Seq",NA,NA,"mouse",NA,"AM library, L88; Index 79-CGGTTGT; SJMMNORM044483_C2-209_11-H3K9me3-AB1",NA,"HARTWELL_database_Master_2011-2024_CLEANED.txt",NA
"1225","MDSEQ 1493","7/14/16",NA,"Wang, Lu",NA,85685,"865455","85685-865455","ChIP-Seq",NA,NA,"mouse",NA,"AM library, L89; Index 80-CCGGAAA; SJMMNORM044486_C2-216_09-H3K9me3-AB1",NA,"HARTWELL_database_Master_2011-2024_CLEANED.txt",NA
"1226","MDSEQ 1494","7/14/16",NA,"Wang, Lu",NA,85685,"865456","85685-865456","ChIP-Seq",NA,NA,"mouse",NA,"AM library, L90; Index 81-CCTACAG; SJMMNORM044171_C2-207_11-H3K9me3-AB1",NA,"HARTWELL_database_Master_2011-2024_CLEANED.txt",NA
"1227","MDSEQ 1495","7/14/16",NA,"Wang, Lu",NA,85685,"865457","85685-865457","ChIP-Seq",NA,NA,"mouse",NA,"AM library, L91; Index 82-GTCCCTT; SJMMNORM044170_C2-216_1-H3K9me3-AB1",NA,"HARTWELL_database_Master_2011-2024_CLEANED.txt",NA
"1228","MDSEQ 1496","7/14/16",NA,"Wang, Lu",NA,85685,"865458","85685-865458","ChIP-Seq",NA,NA,"mouse",NA,"AM library, L92; Index 84-AGCCCTA; SJMMNORM044488_C2-79_04-H3K9me3-AB1",NA,"HARTWELL_database_Master_2011-2024_CLEANED.txt",NA
"1229","MDSEQ 1497","7/14/16",NA,"Wang, Lu",NA,85685,"865459","85685-865459","ChIP-Seq",NA,NA,"mouse",NA,"AM library, L93; Index 85-TGCTGCA; SJMMNORM044487_C2-120_12-H3K9me3-AB1",NA,"HARTWELL_database_Master_2011-2024_CLEANED.txt",NA
"1230","MDSEQ 1498","7/14/16",NA,"Wang, Lu",NA,85685,"865460","85685-865460","ChIP-Seq",NA,NA,"mouse",NA,"AM library, L94; Index 86-CAGACCT; SJMMNORM044484_C2-209_12-H3K9me3-AB1",NA,"HARTWELL_database_Master_2011-2024_CLEANED.txt",NA
"1231","MDSEQ 1499","7/14/16",NA,"Wang, Lu",NA,85685,"865461","85685-865461","ChIP-Seq",NA,NA,"mouse",NA,"AM library, L95; Index 87-AGCGAAC; SJMMNORM044485_C2-209_13-RNAPolII-AB1",NA,"HARTWELL_database_Master_2011-2024_CLEANED.txt",NA
"1232","MDSEQ 1500","7/14/16",NA,"Wang, Lu",NA,85685,"865462","85685-865462","ChIP-Seq",NA,NA,"mouse",NA,"AM library, L96; Index 88-GAACGGT; SJMMNORM044483_C2-209_11-RNAPolII-AB1",NA,"HARTWELL_database_Master_2011-2024_CLEANED.txt",NA
"1233","MDSEQ 1501","7/14/16",NA,"Wang, Lu",NA,85685,"865463","85685-865463","ChIP-Seq",NA,NA,"mouse",NA,"AM library, L97; Index 89-GGAGCTA; SJMMNORM044486_C2-216_09-RNAPolII-AB1",NA,"HARTWELL_database_Master_2011-2024_CLEANED.txt",NA
"1234","MDSEQ 1502","7/14/16",NA,"Wang, Lu",NA,85685,"865464","85685-865464","ChIP-Seq",NA,NA,"mouse",NA,"AM library, L98; Index 90-TGCAGAG; SJMMNORM044171_C2-207_11-RNAPolII-AB1",NA,"HARTWELL_database_Master_2011-2024_CLEANED.txt",NA
"1235","MDSEQ 1503","7/14/16",NA,"Wang, Lu",NA,85685,"865465","85685-865465","ChIP-Seq",NA,NA,"mouse",NA,"AM library, L99; Index 91-CGTCCAA; SJMMNORM044170_C2-216_1-RNAPolII-AB1",NA,"HARTWELL_database_Master_2011-2024_CLEANED.txt",NA
"1236","MDSEQ 1504","7/14/16",NA,"Wang, Lu",NA,85685,"865466","85685-865466","ChIP-Seq",NA,NA,"mouse",NA,"AM library, L100; Index 92-GATAGCG; SJMMNORM044488_C2-79_04-RNAPolII-AB1",NA,"HARTWELL_database_Master_2011-2024_CLEANED.txt",NA
"1237","MDSEQ 1505","7/14/16",NA,"Wang, Lu",NA,85685,"865467","85685-865467","ChIP-Seq",NA,NA,"mouse",NA,"AM library, L101; Index 93-GATTCGC; SJMMNORM044487_C2-120_12-RNAPolII-AB1",NA,"HARTWELL_database_Master_2011-2024_CLEANED.txt",NA
"1238","MDSEQ 1506","7/14/16",NA,"Wang, Lu",NA,85685,"865468","85685-865468","ChIP-Seq",NA,NA,"mouse",NA,"AM library, L102; Index 94-CCTTGTC; SJMMNORM044484_C2-209_12-RNAPolII-AB1",NA,"HARTWELL_database_Master_2011-2024_CLEANED.txt",NA
"1239","MDSEQ 1548","7/20/16",NA,"Wang, Lu",NA,86112,"871991","86112-871991","Whole Genome",NA,NA,"mouse",NA,"ATAC-seq sample, PCR product, please perform PCR purification, and then we could decide which one need to be sequenced based on Bioanalyzer results, thank you; Index 7-CTCTCTAC",NA,"HARTWELL_database_Master_2011-2024_CLEANED.txt",NA
"1240","MDSEQ 1549","7/20/16",NA,"Wang, Lu",NA,86112,"871992","86112-871992","Whole Genome",NA,NA,"mouse",NA,"ATAC-seq sample, PCR product, please perform PCR purification, and then we could decide which one need to be sequenced based on Bioanalyzer results, thank you; Index 8-CAGAGAGG",NA,"HARTWELL_database_Master_2011-2024_CLEANED.txt",NA
"1241","MDSEQ 1550","7/20/16",NA,"Wang, Lu",NA,86112,"871993","86112-871993","Whole Genome",NA,NA,"mouse",NA,"ATAC-seq sample, PCR product, please perform PCR purification, and then we could decide which one need to be sequenced based on Bioanalyzer results, thank you; Index 9-GCTACGCT",NA,"HARTWELL_database_Master_2011-2024_CLEANED.txt",NA
"1242","MDSEQ 1551","7/20/16",NA,"Wang, Lu",NA,86112,"871994","86112-871994","Whole Genome",NA,NA,"mouse",NA,"ATAC-seq sample, PCR product, please perform PCR purification, and then we could decide which one need to be sequenced based on Bioanalyzer results, thank you; Index 5-GGACTCCT",NA,"HARTWELL_database_Master_2011-2024_CLEANED.txt",NA
"1243","MDSEQ 1552","7/20/16",NA,"Wang, Lu",NA,86112,"871995","86112-871995","Whole Genome",NA,NA,"mouse",NA,"ATAC-seq sample, PCR product, please perform PCR purification, and then we could decide which one need to be sequenced based on Bioanalyzer results, thank you; Index 4-TCCTGAGC",NA,"HARTWELL_database_Master_2011-2024_CLEANED.txt",NA
"1244","MDSEQ 1554","8/4/16",NA,"Wang, Lu",NA,87473,"891500","87473-891500","ChIP-Seq",NA,NA,"mouse",NA,"Library, Index 22-CGTACG (NEBNext Index Primers for Illumina); SJMMNORM045806_G1-MG-1-30-H3K27me3-AB3",NA,"HARTWELL_database_Master_2011-2024_CLEANED.txt",NA
"1245","MDSEQ 1555","8/4/16",NA,"Wang, Lu",NA,87473,"891501","87473-891501","ChIP-Seq",NA,NA,"mouse",NA,"Library, Index 23-GAGTGG (NEBNext Index Primers for Illumina); SJMMNORM045807_G1-MG-1-14-H3K27Ac-AB2",NA,"HARTWELL_database_Master_2011-2024_CLEANED.txt",NA
"1246","MDSEQ 1556","8/4/16",NA,"Wang, Lu",NA,87473,"891502","87473-891502","ChIP-Seq",NA,NA,"mouse",NA,"Library, Index 25-ACTGAT (NEBNext Index Primers for Illumina); SJMMNORM045808_G1-MG-1-8-H3K4me2-AB2",NA,"HARTWELL_database_Master_2011-2024_CLEANED.txt",NA
"1247","MDSEQ 1557","8/4/16",NA,"Wang, Lu",NA,87473,"891503","87473-891503","ChIP-Seq",NA,NA,"mouse",NA,"Library, Index 27-ATTCCT (NEBNext Index Primers for Illumina); SJMMNORM045809_G1-MG-1-3-H3K4me1-AB2",NA,"HARTWELL_database_Master_2011-2024_CLEANED.txt",NA
"1248","MDSEQ 1559","8/4/16",NA,"Wang, Lu",NA,87477,"891569","87477-891569","ChIP-Seq",NA,NA,"mouse",NA,"AM library, L103, Index 95-GCGTACT",NA,"HARTWELL_database_Master_2011-2024_CLEANED.txt",NA
"1249","MDSEQ 1560","8/4/16",NA,"Wang, Lu",NA,87477,"891570","87477-891570","ChIP-Seq",NA,NA,"mouse",NA,"AM library, L104, Index 96-CTACTCC",NA,"HARTWELL_database_Master_2011-2024_CLEANED.txt",NA
"1250","MDSEQ 1561","8/4/16",NA,"Wang, Lu",NA,87477,"891571","87477-891571","ChIP-Seq",NA,NA,"mouse",NA,"AM library, L105, Index 78-AATGGGC",NA,"HARTWELL_database_Master_2011-2024_CLEANED.txt",NA
"1251","MDSEQ 1562","8/4/16",NA,"Wang, Lu",NA,87477,"891572","87477-891572","ChIP-Seq",NA,NA,"mouse",NA,"AM library, L106, Index 79-CGGTTGT",NA,"HARTWELL_database_Master_2011-2024_CLEANED.txt",NA
"1252","MDSEQ 1563","8/4/16",NA,"Wang, Lu",NA,87477,"891573","87477-891573","ChIP-Seq",NA,NA,"mouse",NA,"AM library, L107, Index 80-CCGGAAA",NA,"HARTWELL_database_Master_2011-2024_CLEANED.txt",NA
"1253","MDSEQ 1564","8/4/16",NA,"Wang, Lu",NA,87478,"891574","87478-891574","Whole Genome",NA,NA,"human",NA,"ATAC-seq, PCR products, please perform purification and then run bioanalyzer. Thank you!",NA,"HARTWELL_database_Master_2011-2024_CLEANED.txt",NA
"1254","MDSEQ 1565","8/4/16",NA,"Wang, Lu",NA,87478,"891575","87478-891575","Whole Genome",NA,NA,"human",NA,"ATAC-seq, PCR products, please perform purification and then run bioanalyzer. Thank you!",NA,"HARTWELL_database_Master_2011-2024_CLEANED.txt",NA
"1255","MDSEQ 1566","8/5/16",NA,"Wang, Lu",NA,87581,"892139","87581-892139","Whole Genome",NA,NA,"human",NA,"ATAC-seq, PCR products, please perform purification and run Bioanalyzer. Thank you! Sample A",NA,"HARTWELL_database_Master_2011-2024_CLEANED.txt",NA
"1256","MDSEQ 1567","8/5/16",NA,"Wang, Lu",NA,87581,"892140","87581-892140","Whole Genome",NA,NA,"human",NA,"ATAC-seq, PCR products, please perform purification and run Bioanalyzer. Thank you! Sample B",NA,"HARTWELL_database_Master_2011-2024_CLEANED.txt",NA
"1257","MDSEQ 1568","8/5/16",NA,"Wang, Lu",NA,87581,"892141","87581-892141","Whole Genome",NA,NA,"human",NA,"ATAC-seq, PCR products, please perform purification and run Bioanalyzer. Thank you! Sample C",NA,"HARTWELL_database_Master_2011-2024_CLEANED.txt",NA
"1258","MDSEQ 1569","8/5/16",NA,"Wang, Lu",NA,87581,"892142","87581-892142","Whole Genome",NA,NA,"human",NA,"ATAC-seq, PCR products, please perform purification and run Bioanalyzer. Thank you! Sample D",NA,"HARTWELL_database_Master_2011-2024_CLEANED.txt",NA
"1259","MDSEQ 1570","8/5/16",NA,"Wang, Lu",NA,87581,"892143","87581-892143","Whole Genome",NA,NA,"human",NA,"ATAC-seq, PCR products, please perform purification and run Bioanalyzer. Thank you! Sample E",NA,"HARTWELL_database_Master_2011-2024_CLEANED.txt",NA
"1260","MDSEQ 1571","8/5/16",NA,"Wang, Lu",NA,87581,"892144","87581-892144","Whole Genome",NA,NA,"human",NA,"ATAC-seq, PCR products, please perform purification and run Bioanalyzer. Thank you! Sample F",NA,"HARTWELL_database_Master_2011-2024_CLEANED.txt",NA
"1261","MDSEQ 1572","8/5/16",NA,"Wang, Lu",NA,87581,"892145","87581-892145","Whole Genome",NA,NA,"human",NA,"ATAC-seq, PCR products, please perform purification and run Bioanalyzer. Thank you! Sample G",NA,"HARTWELL_database_Master_2011-2024_CLEANED.txt",NA
"1262","MDSEQ 1573","8/26/16",NA,"Al Diri, Issam",NA,88988,"905567","88988-905567","ChIP-Seq",NA,NA,"mouse",NA,"ChIP-seq, Single, 50 bps",NA,"HARTWELL_database_Master_2011-2024_CLEANED.txt",NA
"1263","MDSEQ 1574","8/26/16",NA,"Al Diri, Issam",NA,88988,"905568","88988-905568","ChIP-Seq",NA,NA,"mouse",NA,"ChIP-seq, Single, 50 bps",NA,"HARTWELL_database_Master_2011-2024_CLEANED.txt",NA
"1264","MDSEQ 1575","8/26/16",NA,"Al Diri, Issam",NA,88988,"905569","88988-905569","ChIP-Seq",NA,NA,"mouse",NA,"ChIP-seq, Single, 50 bps",NA,"HARTWELL_database_Master_2011-2024_CLEANED.txt",NA
"1265","MDSEQ 1576","8/26/16",NA,"Al Diri, Issam",NA,88988,"905570","88988-905570","ChIP-Seq",NA,NA,"mouse",NA,"ChIP-seq, Single, 50 bps",NA,"HARTWELL_database_Master_2011-2024_CLEANED.txt",NA
"1266","MDSEQ 1577","8/26/16",NA,"Al Diri, Issam",NA,88988,"905571","88988-905571","ChIP-Seq",NA,NA,"mouse",NA,"ChIP-seq, Single, 50 bps",NA,"HARTWELL_database_Master_2011-2024_CLEANED.txt",NA
"1267","MDSEQ 1578","8/26/16",NA,"Al Diri, Issam",NA,88988,"905572","88988-905572","ChIP-Seq",NA,NA,"mouse",NA,"ChIP-seq, Single, 50 bps",NA,"HARTWELL_database_Master_2011-2024_CLEANED.txt",NA
"1268","MDSEQ 1579","8/26/16",NA,"Al Diri, Issam",NA,88988,"905573","88988-905573","ChIP-Seq",NA,NA,"mouse",NA,"ChIP-seq, Single, 50 bps",NA,"HARTWELL_database_Master_2011-2024_CLEANED.txt",NA
"1269","MDSEQ 1580","8/26/16",NA,"Al Diri, Issam",NA,88988,"905574","88988-905574","ChIP-Seq",NA,NA,"mouse",NA,"ChIP-seq, Single, 50 bps",NA,"HARTWELL_database_Master_2011-2024_CLEANED.txt",NA
"1270","MDSEQ 1581","8/26/16",NA,"Al Diri, Issam",NA,88988,"905575","88988-905575","ChIP-Seq",NA,NA,"mouse",NA,"ChIP-seq, Single, 50 bps",NA,"HARTWELL_database_Master_2011-2024_CLEANED.txt",NA
"1271","MDSEQ 1582","8/26/16",NA,"Al Diri, Issam",NA,88988,"905576","88988-905576","ChIP-Seq",NA,NA,"mouse",NA,"ChIP-seq, Single, 50 bps",NA,"HARTWELL_database_Master_2011-2024_CLEANED.txt",NA
"1272","MDSEQ 1583","8/26/16",NA,"Al Diri, Issam",NA,88988,"905577","88988-905577","ChIP-Seq",NA,NA,"mouse",NA,"ChIP-seq, Single, 50 bps",NA,"HARTWELL_database_Master_2011-2024_CLEANED.txt",NA
"1273","MDSEQ 1584","8/26/16",NA,"Al Diri, Issam",NA,88988,"905578","88988-905578","ChIP-Seq",NA,NA,"mouse",NA,"ChIP-seq, Single, 50 bps",NA,"HARTWELL_database_Master_2011-2024_CLEANED.txt",NA
"1274","MDSEQ 1593","8/29/16",NA,"Wang, Lu",NA,89138,"907182","89138-907182","Whole Genome",NA,NA,"mouse",NA,"ATAC-seq; Please run Bioanalyzer and send the results to me. Thank you so much! Index 4-TCCTGAGC",NA,"HARTWELL_database_Master_2011-2024_CLEANED.txt",NA
"1275","MDSEQ 1594","8/29/16",NA,"Wang, Lu",NA,89138,"907183","89138-907183","Whole Genome",NA,NA,"mouse",NA,"ATAC-seq; Please run Bioanalyzer and send the results to me. Thank you so much! Index 4-TCCTGAGC",NA,"HARTWELL_database_Master_2011-2024_CLEANED.txt",NA
"1276","MDSEQ 1595","8/29/16",NA,"Wang, Lu",NA,89138,"907184","89138-907184","Whole Genome",NA,NA,"mouse",NA,"ATAC-seq; Please run Bioanalyzer and send the results to me. Thank you so much! Index 4-TCCTGAGC",NA,"HARTWELL_database_Master_2011-2024_CLEANED.txt",NA
"1277","MDSEQ 1596","8/29/16",NA,"Wang, Lu",NA,89138,"907185","89138-907185","Whole Genome",NA,NA,"mouse",NA,"ATAC-seq; Please run Bioanalyzer and send the results to me. Thank you so much! Index 2-CGTACTAG",NA,"HARTWELL_database_Master_2011-2024_CLEANED.txt",NA
"1278","MDSEQ 1597","8/29/16",NA,"Wang, Lu",NA,89138,"907186","89138-907186","Whole Genome",NA,NA,"human",NA,"ATAC-seq; Please run Bioanalyzer and send the results to me. Thank you so much! Index 2-CGTACTAG",NA,"HARTWELL_database_Master_2011-2024_CLEANED.txt",NA
"1279","MDSEQ 1598","8/29/16",NA,"Wang, Lu",NA,89138,"907187","89138-907187","Whole Genome",NA,NA,"human",NA,"ATAC-seq; Please run Bioanalyzer and send the results to me. Thank you so much! Index 2-CGTACTAG",NA,"HARTWELL_database_Master_2011-2024_CLEANED.txt",NA
"1280","MDSEQ 1599","8/29/16",NA,"Wang, Lu",NA,89140,"907208","89140-907208","Whole Genome",NA,NA,"human",NA,"ATAC-seq; Please perform PCR purification, run Bioanalyzer and send the results to me. Thank you so much! Index 2-CGTACTAG",NA,"HARTWELL_database_Master_2011-2024_CLEANED.txt",NA
"1281","MDSEQ 1600","8/29/16",NA,"Wang, Lu",NA,89140,"907209","89140-907209","Whole Genome",NA,NA,"human",NA,"ATAC-seq; Please perform PCR purification, run Bioanalyzer and send the results to me. Thank you so much! Index 2-CGTACTAG",NA,"HARTWELL_database_Master_2011-2024_CLEANED.txt",NA
"1282","MDSEQ 1601","8/29/16",NA,"Wang, Lu",NA,89140,"907210","89140-907210","Whole Genome",NA,NA,"human",NA,"ATAC-seq; Please perform PCR purification, run Bioanalyzer and send the results to me. Thank you so much! Index 2-CGTACTAG",NA,"HARTWELL_database_Master_2011-2024_CLEANED.txt",NA
"1283","MDSEQ 1624","9/15/16",NA,"Al Diri, Issam",NA,90475,"920690","90475-920690","Amplicon",NA,NA,"mouse",NA,"Amplicon, Paired, 250 bps",NA,"HARTWELL_database_Master_2011-2024_CLEANED.txt",NA
"1284","MDSEQ 1625","9/15/16",NA,"Al Diri, Issam",NA,90475,"920691","90475-920691","Amplicon",NA,NA,"mouse",NA,"Amplicon, Paired, 250 bps",NA,"HARTWELL_database_Master_2011-2024_CLEANED.txt",NA
"1285","MDSEQ 1626","9/15/16",NA,"Al Diri, Issam",NA,90475,"920692","90475-920692","Amplicon",NA,NA,"mouse",NA,"Amplicon, Paired, 250 bps",NA,"HARTWELL_database_Master_2011-2024_CLEANED.txt",NA
"1286","MDSEQ 1627","9/15/16",NA,"Al Diri, Issam",NA,90475,"920693","90475-920693","Amplicon",NA,NA,"mouse",NA,"Amplicon, Paired, 250 bps",NA,"HARTWELL_database_Master_2011-2024_CLEANED.txt",NA
"1287","MDSEQ 1628","9/15/16",NA,"Al Diri, Issam",NA,90475,"920694","90475-920694","Amplicon",NA,NA,"mouse",NA,"Amplicon, Paired, 250 bps",NA,"HARTWELL_database_Master_2011-2024_CLEANED.txt",NA
"1288","MDSEQ 1629","9/15/16",NA,"Al Diri, Issam",NA,90475,"920695","90475-920695","Amplicon",NA,NA,"mouse",NA,"Amplicon, Paired, 250 bps",NA,"HARTWELL_database_Master_2011-2024_CLEANED.txt",NA
"1289","MDSEQ 1630","9/15/16",NA,"Al Diri, Issam",NA,90475,"920696","90475-920696","Amplicon",NA,NA,"mouse",NA,"Amplicon, Paired, 250 bps",NA,"HARTWELL_database_Master_2011-2024_CLEANED.txt",NA
"1290","MDSEQ 1631","9/15/16",NA,"Al Diri, Issam",NA,90475,"920697","90475-920697","Amplicon",NA,NA,"mouse",NA,"Amplicon, Paired, 250 bps",NA,"HARTWELL_database_Master_2011-2024_CLEANED.txt",NA
"1291","MDSEQ 1632","9/15/16",NA,"Al Diri, Issam",NA,90475,"920698","90475-920698","Amplicon",NA,NA,"mouse",NA,"Amplicon, Paired, 250 bps",NA,"HARTWELL_database_Master_2011-2024_CLEANED.txt",NA
"1292","MDSEQ 1633","9/15/16",NA,"Al Diri, Issam",NA,90475,"920699","90475-920699","Amplicon",NA,NA,"mouse",NA,"Amplicon, Paired, 250 bps",NA,"HARTWELL_database_Master_2011-2024_CLEANED.txt",NA
"1293","MDSEQ 1634","9/15/16",NA,"Al Diri, Issam",NA,90475,"920700","90475-920700","Amplicon",NA,NA,"mouse",NA,"Amplicon, Paired, 250 bps",NA,"HARTWELL_database_Master_2011-2024_CLEANED.txt",NA
"1294","MDSEQ 1635","9/15/16",NA,"Al Diri, Issam",NA,90475,"920701","90475-920701","Amplicon",NA,NA,"mouse",NA,"Amplicon, Paired, 250 bps",NA,"HARTWELL_database_Master_2011-2024_CLEANED.txt",NA
"1295","MDSEQ 1636","9/15/16",NA,"Al Diri, Issam",NA,90475,"920702","90475-920702","Amplicon",NA,NA,"mouse",NA,"Amplicon, Paired, 250 bps",NA,"HARTWELL_database_Master_2011-2024_CLEANED.txt",NA
"1296","MDSEQ 1637","9/15/16",NA,"Al Diri, Issam",NA,90475,"920703","90475-920703","Amplicon",NA,NA,"mouse",NA,"Amplicon, Paired, 250 bps",NA,"HARTWELL_database_Master_2011-2024_CLEANED.txt",NA
"1297","MDSEQ 1638","9/15/16",NA,"Al Diri, Issam",NA,90475,"920704","90475-920704","Amplicon",NA,NA,"mouse",NA,"Amplicon, Paired, 250 bps",NA,"HARTWELL_database_Master_2011-2024_CLEANED.txt",NA
"1298","MDSEQ 1639","9/15/16",NA,"Al Diri, Issam",NA,90475,"920705","90475-920705","Amplicon",NA,NA,"mouse",NA,"Amplicon, Paired, 250 bps",NA,"HARTWELL_database_Master_2011-2024_CLEANED.txt",NA
"1299","MDSEQ 1640","9/15/16",NA,"Al Diri, Issam",NA,90475,"920706","90475-920706","Amplicon",NA,NA,"mouse",NA,"Amplicon, Paired, 250 bps",NA,"HARTWELL_database_Master_2011-2024_CLEANED.txt",NA
"1300","MDSEQ 2677","11/15/17",NA,"Patel, Anand",NA,121366,"1266917","121366-1266917","Amplicon",NA,NA,"other",NA,"GBC raw plasmid amplicon (pBJ439)",NA,"HARTWELL_database_Master_2011-2024_CLEANED.txt",NA
"1301","MDSEQ 2959","12/18/17",NA,"Jeon, Jongrye",NA,123447,"1290513","123447-1290513","ChIP-Seq",NA,NA,"mouse",NA,"ChIP-seq, Single, 50 bps",NA,"HARTWELL_database_Master_2011-2024_CLEANED.txt",NA
"1302","MDSEQ 2960","12/18/17",NA,"Jeon, Jongrye",NA,123447,"1290514","123447-1290514","ChIP-Seq",NA,NA,"mouse",NA,"ChIP-seq, Single, 50 bps",NA,"HARTWELL_database_Master_2011-2024_CLEANED.txt",NA
"1303","MDSEQ 2962","12/18/17",NA,"Jeon, Jongrye",NA,123447,"1290516","123447-1290516","ChIP-Seq",NA,NA,"mouse",NA,"ChIP-seq, Single, 50 bps",NA,"HARTWELL_database_Master_2011-2024_CLEANED.txt",NA
"1304","MDSEQ 2963","12/18/17",NA,"Jeon, Jongrye",NA,123447,"1290517","123447-1290517","ChIP-Seq",NA,NA,"mouse",NA,"ChIP-seq, Single, 50 bps",NA,"HARTWELL_database_Master_2011-2024_CLEANED.txt",NA
"1305","MDSEQ 2964","12/18/17",NA,"Jeon, Jongrye",NA,123447,"1290518","123447-1290518","ChIP-Seq",NA,NA,"mouse",NA,"ChIP-seq, Single, 50 bps",NA,"HARTWELL_database_Master_2011-2024_CLEANED.txt",NA
"1306","MDSEQ 2965","12/18/17",NA,"Jeon, Jongrye",NA,123447,"1290519","123447-1290519","ChIP-Seq",NA,NA,"mouse",NA,"ChIP-seq, Single, 50 bps",NA,"HARTWELL_database_Master_2011-2024_CLEANED.txt",NA
"1307","MDSEQ 2966","12/18/17",NA,"Jeon, Jongrye",NA,123447,"1290520","123447-1290520","ChIP-Seq",NA,NA,"mouse",NA,"ChIP-seq, Single, 50 bps",NA,"HARTWELL_database_Master_2011-2024_CLEANED.txt",NA
"1308","MDSEQ 3051","1/31/18",NA,"Patel, Anand",NA,126144,"1319008","126144-1319008","Amplicon",NA,NA,"other",NA,"Aiming for 400-500k reads. We would like to do a custom analysis of the sequencing data - please upload fastq to Dyer lab folder. Thanks!",NA,"HARTWELL_database_Master_2011-2024_CLEANED.txt",NA
"1309","MDSEQ 3956","7/31/18",NA,"Griffiths, Lyra",NA,140250,"1471448","140250-1471448","ChIP-Seq",NA,NA,"human",NA,"modified kapa hyper SJNORM059913_C1-K562_1_million-H3K27me3-AB4",NA,"HARTWELL_database_Master_2011-2024_CLEANED.txt",NA
"1310","MDSEQ 3957","7/31/18",NA,"Griffiths, Lyra",NA,140250,"1471449","140250-1471449","ChIP-Seq",NA,NA,"human",NA,"modified kapa hyper SJNORM059913_C1-K562_1_million-H3K4me2-AB7",NA,"HARTWELL_database_Master_2011-2024_CLEANED.txt",NA
"1311","MDSEQ 3958","7/31/18",NA,"Griffiths, Lyra",NA,140250,"1471450","140250-1471450","ChIP-Seq",NA,NA,"human",NA,"modified kapa hyper SJNORM059914_C1-K562_100000-H3K27me3-AB4",NA,"HARTWELL_database_Master_2011-2024_CLEANED.txt",NA
"1312","MDSEQ 3959","7/31/18",NA,"Griffiths, Lyra",NA,140250,"1471451","140250-1471451","ChIP-Seq",NA,NA,"human",NA,"modified kapa hyper SJNORM059914_C1-K562_100000-H3K4me2-AB7",NA,"HARTWELL_database_Master_2011-2024_CLEANED.txt",NA
"1313","MDSEQ 3960","7/31/18",NA,"Griffiths, Lyra",NA,140250,"1471452","140250-1471452","ChIP-Seq",NA,NA,"human",NA,"modified kapa hyper SJNORM059915_C1-K562_10000-H3K27me3-AB4",NA,"HARTWELL_database_Master_2011-2024_CLEANED.txt",NA
"1314","MDSEQ 3961","7/31/18",NA,"Griffiths, Lyra",NA,140250,"1471453","140250-1471453","ChIP-Seq",NA,NA,"human",NA,"modified kapa hyper SJNORM059915_C1-K562_10000-H3K4me2-AB7",NA,"HARTWELL_database_Master_2011-2024_CLEANED.txt",NA
"1315","MDSEQ 3962","7/31/18",NA,"Griffiths, Lyra",NA,140250,"1471454","140250-1471454","ChIP-Seq",NA,NA,"mouse",NA,"modified kapa hyper SJMMNORM059916_G1-retina_1_million-H3K27me3-AB4",NA,"HARTWELL_database_Master_2011-2024_CLEANED.txt",NA
"1316","MDSEQ 3963","7/31/18",NA,"Griffiths, Lyra",NA,140250,"1471455","140250-1471455","ChIP-Seq",NA,NA,"mouse",NA,"modified kapa hyper SJMMNORM059916_G1-retina_1_million-H3K4me2-AB7",NA,"HARTWELL_database_Master_2011-2024_CLEANED.txt",NA
"1317","MDSEQ 3964","7/31/18",NA,"Griffiths, Lyra",NA,140250,"1471456","140250-1471456","ChIP-Seq",NA,NA,"mouse",NA,"modified kapa hyper SJMMNORM059917_G1-retina_100000-H3K27me3-AB4",NA,"HARTWELL_database_Master_2011-2024_CLEANED.txt",NA
"1318","MDSEQ 3965","7/31/18",NA,"Griffiths, Lyra",NA,140250,"1471457","140250-1471457","ChIP-Seq",NA,NA,"mouse",NA,"modified kapa hyper SJMMNORM059917_G1-retina_100000-H3K4me2-AB7",NA,"HARTWELL_database_Master_2011-2024_CLEANED.txt",NA
"1319","MDSEQ 3966","7/31/18",NA,"Griffiths, Lyra",NA,140250,"1471458","140250-1471458","ChIP-Seq",NA,NA,"mouse",NA,"modified kapa hyper SJMMNORM059918_G1-retina_10000-H3K27me3-AB4",NA,"HARTWELL_database_Master_2011-2024_CLEANED.txt",NA
"1320","MDSEQ 3967","7/31/18",NA,"Griffiths, Lyra",NA,140250,"1471459","140250-1471459","ChIP-Seq",NA,NA,"mouse",NA,"modified kapa hyper SJMMNORM059918_G1-retina_10000-H3K4me2-AB7",NA,"HARTWELL_database_Master_2011-2024_CLEANED.txt",NA
"1321","MDSEQ 975","3/8/16",NA,"Wang, Lu",NA,75596,"746968","75596-746968","ChIP-Seq",NA,NA,"mouse",NA,"ChIP-seq, Single, 50 bps",NA,"HARTWELL_database_Master_2011-2024_CLEANED.txt",NA
"1322","MDSEQ 976","3/8/16",NA,"Wang, Lu",NA,75596,"746969","75596-746969","ChIP-Seq",NA,NA,"mouse",NA,"ChIP-seq, Single, 50 bps",NA,"HARTWELL_database_Master_2011-2024_CLEANED.txt",NA
"1323","MDSEQ 977","3/8/16",NA,"Wang, Lu",NA,75596,"746970","75596-746970","ChIP-Seq",NA,NA,"mouse",NA,"ChIP-seq, Single, 50 bps",NA,"HARTWELL_database_Master_2011-2024_CLEANED.txt",NA
"1324","MDSEQ 978","3/8/16",NA,"Wang, Lu",NA,75596,"746971","75596-746971","ChIP-Seq",NA,NA,"mouse",NA,"ChIP-seq, Single, 50 bps",NA,"HARTWELL_database_Master_2011-2024_CLEANED.txt",NA
"1325","MDSEQ 979","3/8/16",NA,"Wang, Lu",NA,75596,"746972","75596-746972","ChIP-Seq",NA,NA,"mouse",NA,"ChIP-seq, Single, 50 bps",NA,"HARTWELL_database_Master_2011-2024_CLEANED.txt",NA
"1326","MDSEQ 980","3/8/16",NA,"Wang, Lu",NA,75596,"746973","75596-746973","ChIP-Seq",NA,NA,"mouse",NA,"ChIP-seq, Single, 50 bps",NA,"HARTWELL_database_Master_2011-2024_CLEANED.txt",NA
"1327","MDSEQ 981","3/8/16",NA,"Wang, Lu",NA,75596,"746974","75596-746974","ChIP-Seq",NA,NA,"mouse",NA,"ChIP-seq, Single, 50 bps",NA,"HARTWELL_database_Master_2011-2024_CLEANED.txt",NA
"1328","MDSEQ 982","3/8/16",NA,"Wang, Lu",NA,75596,"746975","75596-746975","ChIP-Seq",NA,NA,"mouse",NA,"ChIP-seq, Single, 50 bps",NA,"HARTWELL_database_Master_2011-2024_CLEANED.txt",NA
"1329","MDSEQ 983","3/8/16",NA,"Wang, Lu",NA,75596,"746976","75596-746976","ChIP-Seq",NA,NA,"mouse",NA,"ChIP-seq, Single, 50 bps",NA,"HARTWELL_database_Master_2011-2024_CLEANED.txt",NA
"1330","MDSEQ 984","3/8/16",NA,"Wang, Lu",NA,75596,"746977","75596-746977","ChIP-Seq",NA,NA,"mouse",NA,"ChIP-seq, Single, 50 bps",NA,"HARTWELL_database_Master_2011-2024_CLEANED.txt",NA
"1331","MDSEQ 985","3/8/16",NA,"Wang, Lu",NA,75596,"746978","75596-746978","ChIP-Seq",NA,NA,"mouse",NA,"ChIP-seq, Single, 50 bps",NA,"HARTWELL_database_Master_2011-2024_CLEANED.txt",NA
"1332","MDSEQ 986","3/8/16",NA,"Wang, Lu",NA,75596,"746979","75596-746979","ChIP-Seq",NA,NA,"mouse",NA,"ChIP-seq, Single, 50 bps",NA,"HARTWELL_database_Master_2011-2024_CLEANED.txt",NA
"1333","MDSEQ 987","3/8/16",NA,"Wang, Lu",NA,75596,"746980","75596-746980","ChIP-Seq",NA,NA,"mouse",NA,"ChIP-seq, Single, 50 bps",NA,"HARTWELL_database_Master_2011-2024_CLEANED.txt",NA
"1334","MDSEQ 988","3/8/16",NA,"Wang, Lu",NA,75596,"746981","75596-746981","ChIP-Seq",NA,NA,"mouse",NA,"ChIP-seq, Single, 50 bps",NA,"HARTWELL_database_Master_2011-2024_CLEANED.txt",NA
"1335","MDSEQ 989","3/8/16",NA,"Wang, Lu",NA,75596,"746982","75596-746982","ChIP-Seq",NA,NA,"mouse",NA,"ChIP-seq, Single, 50 bps",NA,"HARTWELL_database_Master_2011-2024_CLEANED.txt",NA
"1336","MDSEQ 990","3/8/16",NA,"Wang, Lu",NA,75596,"746983","75596-746983","ChIP-Seq",NA,NA,"mouse",NA,"ChIP-seq, Single, 50 bps","SJRHB000026_X87-MAST39_3-PKH-bulk","HARTWELL_database_Master_2011-2024_CLEANED.txt",NA
"1337","MDSEQ 991","3/8/16",NA,"Wang, Lu",NA,75596,"746984","75596-746984","ChIP-Seq",NA,NA,"mouse",NA,"ChIP-seq, Single, 50 bps","SJRHB000026_X88-MAST39_3-PKH-pos","HARTWELL_database_Master_2011-2024_CLEANED.txt",NA
"1338","MDSEQ 992","3/8/16",NA,"Wang, Lu",NA,75596,"746985","75596-746985","ChIP-Seq",NA,NA,"mouse",NA,"ChIP-seq, Single, 50 bps","SJRHB000026_X93-MAST39_3-PKH26-neg-rep-2","HARTWELL_database_Master_2011-2024_CLEANED.txt",NA
"1339","MDSEQ 993","3/8/16",NA,"Wang, Lu",NA,75596,"746986","75596-746986","ChIP-Seq",NA,NA,"mouse",NA,"ChIP-seq, Single, 50 bps",NA,"HARTWELL_database_Master_2011-2024_CLEANED.txt",NA
"1340","MDSEQ 994","3/8/16",NA,"Wang, Lu",NA,75596,"746987","75596-746987","ChIP-Seq",NA,NA,"mouse",NA,"ChIP-seq, Single, 50 bps",NA,"HARTWELL_database_Master_2011-2024_CLEANED.txt",NA
"1341","MDSEQ 995","3/8/16",NA,"Wang, Lu",NA,75596,"746988","75596-746988","ChIP-Seq",NA,NA,"mouse",NA,"ChIP-seq, Single, 50 bps",NA,"HARTWELL_database_Master_2011-2024_CLEANED.txt",NA
"1342","MDSEQ 996","3/8/16",NA,"Wang, Lu",NA,75596,"746989","75596-746989","ChIP-Seq",NA,NA,"mouse",NA,"ChIP-seq, Single, 50 bps",NA,"HARTWELL_database_Master_2011-2024_CLEANED.txt",NA
"1343","MDSEQ 997","3/8/16",NA,"Wang, Lu",NA,75596,"746990","75596-746990","ChIP-Seq",NA,NA,"mouse",NA,"ChIP-seq, Single, 50 bps",NA,"HARTWELL_database_Master_2011-2024_CLEANED.txt",NA
"1344","MDSEQ 998","3/8/16",NA,"Wang, Lu",NA,75596,"746991","75596-746991","ChIP-Seq",NA,NA,"mouse",NA,"ChIP-seq, Single, 50 bps",NA,"HARTWELL_database_Master_2011-2024_CLEANED.txt",NA
"1345","MDSEQ 999","3/8/16",NA,"Wang, Lu",NA,75596,"746992","75596-746992","ChIP-Seq",NA,NA,"mouse",NA,"ChIP-seq, Single, 50 bps",NA,"HARTWELL_database_Master_2011-2024_CLEANED.txt",NA
"1346","MGN-1129","2/9/17",NA,"Wang, Lu",NA,100963,"1036936","100963-1036936","Whole Genome",NA,NA,"mouse",NA,"Bioanalyzer QC; ATAC-seq sample, purified library.",NA,"HARTWELL_database_Master_2011-2024_CLEANED.txt",NA
"1347","MGP-1129","2/9/17",NA,"Wang, Lu",NA,100963,"1036935","100963-1036935","Whole Genome",NA,NA,"mouse",NA,"Bioanalyzer QC; ATAC-seq sample, purified library.",NA,"HARTWELL_database_Master_2011-2024_CLEANED.txt",NA
"1348","MUL-0117","2/9/17",NA,"Wang, Lu",NA,100963,"1036934","100963-1036934","Whole Genome",NA,NA,"mouse",NA,"Bioanalyzer QC; ATAC-seq sample, purified library.",NA,"HARTWELL_database_Master_2011-2024_CLEANED.txt",NA
"1349","MX-1-2H-1","1/5/17",NA,"Wang, Lu",NA,98569,"1010754","98569-1010754","Whole Genome",NA,NA,"mouse",NA,"ATAC-seq; DYE1191; PCR product, please perform PCR purification (removing primers and also the large fragments (>800-1000bp)). Please send the Bioanalyzer results to me. Thank you!",NA,"HARTWELL_database_Master_2011-2024_CLEANED.txt",NA
"1350","MX-1-50K-2","1/5/17",NA,"Wang, Lu",NA,98569,"1010755","98569-1010755","Whole Genome",NA,NA,"mouse",NA,"ATAC-seq; DYE1192; PCR product, please perform PCR purification (removing primers and also the large fragments (>800-1000bp)). Please send the Bioanalyzer results to me. Thank you!",NA,"HARTWELL_database_Master_2011-2024_CLEANED.txt",NA
"1351","MX-1-5H-2","1/5/17",NA,"Wang, Lu",NA,98569,"1010753","98569-1010753","Whole Genome",NA,NA,"mouse",NA,"ATAC-seq; DYE1190; PCR product, please perform PCR purification (removing primers and also the large fragments (>800-1000bp)). Please send the Bioanalyzer results to me. Thank you!",NA,"HARTWELL_database_Master_2011-2024_CLEANED.txt",NA
"1352","MX-2-2H-2","1/5/17",NA,"Wang, Lu",NA,98569,"1010752","98569-1010752","Whole Genome",NA,NA,"mouse",NA,"ATAC-seq; DYE1189; PCR product, please perform PCR purification (removing primers and also the large fragments (>800-1000bp)). Please send the Bioanalyzer results to me. Thank you!",NA,"HARTWELL_database_Master_2011-2024_CLEANED.txt",NA
"1353","MX-2-50K-1","1/5/17",NA,"Wang, Lu",NA,98569,"1010751","98569-1010751","Whole Genome",NA,NA,"mouse",NA,"ATAC-seq; DYE1188; PCR product, please perform PCR purification (removing primers and also the large fragments (>800-1000bp)). Please send the Bioanalyzer results to me. Thank you!",NA,"HARTWELL_database_Master_2011-2024_CLEANED.txt",NA
"1354","MX-2-5H-2","1/5/17",NA,"Wang, Lu",NA,98569,"1010750","98569-1010750","Whole Genome",NA,NA,"mouse",NA,"ATAC-seq; DYE1187; PCR product, please perform PCR purification (removing primers and also the large fragments (>800-1000bp)). Please send the Bioanalyzer results to me. Thank you!",NA,"HARTWELL_database_Master_2011-2024_CLEANED.txt",NA
"1355","NN-1213","2/9/17",NA,"Wang, Lu",NA,100963,"1036932","100963-1036932","Whole Genome",NA,NA,"mouse",NA,"Bioanalyzer QC; ATAC-seq sample, purified library.",NA,"HARTWELL_database_Master_2011-2024_CLEANED.txt",NA
"1356","NP-0109","2/9/17",NA,"Wang, Lu",NA,100963,"1036933","100963-1036933","Whole Genome",NA,NA,"mouse",NA,"Bioanalyzer QC; ATAC-seq sample, purified library.",NA,"HARTWELL_database_Master_2011-2024_CLEANED.txt",NA
"1357","NP-1213","2/9/17",NA,"Wang, Lu",NA,100963,"1036931","100963-1036931","Whole Genome",NA,NA,"mouse",NA,"Bioanalyzer QC; ATAC-seq sample, purified library.",NA,"HARTWELL_database_Master_2011-2024_CLEANED.txt",NA
"1358","NRL-NEG","12/7/16",NA,"Wang, Lu",NA,96759,"984906","96759-984906","Whole Genome",NA,NA,"mouse",NA,"DYE1176; ATAC-seq, PCR product, please perform PCR purification (removing primers and also the large fragments (>800-1000bp)). Please send the Bioanalyzer results to me. Thank you!",NA,"HARTWELL_database_Master_2011-2024_CLEANED.txt",NA
"1359","NRL-POS","12/7/16",NA,"Wang, Lu",NA,96759,"984905","96759-984905","Whole Genome",NA,NA,"mouse",NA,"DYE1175; ATAC-seq, PCR product, please perform PCR purification (removing primers and also the large fragments (>800-1000bp)). Please send the Bioanalyzer results to me. Thank you!",NA,"HARTWELL_database_Master_2011-2024_CLEANED.txt",NA
"1360","NRL-POS","12/8/16",NA,"Wang, Lu",NA,96868,"985677","96868-985677","Whole Genome",NA,NA,"mouse",NA,"DYE1175; ATAC-seq, SRM# on tube 984905,index11-AAGAGGCA",NA,"HARTWELL_database_Master_2011-2024_CLEANED.txt",NA
"1361","NRL_CapC_FinalLib_ID-1-17-63","1/3/18",NA,"Al Diri, Issam",NA,124203,"1298011","124203-1298011","ChIP-Seq",NA,NA,"mouse",NA,"Multiplexed CapC sample-index.1.3.4",NA,"HARTWELL_database_Master_2011-2024_CLEANED.txt",NA
"1362","NRL_CapC_PostHyb1_ID-1-17-63","1/3/18",NA,"Al Diri, Issam",NA,124203,"1298004","124203-1298004","ChIP-Seq",NA,NA,"mouse",NA,"Multiplexed CapC sample-index.1.3.4",NA,"HARTWELL_database_Master_2011-2024_CLEANED.txt",NA
"1363","P0-2-1207","12/7/16",NA,"Wang, Lu",NA,96759,"984899","96759-984899","Whole Genome",NA,NA,"mouse",NA,"DYE1169; ATAC-seq, PCR product, please perform PCR purification (removing primers and also the large fragments (>800-1000bp)). Please send the Bioanalyzer results to me. Thank you!",NA,"HARTWELL_database_Master_2011-2024_CLEANED.txt",NA
"1364","P0-4-1207","12/7/16",NA,"Wang, Lu",NA,96759,"984900","96759-984900","Whole Genome",NA,NA,"mouse",NA,"DYE1170; ATAC-seq, PCR product, please perform PCR purification (removing primers and also the large fragments (>800-1000bp)). Please send the Bioanalyzer results to me. Thank you!",NA,"HARTWELL_database_Master_2011-2024_CLEANED.txt",NA
"1365","P10-ID5","11/9/16",NA,"Wang, Lu",NA,94676,"964012","94676-964012","Whole Genome",NA,NA,"mouse",NA,"DYE1154; ATAC-seq, PCR product, please perform PCR purification (removing primers and also the large fragments (>800-1000bp) would be better). Please send the Bioanalyzer results to me. Thank you!",NA,"HARTWELL_database_Master_2011-2024_CLEANED.txt",NA
"1366","P10-ID6","11/9/16",NA,"Wang, Lu",NA,94676,"964013","94676-964013","Whole Genome",NA,NA,"mouse",NA,"DYE1155; ATAC-seq, PCR product, please perform PCR purification (removing primers and also the large fragments (>800-1000bp) would be better). Please send the Bioanalyzer results to me. Thank you!",NA,"HARTWELL_database_Master_2011-2024_CLEANED.txt",NA
"1367","P10-ID7-1128","11/29/16",NA,"Wang, Lu",NA,96045,"978784","96045-978784","Whole Genome",NA,NA,"mouse",NA,"DYE1165; ATAC-seq, PCR product, please perform PCR purification (removing primers and also the large fragments (>800-1000bp)). Please send the Bioanalyzer results to me. Thank you!",NA,"HARTWELL_database_Master_2011-2024_CLEANED.txt",NA
"1368","P10-ID8","11/10/16",NA,"Wang, Lu",NA,94777,"965018","94777-965018","Whole Genome",NA,NA,"mouse",NA,"DYE1159; ATAC-seq, please run the Bioanalyzer and send results to me. Thank you!",NA,"HARTWELL_database_Master_2011-2024_CLEANED.txt",NA
"1369","P10-ID8-1128","11/29/16",NA,"Wang, Lu",NA,96045,"978785","96045-978785","Whole Genome",NA,NA,"mouse",NA,"DYE1166; ATAC-seq, PCR product, please perform PCR purification (removing primers and also the large fragments (>800-1000bp)). Please send the Bioanalyzer results to me. Thank you!",NA,"HARTWELL_database_Master_2011-2024_CLEANED.txt",NA
"1370","P14-ID10-1128","11/29/16",NA,"Wang, Lu",NA,96045,"978786","96045-978786","Whole Genome",NA,NA,"mouse",NA,"DYE1167; ATAC-seq, PCR product, please perform PCR purification (removing primers and also the large fragments (>800-1000bp)). Please send the Bioanalyzer results to me. Thank you!",NA,"HARTWELL_database_Master_2011-2024_CLEANED.txt",NA
"1371","P14-ID11-1128","11/29/16",NA,"Wang, Lu",NA,96045,"978787","96045-978787","Whole Genome",NA,NA,"mouse",NA,"DYE1168; ATAC-seq, PCR product, please perform PCR purification (removing primers and also the large fragments (>800-1000bp)). Please send the Bioanalyzer results to me. Thank you!",NA,"HARTWELL_database_Master_2011-2024_CLEANED.txt",NA
"1372","P21-1-1207","12/7/16",NA,"Wang, Lu",NA,96759,"984903","96759-984903","Whole Genome",NA,NA,"mouse",NA,"DYE1173; ATAC-seq, PCR product, please perform PCR purification (removing primers and also the large fragments (>800-1000bp)). Please send the Bioanalyzer results to me. Thank you!",NA,"HARTWELL_database_Master_2011-2024_CLEANED.txt",NA
"1373","P21-2-1207","12/7/16",NA,"Wang, Lu",NA,96759,"984904","96759-984904","Whole Genome",NA,NA,"mouse",NA,"DYE1174; ATAC-seq, PCR product, please perform PCR purification (removing primers and also the large fragments (>800-1000bp)). Please send the Bioanalyzer results to me. Thank you!",NA,"HARTWELL_database_Master_2011-2024_CLEANED.txt",NA
"1374","P21-ID8","11/9/16",NA,"Wang, Lu",NA,94676,"964011","94676-964011","Whole Genome",NA,NA,"mouse",NA,"DYE1153; ATAC-seq, PCR product, please perform PCR purification (removing primers and also the large fragments (>800-1000bp) would be better). Please send the Bioanalyzer results to me. Thank you!",NA,"HARTWELL_database_Master_2011-2024_CLEANED.txt",NA
"1375","P21-ID9","11/10/16",NA,"Wang, Lu",NA,94777,"965017","94777-965017","Whole Genome",NA,NA,"mouse",NA,"DYE1158; ATAC-seq, please run the Bioanalyzer and send results to me. Thank you!",NA,"HARTWELL_database_Master_2011-2024_CLEANED.txt",NA
"1376","P3-ID1","11/9/16",NA,"Wang, Lu",NA,94676,"964009","94676-964009","Whole Genome",NA,NA,"mouse",NA,"DYE1151; ATAC-seq, PCR product, please perform PCR purification (removing primers and also the large fragments (>800-1000bp) would be better). Please send the Bioanalyzer results to me. Thank you!",NA,"HARTWELL_database_Master_2011-2024_CLEANED.txt",NA
"1377","P3-ID1-1128","11/29/16",NA,"Wang, Lu",NA,96045,"978780","96045-978780","Whole Genome",NA,NA,"mouse",NA,"DYE1161; ATAC-seq, PCR product, please perform PCR purification (removing primers and also the large fragments (>800-1000bp)). Please send the Bioanalyzer results to me. Thank you!",NA,"HARTWELL_database_Master_2011-2024_CLEANED.txt",NA
"1378","P3-ID2-1128","11/29/16",NA,"Wang, Lu",NA,96045,"978781","96045-978781","Whole Genome",NA,NA,"mouse",NA,"DYE1162; ATAC-seq, PCR product, please perform PCR purification (removing primers and also the large fragments (>800-1000bp)). Please send the Bioanalyzer results to me. Thank you!",NA,"HARTWELL_database_Master_2011-2024_CLEANED.txt",NA
"1379","P3-ID4","11/10/16",NA,"Wang, Lu",NA,94777,"965016","94777-965016","Whole Genome",NA,NA,"mouse",NA,"DYE1157; ATAC-seq, please run the Bioanalyzer and send results to me. Thank you!",NA,"HARTWELL_database_Master_2011-2024_CLEANED.txt",NA
"1380","P3-ID5","11/9/16",NA,"Wang, Lu",NA,94676,"964010","94676-964010","Whole Genome",NA,NA,"mouse",NA,"DYE1152; ATAC-seq, PCR product, please perform PCR purification (removing primers and also the large fragments (>800-1000bp) would be better). Please send the Bioanalyzer results to me. Thank you!",NA,"HARTWELL_database_Master_2011-2024_CLEANED.txt",NA
"1381","P7-ID4-1128","11/29/16",NA,"Wang, Lu",NA,96045,"978782","96045-978782","Whole Genome",NA,NA,"mouse",NA,"DYE1163; ATAC-seq, PCR product, please perform PCR purification (removing primers and also the large fragments (>800-1000bp)). Please send the Bioanalyzer results to me. Thank you!",NA,"HARTWELL_database_Master_2011-2024_CLEANED.txt",NA
"1382","P7-ID5-1128","11/29/16",NA,"Wang, Lu",NA,96045,"978783","96045-978783","Whole Genome",NA,NA,"mouse",NA,"DYE1164; ATAC-seq, PCR product, please perform PCR purification (removing primers and also the large fragments (>800-1000bp)). Please send the Bioanalyzer results to me. Thank you!",NA,"HARTWELL_database_Master_2011-2024_CLEANED.txt",NA
"1383","REC_CapC_FinalLib_ID-1-17-63","1/3/18",NA,"Al Diri, Issam",NA,124203,"1298012","124203-1298012","ChIP-Seq",NA,NA,"mouse",NA,"Multiplexed CapC sample-index.1.3.4",NA,"HARTWELL_database_Master_2011-2024_CLEANED.txt",NA
"1384","REC_CapC_PostHyb1_ID-1-17-63","1/3/18",NA,"Al Diri, Issam",NA,124203,"1298005","124203-1298005","ChIP-Seq",NA,NA,"mouse",NA,"Multiplexed CapC sample-index.1.3.4",NA,"HARTWELL_database_Master_2011-2024_CLEANED.txt",NA
"1385","SIX3_CapC_FinalLib_ID-1-17-63","1/3/18",NA,"Al Diri, Issam",NA,124203,"1298013","124203-1298013","ChIP-Seq",NA,NA,"mouse",NA,"Multiplexed CapC sample-index.1.3.4",NA,"HARTWELL_database_Master_2011-2024_CLEANED.txt",NA
"1386","SIX3_CapC_PostHyb1_ID-1-17-63","1/3/18",NA,"Al Diri, Issam",NA,124203,"1298006","124203-1298006","ChIP-Seq",NA,NA,"mouse",NA,"Multiplexed CapC sample-index.1.3.4",NA,"HARTWELL_database_Master_2011-2024_CLEANED.txt",NA
"1387","SJMMNORM012454","6/16/14",NA,"Hiler, Daniel",NA,32022,"229086","32022-229086","RNA-Seq",NA,NA,"mouse",NA,"RNA-Seq, Paired, 108 bps",NA,"HARTWELL_database_Master_2011-2024_CLEANED.txt",NA
"1388","SJMMNORM012455","6/16/14",NA,"Hiler, Daniel",NA,32022,"229093","32022-229093","RNA-Seq",NA,NA,"mouse",NA,"RNA-Seq, Paired, 108 bps",NA,"HARTWELL_database_Master_2011-2024_CLEANED.txt",NA
"1389","SJMMNORM012460","6/16/14",NA,"Hiler, Daniel",NA,32022,"229088","32022-229088","RNA-Seq",NA,NA,"mouse",NA,"RNA-Seq, Paired, 108 bps",NA,"HARTWELL_database_Master_2011-2024_CLEANED.txt",NA
"1390","SJMMNORM012461_C1-DJH009","6/15/16",NA,"Hiler, Daniel",NA,83454,"839303","83454-839303","RNA-seq v2 (old prep)",NA,NA,"mouse",NA,"RNA-seq v2 (old prep), Paired, 100 bps",NA,"HARTWELL_database_Master_2011-2024_CLEANED.txt",NA
"1391","SJMMNORM012462","6/16/14",NA,"Hiler, Daniel",NA,32022,"229089","32022-229089","RNA-Seq",NA,NA,"mouse",NA,"RNA-Seq, Paired, 108 bps",NA,"HARTWELL_database_Master_2011-2024_CLEANED.txt",NA
"1392","SJMMNORM012463","6/16/14",NA,"Hiler, Daniel",NA,32022,"229090","32022-229090","RNA-Seq",NA,NA,"mouse",NA,"RNA-Seq, Paired, 108 bps",NA,"HARTWELL_database_Master_2011-2024_CLEANED.txt",NA
"1393","SJMMNORM012464_C1-DJH012","6/15/16",NA,"Hiler, Daniel",NA,83454,"839304","83454-839304","RNA-seq v2 (old prep)",NA,NA,"mouse",NA,"RNA-seq v2 (old prep), Paired, 100 bps",NA,"HARTWELL_database_Master_2011-2024_CLEANED.txt",NA
"1394","SJMMNORM012465","6/16/14",NA,"Hiler, Daniel",NA,32022,"229091","32022-229091","RNA-Seq",NA,NA,"mouse",NA,"RNA-Seq, Paired, 108 bps",NA,"HARTWELL_database_Master_2011-2024_CLEANED.txt",NA
"1395","SJMMNORM012466_C1-DJH014","6/15/16",NA,"Hiler, Daniel",NA,83454,"839305","83454-839305","RNA-seq v2 (old prep)",NA,NA,"mouse",NA,"RNA-seq v2 (old prep), Paired, 100 bps",NA,"HARTWELL_database_Master_2011-2024_CLEANED.txt",NA
"1396","SJMMNORM012467","6/16/14",NA,"Hiler, Daniel",NA,32022,"229092","32022-229092","RNA-Seq",NA,NA,"mouse",NA,"RNA-Seq, Paired, 108 bps",NA,"HARTWELL_database_Master_2011-2024_CLEANED.txt",NA
"1397","SJMMNORM012468","6/16/14",NA,"Hiler, Daniel",NA,32022,"229087","32022-229087","RNA-Seq",NA,NA,"mouse",NA,"RNA-Seq, Paired, 108 bps",NA,"HARTWELL_database_Master_2011-2024_CLEANED.txt",NA
"1398","SJMMNORM012469_C1-DJH017","6/15/16",NA,"Hiler, Daniel",NA,83454,"839306","83454-839306","RNA-seq v2 (old prep)",NA,NA,"mouse",NA,"RNA-seq v2 (old prep), Paired, 100 bps",NA,"HARTWELL_database_Master_2011-2024_CLEANED.txt",NA
"1399","SJMMNORM012470_C1-DJH019","6/15/16",NA,"Hiler, Daniel",NA,83454,"839307","83454-839307","RNA-seq v2 (old prep)",NA,NA,"mouse",NA,"RNA-seq v2 (old prep), Paired, 100 bps",NA,"HARTWELL_database_Master_2011-2024_CLEANED.txt",NA
"1400","SJMMNORM012471_C1-DJH020","6/15/16",NA,"Hiler, Daniel",NA,83454,"839308","83454-839308","RNA-seq v2 (old prep)",NA,NA,"mouse",NA,"RNA-seq v2 (old prep), Paired, 100 bps",NA,"HARTWELL_database_Master_2011-2024_CLEANED.txt",NA
"1401","SJMMNORM012472","6/16/14",NA,"Hiler, Daniel",NA,32022,"229094","32022-229094","RNA-Seq",NA,NA,"mouse",NA,"RNA-Seq, Paired, 108 bps",NA,"HARTWELL_database_Master_2011-2024_CLEANED.txt",NA
"1402","SJMMNORM012473","6/16/14",NA,"Hiler, Daniel",NA,32022,"229095","32022-229095","RNA-Seq",NA,NA,"mouse",NA,"RNA-Seq, Paired, 108 bps",NA,"HARTWELL_database_Master_2011-2024_CLEANED.txt",NA
"1403","SJMMNORM012475","6/16/14",NA,"Hiler, Daniel",NA,32022,"229096","32022-229096","RNA-Seq",NA,NA,"mouse",NA,"RNA-Seq, Paired, 108 bps",NA,"HARTWELL_database_Master_2011-2024_CLEANED.txt",NA
"1404","SJMMNORM013208_G1-BRG1-CKO-P0-H3K27Ac-AB2","6/24/14",NA,"Al Diri, Issam",NA,32462,"234418","32462-234418","ChIP-Seq",NA,NA,"mouse",NA,"ChIP-Seq, Single, 50 bps",NA,"HARTWELL_database_Master_2011-2024_CLEANED.txt",NA
"1405","SJMMNORM013208_G1-BRG1-CKO-P0-H3K27me3-AB1","6/24/14",NA,"Al Diri, Issam",NA,32462,"234419","32462-234419","ChIP-Seq",NA,NA,"mouse",NA,"ChIP-Seq, Single, 50 bps",NA,"HARTWELL_database_Master_2011-2024_CLEANED.txt",NA
"1406","SJMMNORM013208_G1-BRG1-CKO-P0-H3K4me3-AB4","6/24/14",NA,"Al Diri, Issam",NA,32462,"234420","32462-234420","ChIP-Seq",NA,NA,"mouse",NA,"ChIP-Seq, Single, 50 bps",NA,"HARTWELL_database_Master_2011-2024_CLEANED.txt",NA
"1407","SJMMNORM013208_G1-BRG1-CKO-P0-H3K9me3-AB2","6/24/14",NA,"Al Diri, Issam",NA,32462,"234421","32462-234421","ChIP-Seq",NA,NA,"mouse",NA,"ChIP-Seq, Single, 50 bps",NA,"HARTWELL_database_Master_2011-2024_CLEANED.txt",NA
"1408","SJMMNORM013208_G1-BRG1-CKO-P0-INPUT","6/24/14",NA,"Al Diri, Issam",NA,32462,"234417","32462-234417","ChIP-Seq",NA,NA,"mouse",NA,"ChIP-Seq, Single, 50 bps",NA,"HARTWELL_database_Master_2011-2024_CLEANED.txt",NA
"1409","SJMMNORM016359_G1-WT-E17_5-H3K27Ac-AB2","2/12/15",NA,"Al Diri, Issam",NA,48072,"409167","48072-409167","ChIP-Seq",NA,NA,"mouse",NA,"ChIP-Seq, Single, 50 bps",NA,"HARTWELL_database_Master_2011-2024_CLEANED.txt",NA
"1410","SJMMNORM016359_G1-WT-E17_5-H3K27me3-AB3","2/12/15",NA,"Al Diri, Issam",NA,48072,"409168","48072-409168","ChIP-Seq",NA,NA,"mouse",NA,"ChIP-Seq, Single, 50 bps",NA,"HARTWELL_database_Master_2011-2024_CLEANED.txt",NA
"1411","SJMMNORM016359_G1-WT-E17_5-H3K36me3-AB1","2/12/15",NA,"Al Diri, Issam",NA,48072,"409169","48072-409169","ChIP-Seq",NA,NA,"mouse",NA,"ChIP-Seq, Single, 50 bps",NA,"HARTWELL_database_Master_2011-2024_CLEANED.txt",NA
"1412","SJMMNORM016359_G1-WT-E17_5-H3K4me1-AB2","2/12/15",NA,"Al Diri, Issam",NA,48072,"409166","48072-409166","ChIP-Seq",NA,NA,"mouse",NA,"ChIP-Seq, Single, 50 bps",NA,"HARTWELL_database_Master_2011-2024_CLEANED.txt",NA
"1413","SJMMNORM016359_G1-WT-E17_5-H3K4me2-AB2","2/12/15",NA,"Al Diri, Issam",NA,48072,"409165","48072-409165","ChIP-Seq",NA,NA,"mouse",NA,"ChIP-Seq, Single, 50 bps",NA,"HARTWELL_database_Master_2011-2024_CLEANED.txt",NA
"1414","SJMMNORM016359_G1-WT-E17_5-H3K4me3-AB2","2/12/15",NA,"Al Diri, Issam",NA,48072,"409164","48072-409164","ChIP-Seq",NA,NA,"mouse",NA,"ChIP-Seq, Single, 50 bps",NA,"HARTWELL_database_Master_2011-2024_CLEANED.txt",NA
"1415","SJMMNORM016359_G1-WT-E17_5-H3K9-14Ac-AB3","2/12/15",NA,"Al Diri, Issam",NA,48072,"409170","48072-409170","ChIP-Seq",NA,NA,"mouse",NA,"ChIP-Seq, Single, 50 bps",NA,"HARTWELL_database_Master_2011-2024_CLEANED.txt",NA
"1416","SJMMNORM016359_G1-WT-E17_5-INPUT","2/12/15",NA,"Al Diri, Issam",NA,48072,"409163","48072-409163","ChIP-Seq",NA,NA,"mouse",NA,"ChIP-Seq, Single, 50 bps",NA,"HARTWELL_database_Master_2011-2024_CLEANED.txt",NA
"1417","SJMMNORM016360_G1-WT-E14_5","2/12/15",NA,"Al Diri, Issam",NA,48072,"409171","48072-409171","ChIP-Seq",NA,NA,"mouse",NA,"ChIP-Seq, Single, 50 bps",NA,"HARTWELL_database_Master_2011-2024_CLEANED.txt",NA
"1418","SJMMNORM016360_G1-WT-E14_5","2/12/15",NA,"Al Diri, Issam",NA,48072,"409175","48072-409175","ChIP-Seq",NA,NA,"mouse",NA,"ChIP-Seq, Single, 50 bps",NA,"HARTWELL_database_Master_2011-2024_CLEANED.txt",NA
"1419","SJMMNORM016361_G1-WT-E17_5","2/12/15",NA,"Al Diri, Issam",NA,48072,"409172","48072-409172","ChIP-Seq",NA,NA,"mouse",NA,"ChIP-Seq, Single, 50 bps",NA,"HARTWELL_database_Master_2011-2024_CLEANED.txt",NA
"1420","SJMMNORM016361_G1-WT-E17_5","2/12/15",NA,"Al Diri, Issam",NA,48072,"409176","48072-409176","ChIP-Seq",NA,NA,"mouse",NA,"ChIP-Seq, Single, 50 bps",NA,"HARTWELL_database_Master_2011-2024_CLEANED.txt",NA
"1421","SJMMNORM016362_G1-WT-P3","2/12/15",NA,"Al Diri, Issam",NA,48072,"409173","48072-409173","ChIP-Seq",NA,NA,"mouse",NA,"ChIP-Seq, Single, 50 bps",NA,"HARTWELL_database_Master_2011-2024_CLEANED.txt",NA
"1422","SJMMNORM016362_G1-WT-P3","2/12/15",NA,"Al Diri, Issam",NA,48072,"409177","48072-409177","ChIP-Seq",NA,NA,"mouse",NA,"ChIP-Seq, Single, 50 bps",NA,"HARTWELL_database_Master_2011-2024_CLEANED.txt",NA
"1423","SJMMNORM016363_G1-WT-10","2/12/15",NA,"Al Diri, Issam",NA,48072,"409174","48072-409174","ChIP-Seq",NA,NA,"mouse",NA,"ChIP-Seq, Single, 50 bps",NA,"HARTWELL_database_Master_2011-2024_CLEANED.txt",NA
"1424","SJMMNORM042157_C3-IPS-257_3-INPUT","5/31/17",NA,"Wang, Lu",NA,109465,"1124893","109465-1124893","ChIP-Seq",NA,NA,"mouse",NA,"ChIP-seq, Single, 50 bps",NA,"HARTWELL_database_Master_2011-2024_CLEANED.txt",NA
"1425","SJMMNORM042161_C5-Ch143_02-H3K9me3-AB1","1/9/17",NA,"Wang, Lu",NA,98711,"1011972","98711-1011972","ChIP-Seq",NA,NA,"mouse",NA,"Active Motif library; Index 96-CTACTCC",NA,"HARTWELL_database_Master_2011-2024_CLEANED.txt",NA
"1426","SJMMNORM042325_C1-DYE722","12/28/15",NA,"Hiler, Daniel",NA,70388,"682303","70388-682303","RNA-seq Total Stranded",NA,NA,"mouse",NA,"RNA-seq Total Stranded, Paired, 100 bps",NA,"HARTWELL_database_Master_2011-2024_CLEANED.txt",NA
"1427","SJMMNORM042326_C1-DYE723","12/28/15",NA,"Hiler, Daniel",NA,70388,"682304","70388-682304","RNA-seq Total Stranded",NA,NA,"mouse",NA,"RNA-seq Total Stranded, Paired, 100 bps",NA,"HARTWELL_database_Master_2011-2024_CLEANED.txt",NA
"1428","SJMMNORM042327_C1-DYE724","12/28/15",NA,"Hiler, Daniel",NA,70388,"682305","70388-682305","RNA-seq Total Stranded",NA,NA,"mouse",NA,"RNA-seq Total Stranded, Paired, 100 bps",NA,"HARTWELL_database_Master_2011-2024_CLEANED.txt",NA
"1429","SJMMNORM042328_C1-DYE725","12/28/15",NA,"Hiler, Daniel",NA,70388,"682306","70388-682306","RNA-seq Total Stranded",NA,NA,"mouse",NA,"RNA-seq Total Stranded, Paired, 100 bps",NA,"HARTWELL_database_Master_2011-2024_CLEANED.txt",NA
"1430","SJMMNORM042329_C1-DYE726","12/28/15",NA,"Hiler, Daniel",NA,70388,"682307","70388-682307","RNA-seq Total Stranded",NA,NA,"mouse",NA,"RNA-seq Total Stranded, Paired, 100 bps",NA,"HARTWELL_database_Master_2011-2024_CLEANED.txt",NA
"1431","SJMMNORM042330_C1-DYE727","12/28/15",NA,"Hiler, Daniel",NA,70388,"682308","70388-682308","RNA-seq Total Stranded",NA,NA,"mouse",NA,"RNA-seq Total Stranded, Paired, 100 bps",NA,"HARTWELL_database_Master_2011-2024_CLEANED.txt",NA
"1432","SJMMNORM042331_C1-DYE728","12/28/15",NA,"Hiler, Daniel",NA,70388,"682309","70388-682309","RNA-seq Total Stranded",NA,NA,"mouse",NA,"RNA-seq Total Stranded, Paired, 100 bps",NA,"HARTWELL_database_Master_2011-2024_CLEANED.txt",NA
"1433","SJMMNORM042332_C1-DYE729","12/28/15",NA,"Hiler, Daniel",NA,70388,"682310","70388-682310","RNA-seq Total Stranded",NA,NA,"mouse",NA,"RNA-seq Total Stranded, Paired, 100 bps",NA,"HARTWELL_database_Master_2011-2024_CLEANED.txt",NA
"1434","SJMMNORM042333_C1-DYE730","12/28/15",NA,"Hiler, Daniel",NA,70388,"682311","70388-682311","RNA-seq Total Stranded",NA,NA,"mouse",NA,"RNA-seq Total Stranded, Paired, 100 bps",NA,"HARTWELL_database_Master_2011-2024_CLEANED.txt",NA
"1435","SJMMNORM042334_C1-DYE731","12/28/15",NA,"Hiler, Daniel",NA,70388,"682312","70388-682312","RNA-seq Total Stranded",NA,NA,"mouse",NA,"RNA-seq Total Stranded, Paired, 100 bps",NA,"HARTWELL_database_Master_2011-2024_CLEANED.txt",NA
"1436","SJMMNORM042335_C1-DYE732","12/28/15",NA,"Hiler, Daniel",NA,70388,"682313","70388-682313","RNA-seq Total Stranded",NA,NA,"mouse",NA,"RNA-seq Total Stranded, Paired, 100 bps",NA,"HARTWELL_database_Master_2011-2024_CLEANED.txt",NA
"1437","SJMMNORM042336_C1-DYE733","12/28/15",NA,"Hiler, Daniel",NA,70388,"682314","70388-682314","RNA-seq Total Stranded",NA,NA,"mouse",NA,"RNA-seq Total Stranded, Paired, 100 bps",NA,"HARTWELL_database_Master_2011-2024_CLEANED.txt",NA
"1438","SJMMNORM042337_C1-DYE734","12/28/15",NA,"Hiler, Daniel",NA,70388,"682315","70388-682315","RNA-seq Total Stranded",NA,NA,"mouse",NA,"RNA-seq Total Stranded, Paired, 100 bps",NA,"HARTWELL_database_Master_2011-2024_CLEANED.txt",NA
"1439","SJMMNORM042338_C1-DYE735","12/28/15",NA,"Hiler, Daniel",NA,70388,"682316","70388-682316","RNA-seq Total Stranded",NA,NA,"mouse",NA,"RNA-seq Total Stranded, Paired, 100 bps",NA,"HARTWELL_database_Master_2011-2024_CLEANED.txt",NA
"1440","SJMMNORM042339_C1-DYE736","12/28/15",NA,"Hiler, Daniel",NA,70388,"682317","70388-682317","RNA-seq Total Stranded",NA,NA,"mouse",NA,"RNA-seq Total Stranded, Paired, 100 bps",NA,"HARTWELL_database_Master_2011-2024_CLEANED.txt",NA
"1441","SJMMNORM042340_C1-DYE737","12/28/15",NA,"Hiler, Daniel",NA,70388,"682318","70388-682318","RNA-seq Total Stranded",NA,NA,"mouse",NA,"RNA-seq Total Stranded, Paired, 100 bps",NA,"HARTWELL_database_Master_2011-2024_CLEANED.txt",NA
"1442","SJMMNORM042341_C1-DYE738","12/28/15",NA,"Hiler, Daniel",NA,70388,"682319","70388-682319","RNA-seq Total Stranded",NA,NA,"mouse",NA,"RNA-seq Total Stranded, Paired, 100 bps",NA,"HARTWELL_database_Master_2011-2024_CLEANED.txt",NA
"1443","SJMMNORM042342_C1-DYE739","12/28/15",NA,"Hiler, Daniel",NA,70388,"682320","70388-682320","RNA-seq Total Stranded",NA,NA,"mouse",NA,"RNA-seq Total Stranded, Paired, 100 bps",NA,"HARTWELL_database_Master_2011-2024_CLEANED.txt",NA
"1444","SJMMNORM042343_C1-DYE740","12/28/15",NA,"Hiler, Daniel",NA,70388,"682321","70388-682321","RNA-seq Total Stranded",NA,NA,"mouse",NA,"RNA-seq Total Stranded, Paired, 100 bps",NA,"HARTWELL_database_Master_2011-2024_CLEANED.txt",NA
"1445","SJMMNORM042344_C1-DYE741","12/28/15",NA,"Hiler, Daniel",NA,70388,"682322","70388-682322","RNA-seq Total Stranded",NA,NA,"mouse",NA,"RNA-seq Total Stranded, Paired, 100 bps",NA,"HARTWELL_database_Master_2011-2024_CLEANED.txt",NA
"1446","SJMMNORM042345_C1-DYE742","12/28/15",NA,"Hiler, Daniel",NA,70388,"682323","70388-682323","RNA-seq Total Stranded",NA,NA,"mouse",NA,"RNA-seq Total Stranded, Paired, 100 bps",NA,"HARTWELL_database_Master_2011-2024_CLEANED.txt",NA
"1447","SJMMNORM042346_C1-DYE743","12/28/15",NA,"Hiler, Daniel",NA,70388,"682324","70388-682324","RNA-seq Total Stranded",NA,NA,"mouse",NA,"RNA-seq Total Stranded, Paired, 100 bps",NA,"HARTWELL_database_Master_2011-2024_CLEANED.txt",NA
"1448","SJMMNORM042347_C1-DYE744","12/28/15",NA,"Hiler, Daniel",NA,70388,"682325","70388-682325","RNA-seq Total Stranded",NA,NA,"mouse",NA,"RNA-seq Total Stranded, Paired, 100 bps",NA,"HARTWELL_database_Master_2011-2024_CLEANED.txt",NA
"1449","SJMMNORM042348_C1-DYE745","12/28/15",NA,"Hiler, Daniel",NA,70388,"682326","70388-682326","RNA-seq Total Stranded",NA,NA,"mouse",NA,"RNA-seq Total Stranded, Paired, 100 bps",NA,"HARTWELL_database_Master_2011-2024_CLEANED.txt",NA
"1450","SJMMNORM042349_C1-DYE746","12/28/15",NA,"Hiler, Daniel",NA,70388,"682327","70388-682327","RNA-seq Total Stranded",NA,NA,"mouse",NA,"RNA-seq Total Stranded, Paired, 100 bps",NA,"HARTWELL_database_Master_2011-2024_CLEANED.txt",NA
"1451","SJMMNORM042350_C1-DYE747","12/28/15",NA,"Hiler, Daniel",NA,70388,"682328","70388-682328","RNA-seq Total Stranded",NA,NA,"mouse",NA,"RNA-seq Total Stranded, Paired, 100 bps",NA,"HARTWELL_database_Master_2011-2024_CLEANED.txt",NA
"1452","SJMMNORM042351_C1-DYE748","12/28/15",NA,"Hiler, Daniel",NA,70388,"682329","70388-682329","RNA-seq Total Stranded",NA,NA,"mouse",NA,"RNA-seq Total Stranded, Paired, 100 bps",NA,"HARTWELL_database_Master_2011-2024_CLEANED.txt",NA
"1453","SJMMNORM042352_C1-DYE749","12/28/15",NA,"Hiler, Daniel",NA,70388,"682330","70388-682330","RNA-seq Total Stranded",NA,NA,"mouse",NA,"RNA-seq Total Stranded, Paired, 100 bps",NA,"HARTWELL_database_Master_2011-2024_CLEANED.txt",NA
"1454","SJMMNORM042353_C1-DYE750","12/28/15",NA,"Hiler, Daniel",NA,70388,"682331","70388-682331","RNA-seq Total Stranded",NA,NA,"mouse",NA,"RNA-seq Total Stranded, Paired, 100 bps",NA,"HARTWELL_database_Master_2011-2024_CLEANED.txt",NA
"1455","SJMMNORM042354_C1-DYE751","12/28/15",NA,"Hiler, Daniel",NA,70388,"682332","70388-682332","RNA-seq Total Stranded",NA,NA,"mouse",NA,"RNA-seq Total Stranded, Paired, 100 bps",NA,"HARTWELL_database_Master_2011-2024_CLEANED.txt",NA
"1456","SJMMNORM042355_C1-DYE752","12/28/15",NA,"Hiler, Daniel",NA,70388,"682333","70388-682333","RNA-seq Total Stranded",NA,NA,"mouse",NA,"RNA-seq Total Stranded, Paired, 100 bps",NA,"HARTWELL_database_Master_2011-2024_CLEANED.txt",NA
"1457","SJMMNORM042356_C1-DYE753","12/28/15",NA,"Hiler, Daniel",NA,70388,"682334","70388-682334","RNA-seq Total Stranded",NA,NA,"mouse",NA,"RNA-seq Total Stranded, Paired, 100 bps",NA,"HARTWELL_database_Master_2011-2024_CLEANED.txt",NA
"1458","SJMMNORM042357_C1-DYE754","12/28/15",NA,"Hiler, Daniel",NA,70388,"682335","70388-682335","RNA-seq Total Stranded",NA,NA,"mouse",NA,"RNA-seq Total Stranded, Paired, 100 bps",NA,"HARTWELL_database_Master_2011-2024_CLEANED.txt",NA
"1459","SJMMNORM042358_C1-DYE755","12/28/15",NA,"Hiler, Daniel",NA,70388,"682336","70388-682336","RNA-seq Total Stranded",NA,NA,"mouse",NA,"RNA-seq Total Stranded, Paired, 100 bps",NA,"HARTWELL_database_Master_2011-2024_CLEANED.txt",NA
"1460","SJMMNORM042359_C1-DYE756","12/28/15",NA,"Hiler, Daniel",NA,70388,"682337","70388-682337","RNA-seq Total Stranded",NA,NA,"mouse",NA,"RNA-seq Total Stranded, Paired, 100 bps",NA,"HARTWELL_database_Master_2011-2024_CLEANED.txt",NA
"1461","SJMMNORM042360_C1-DYE757","12/28/15",NA,"Hiler, Daniel",NA,70388,"682338","70388-682338","RNA-seq Total Stranded",NA,NA,"mouse",NA,"RNA-seq Total Stranded, Paired, 100 bps",NA,"HARTWELL_database_Master_2011-2024_CLEANED.txt",NA
"1462","SJMMNORM042361_C1-DYE758","12/28/15",NA,"Hiler, Daniel",NA,70388,"682339","70388-682339","RNA-seq Total Stranded",NA,NA,"mouse",NA,"RNA-seq Total Stranded, Paired, 100 bps",NA,"HARTWELL_database_Master_2011-2024_CLEANED.txt",NA
"1463","SJMMNORM042362_C1-DYE759","12/28/15",NA,"Hiler, Daniel",NA,70388,"682340","70388-682340","RNA-seq Total Stranded",NA,NA,"mouse",NA,"RNA-seq Total Stranded, Paired, 100 bps",NA,"HARTWELL_database_Master_2011-2024_CLEANED.txt",NA
"1464","SJMMNORM042363_C1-DYE760","12/28/15",NA,"Hiler, Daniel",NA,70388,"682341","70388-682341","RNA-seq Total Stranded",NA,NA,"mouse",NA,"RNA-seq Total Stranded, Paired, 100 bps",NA,"HARTWELL_database_Master_2011-2024_CLEANED.txt",NA
"1465","SJMMNORM042364_C1-DYE761","12/28/15",NA,"Hiler, Daniel",NA,70388,"682342","70388-682342","RNA-seq Total Stranded",NA,NA,"mouse",NA,"RNA-seq Total Stranded, Paired, 100 bps",NA,"HARTWELL_database_Master_2011-2024_CLEANED.txt",NA
"1466","SJMMNORM042365_C1-DYE762","12/28/15",NA,"Hiler, Daniel",NA,70388,"682343","70388-682343","RNA-seq Total Stranded",NA,NA,"mouse",NA,"RNA-seq Total Stranded, Paired, 100 bps",NA,"HARTWELL_database_Master_2011-2024_CLEANED.txt",NA
"1467","SJMMNORM042366_C1-DYE763","12/28/15",NA,"Hiler, Daniel",NA,70388,"682344","70388-682344","RNA-seq Total Stranded",NA,NA,"mouse",NA,"RNA-seq Total Stranded, Paired, 100 bps",NA,"HARTWELL_database_Master_2011-2024_CLEANED.txt",NA
"1468","SJMMNORM042367_C1-DYE764","12/28/15",NA,"Hiler, Daniel",NA,70388,"682345","70388-682345","RNA-seq Total Stranded",NA,NA,"mouse",NA,"RNA-seq Total Stranded, Paired, 100 bps",NA,"HARTWELL_database_Master_2011-2024_CLEANED.txt",NA
"1469","SJMMNORM042368_C1-DYE765","12/28/15",NA,"Hiler, Daniel",NA,70388,"682346","70388-682346","RNA-seq Total Stranded",NA,NA,"mouse",NA,"RNA-seq Total Stranded, Paired, 100 bps",NA,"HARTWELL_database_Master_2011-2024_CLEANED.txt",NA
"1470","SJMMNORM042369_C1-DYE766","12/28/15",NA,"Hiler, Daniel",NA,70388,"682347","70388-682347","RNA-seq Total Stranded",NA,NA,"mouse",NA,"RNA-seq Total Stranded, Paired, 100 bps",NA,"HARTWELL_database_Master_2011-2024_CLEANED.txt",NA
"1471","SJMMNORM042370_C1-DYE767","12/28/15",NA,"Hiler, Daniel",NA,70388,"682348","70388-682348","RNA-seq Total Stranded",NA,NA,"mouse",NA,"RNA-seq Total Stranded, Paired, 100 bps",NA,"HARTWELL_database_Master_2011-2024_CLEANED.txt",NA
"1472","SJMMNORM042371_C1-DYE768","12/28/15",NA,"Hiler, Daniel",NA,70388,"682349","70388-682349","RNA-seq Total Stranded",NA,NA,"mouse",NA,"RNA-seq Total Stranded, Paired, 100 bps",NA,"HARTWELL_database_Master_2011-2024_CLEANED.txt",NA
"1473","SJMMNORM042372_C1-DYE769","12/28/15",NA,"Hiler, Daniel",NA,70388,"682350","70388-682350","RNA-seq Total Stranded",NA,NA,"mouse",NA,"RNA-seq Total Stranded, Paired, 100 bps",NA,"HARTWELL_database_Master_2011-2024_CLEANED.txt",NA
"1474","SJMMNORM042373_C1-DYE770","12/28/15",NA,"Hiler, Daniel",NA,70388,"682351","70388-682351","RNA-seq Total Stranded",NA,NA,"mouse",NA,"RNA-seq Total Stranded, Paired, 100 bps",NA,"HARTWELL_database_Master_2011-2024_CLEANED.txt",NA
"1475","SJMMNORM043517_C1-DYE799","6/9/17",NA,"Griffiths, Lyra",NA,110245,"1131001","110245-1131001","Amplicon",NA,NA,"mouse",NA,"Amplicon, Paired, 100 bps",NA,"HARTWELL_database_Master_2011-2024_CLEANED.txt",NA
"1476","SJMMNORM043518_C1-DYE800","6/9/17",NA,"Griffiths, Lyra",NA,110245,"1131003","110245-1131003","Amplicon",NA,NA,"mouse",NA,"Amplicon, Paired, 100 bps",NA,"HARTWELL_database_Master_2011-2024_CLEANED.txt",NA
"1477","SJMMNORM043524_C1-DYE806","6/9/17",NA,"Griffiths, Lyra",NA,110245,"1130995","110245-1130995","Amplicon",NA,NA,"mouse",NA,"Amplicon, Paired, 100 bps",NA,"HARTWELL_database_Master_2011-2024_CLEANED.txt",NA
"1478","SJMMNORM043525_C1-DYE807","6/9/17",NA,"Griffiths, Lyra",NA,110245,"1131000","110245-1131000","Amplicon",NA,NA,"mouse",NA,"Amplicon, Paired, 100 bps",NA,"HARTWELL_database_Master_2011-2024_CLEANED.txt",NA
"1479","SJMMNORM043528_C1-DYE810","6/9/17",NA,"Griffiths, Lyra",NA,110245,"1130994","110245-1130994","Amplicon",NA,NA,"mouse",NA,"Amplicon, Paired, 100 bps",NA,"HARTWELL_database_Master_2011-2024_CLEANED.txt",NA
"1480","SJMMNORM043540_C1-DYE822","6/9/17",NA,"Griffiths, Lyra",NA,110245,"1131002","110245-1131002","Amplicon",NA,NA,"mouse",NA,"Amplicon, Paired, 100 bps",NA,"HARTWELL_database_Master_2011-2024_CLEANED.txt",NA
"1481","SJMMNORM043542_C1-DYE824","5/31/16",NA,"Hiler, Daniel",NA,82134,"825737","82134-825737","RNA-seq v2 (old prep)",NA,NA,"mouse",NA,"RNA-seq v2 (old prep), Paired, 100 bps",NA,"HARTWELL_database_Master_2011-2024_CLEANED.txt",NA
"1482","SJMMNORM046480_G1-WT_E14","11/3/16",NA,"Wang, Lu",NA,94246,"958584","94246-958584","Whole Genome",NA,NA,"mouse",NA,"DYE1146; ATAC-seq, please generate 75-80 million read pairs for this sample. Index3-AGGCAGAA",NA,"HARTWELL_database_Master_2011-2024_CLEANED.txt",NA
"1483","SJMMNORM046480_G1-WT_E14","11/4/16",NA,"Wang, Lu",NA,94392,"960666","94392-960666","Whole Genome",NA,NA,"mouse",NA,"DYE1146, SRM# on tube is 958584; ATAC-seq, please generate ~100 million read pairs for this sample. Index3-AGGCAGAA",NA,"HARTWELL_database_Master_2011-2024_CLEANED.txt",NA
"1484","SJMMNORM046480_G2-WT-E14-rep1","12/8/16",NA,"Wang, Lu",NA,96868,"985674","96868-985674","Whole Genome",NA,NA,"mouse",NA,"DYE1172; ATAC-seq, SRM# on tube 984902, index7-CTCTCTAC",NA,"HARTWELL_database_Master_2011-2024_CLEANED.txt",NA
"1485","SJMMNORM046481_G1-WT_E17","11/4/16",NA,"Wang, Lu",NA,94392,"960665","94392-960665","Whole Genome",NA,NA,"mouse",NA,"DYE 1147, SRM# on tube is 958585; ATAC-seq, please generate ~100 million read pairs for this sample. Index2-CGTACTAG",NA,"HARTWELL_database_Master_2011-2024_CLEANED.txt",NA
"1486","SJMMNORM046481_G2-WT-E17-rep1","11/15/16",NA,"Wang, Lu",NA,95137,"968624","95137-968624","Whole Genome",NA,NA,"mouse",NA,"DYE1160; ATAC-seq, SRM sample # on tube is 965019, sample name was E17-ID7, index 7-CTCTCTAC",NA,"HARTWELL_database_Master_2011-2024_CLEANED.txt",NA
"1487","SJMMNORM046481_G2-WT-E17-rep1","12/8/16",NA,"Wang, Lu",NA,96868,"985676","96868-985676","Whole Genome",NA,NA,"mouse",NA,"Whole Genome, Paired, 100 bps",NA,"HARTWELL_database_Master_2011-2024_CLEANED.txt",NA
"1488","SJMMNORM046482_G1-WT_P0","10/6/16",NA,"Wang, Lu",NA,92155,"936267","92155-936267","Whole Genome",NA,NA,"mouse",NA,"DYE1016; ATAC-seq, please use 50bp or 100bp pair end mode. Please generate around 40 million read pairs for this sample. Index 5-GGACTCCT",NA,"HARTWELL_database_Master_2011-2024_CLEANED.txt",NA
"1489","SJMMNORM046482_G2-WT_P0_rep1","10/6/16",NA,"Wang, Lu",NA,92155,"936268","92155-936268","Whole Genome",NA,NA,"mouse",NA,"DYE1017; ATAC-seq, please use 50bp or 100bp pair end mode. Please generate around 40 million read pairs for this sample. Index 9-GCTACGCT",NA,"HARTWELL_database_Master_2011-2024_CLEANED.txt",NA
"1490","SJMMNORM046482_G3-WT-P0-rep2","12/8/16",NA,"Wang, Lu",NA,96868,"985673","96868-985673","Whole Genome",NA,NA,"mouse",NA,"DYE1169; ATAC-seq,SRM# on tube 984899, index2-CGTACTAG",NA,"HARTWELL_database_Master_2011-2024_CLEANED.txt",NA
"1491","SJMMNORM046483_G1-WT_P3","11/15/16",NA,"Wang, Lu",NA,95137,"968621","95137-968621","Whole Genome",NA,NA,"mouse",NA,"DYE1151; ATAC-seq, SRM sample # on tube is 964009, sample name was P3-ID1, index 1-TAAGGCGA",NA,"HARTWELL_database_Master_2011-2024_CLEANED.txt",NA
"1492","SJMMNORM046484_G1-WT_P7","10/6/16",NA,"Wang, Lu",NA,92155,"936269","92155-936269","Whole Genome",NA,NA,"mouse",NA,"DYE1018; ATAC-seq, please use 50bp or 100bp pair end mode. Please generate 75-80 million read pairs for this sample. Index 6-TAGGCATG",NA,"HARTWELL_database_Master_2011-2024_CLEANED.txt",NA
"1493","SJMMNORM046485_G1-WT_P10","10/6/16",NA,"Wang, Lu",NA,92155,"936270","92155-936270","Whole Genome",NA,NA,"mouse",NA,"DYE1019; ATAC-seq, please use 50bp or 100bp pair end mode. Please generate 40 million read pairs for this sample. Index 12-GTAGAGGA",NA,"HARTWELL_database_Master_2011-2024_CLEANED.txt",NA
"1494","SJMMNORM046485_G1-WT_P10","11/15/16",NA,"Wang, Lu",NA,95137,"968623","95137-968623","Whole Genome",NA,NA,"mouse",NA,"DYE1159; ATAC-seq, SRM sample # on tube is 965018, sample name was P10-ID8, index 8-CAGAGAGG",NA,"HARTWELL_database_Master_2011-2024_CLEANED.txt",NA
"1495","SJMMNORM046486_G1-WT_P14","10/6/16",NA,"Wang, Lu",NA,92155,"936271","92155-936271","Whole Genome",NA,NA,"mouse",NA,"DYE1020; ATAC-seq, please use 50bp or 100bp pair end mode. Please generate 75-80 million read pairs for this sample. Index 2-CGTACTAG",NA,"HARTWELL_database_Master_2011-2024_CLEANED.txt",NA
"1496","SJMMNORM046487_G1-WT_P21","11/15/16",NA,"Wang, Lu",NA,95137,"968622","95137-968622","Whole Genome",NA,NA,"mouse",NA,"DYE1153; ATAC-seq, SRM sample # on tube is 964011, sample name was P21-ID8, index 11-AAGAGGCA",NA,"HARTWELL_database_Master_2011-2024_CLEANED.txt",NA
"1497","SJMMNORM046487_G2-WT-P21-rep1","12/8/16",NA,"Wang, Lu",NA,96868,"985675","96868-985675","Whole Genome",NA,NA,"mouse",NA,"DYE1173; ATAC-seq, SRM# on tube 984903, index9-GCTACGCT",NA,"HARTWELL_database_Master_2011-2024_CLEANED.txt",NA
"1498","SJMMNORM047288_C1-209_11-mecap","6/9/17",NA,"Griffiths, Lyra",NA,110245,"1130999","110245-1130999","Amplicon",NA,NA,"mouse",NA,"Amplicon, Paired, 100 bps",NA,"HARTWELL_database_Master_2011-2024_CLEANED.txt",NA
"1499","SJMMNORM047289_C1-fG140_03-mecap","6/9/17",NA,"Griffiths, Lyra",NA,110245,"1130998","110245-1130998","Amplicon",NA,NA,"mouse",NA,"Amplicon, Paired, 100 bps",NA,"HARTWELL_database_Master_2011-2024_CLEANED.txt",NA
"1500","SJMMNORM047291_C1-FCR01-mecap","6/9/17",NA,"Griffiths, Lyra",NA,110245,"1130996","110245-1130996","Amplicon",NA,NA,"mouse",NA,"Amplicon, Paired, 100 bps",NA,"HARTWELL_database_Master_2011-2024_CLEANED.txt",NA
"1501","SJMMNORM047292_C1-FCR02-mecap","6/9/17",NA,"Griffiths, Lyra",NA,110245,"1130997","110245-1130997","Amplicon",NA,NA,"mouse",NA,"Amplicon, Paired, 100 bps",NA,"HARTWELL_database_Master_2011-2024_CLEANED.txt",NA
"1502","SJMMNORM047767_G1-MGR_POS","2/22/17",NA,"Wang, Lu",NA,101953,"1047529","101953-1047529","Whole Genome",NA,NA,"mouse",NA,"ATAC-seq; SRM# on tube is 1036935, sample MGP-1129; Index5-GGACTCCT",NA,"HARTWELL_database_Master_2011-2024_CLEANED.txt",NA
"1503","SJMMNORM048166_G1-LBR-1-23","3/3/17",NA,"Al Diri, Issam",NA,102698,"1055292","102698-1055292","Amplicon",NA,NA,"mouse",NA,"Amplicon, Paired, 250 bps",NA,"HARTWELL_database_Master_2011-2024_CLEANED.txt",NA
"1504","SJMMNORM048167_G1-LBR-1-25","3/3/17",NA,"Al Diri, Issam",NA,102698,"1055293","102698-1055293","Amplicon",NA,NA,"mouse",NA,"Amplicon, Paired, 250 bps",NA,"HARTWELL_database_Master_2011-2024_CLEANED.txt",NA
"1505","SJMMNORM048168_G1-LBR-1-27","3/3/17",NA,"Al Diri, Issam",NA,102698,"1055294","102698-1055294","Amplicon",NA,NA,"mouse",NA,"Amplicon, Paired, 250 bps",NA,"HARTWELL_database_Master_2011-2024_CLEANED.txt",NA
"1506","SJMMNORM048169_G1-LBR-1-28","3/3/17",NA,"Al Diri, Issam",NA,102698,"1055295","102698-1055295","Amplicon",NA,NA,"mouse",NA,"Amplicon, Paired, 250 bps",NA,"HARTWELL_database_Master_2011-2024_CLEANED.txt",NA
"1507","SJMMNORM048170_G1-LBR-1-29","3/3/17",NA,"Al Diri, Issam",NA,102698,"1055296","102698-1055296","Amplicon",NA,NA,"mouse",NA,"Amplicon, Paired, 250 bps",NA,"HARTWELL_database_Master_2011-2024_CLEANED.txt",NA
"1508","SJMMNORM048171_G1-LBR-1-30","3/3/17",NA,"Al Diri, Issam",NA,102698,"1055297","102698-1055297","Amplicon",NA,NA,"mouse",NA,"Amplicon, Paired, 250 bps",NA,"HARTWELL_database_Master_2011-2024_CLEANED.txt",NA
"1509","SJMMNORM048172_G1-LBR-1-32","3/3/17",NA,"Al Diri, Issam",NA,102698,"1055298","102698-1055298","Amplicon",NA,NA,"mouse",NA,"Amplicon, Paired, 250 bps",NA,"HARTWELL_database_Master_2011-2024_CLEANED.txt",NA
"1510","SJMMNORM048173_G1-LBR-1-33","3/3/17",NA,"Al Diri, Issam",NA,102698,"1055299","102698-1055299","Amplicon",NA,NA,"mouse",NA,"Amplicon, Paired, 250 bps",NA,"HARTWELL_database_Master_2011-2024_CLEANED.txt",NA
"1511","SJMMNORM048174_G1-LBR-1-34","3/3/17",NA,"Al Diri, Issam",NA,102698,"1055300","102698-1055300","Amplicon",NA,NA,"mouse",NA,"Amplicon, Paired, 250 bps",NA,"HARTWELL_database_Master_2011-2024_CLEANED.txt",NA
"1512","SJMMNORM048175_G1-LBR-1-35","3/3/17",NA,"Al Diri, Issam",NA,102698,"1055301","102698-1055301","Amplicon",NA,NA,"mouse",NA,"Amplicon, Paired, 250 bps",NA,"HARTWELL_database_Master_2011-2024_CLEANED.txt",NA
"1513","SJMMNORM048176_G1-LBR-1-36","3/3/17",NA,"Al Diri, Issam",NA,102698,"1055302","102698-1055302","Amplicon",NA,NA,"mouse",NA,"Amplicon, Paired, 250 bps",NA,"HARTWELL_database_Master_2011-2024_CLEANED.txt",NA
"1514","SJMMNORM048177_G1-LBR-1-37","3/3/17",NA,"Al Diri, Issam",NA,102698,"1055303","102698-1055303","Amplicon",NA,NA,"mouse",NA,"Amplicon, Paired, 250 bps",NA,"HARTWELL_database_Master_2011-2024_CLEANED.txt",NA
"1515","SJMMNORM048178_G1-LBR-1-38","3/3/17",NA,"Al Diri, Issam",NA,102698,"1055304","102698-1055304","Amplicon",NA,NA,"mouse",NA,"Amplicon, Paired, 250 bps",NA,"HARTWELL_database_Master_2011-2024_CLEANED.txt",NA
"1516","SJMMNORM048179_G1-LBR-1-39","3/3/17",NA,"Al Diri, Issam",NA,102698,"1055305","102698-1055305","Amplicon",NA,NA,"mouse",NA,"Amplicon, Paired, 250 bps",NA,"HARTWELL_database_Master_2011-2024_CLEANED.txt",NA
"1517","SJMMNORM048180_G1-LBR-1-40","3/3/17",NA,"Al Diri, Issam",NA,102698,"1055306","102698-1055306","Amplicon",NA,NA,"mouse",NA,"Amplicon, Paired, 250 bps",NA,"HARTWELL_database_Master_2011-2024_CLEANED.txt",NA
"1518","SJMMNORM048181_G1-LBR-1-41","3/3/17",NA,"Al Diri, Issam",NA,102698,"1055307","102698-1055307","Amplicon",NA,NA,"mouse",NA,"Amplicon, Paired, 250 bps",NA,"HARTWELL_database_Master_2011-2024_CLEANED.txt",NA
"1519","SJMMNORM048182_G1-LBR-1-42","3/3/17",NA,"Al Diri, Issam",NA,102698,"1055308","102698-1055308","Amplicon",NA,NA,"mouse",NA,"Amplicon, Paired, 250 bps",NA,"HARTWELL_database_Master_2011-2024_CLEANED.txt",NA
"1520","SJMMNORM048183_G1-LBR-1-43","3/3/17",NA,"Al Diri, Issam",NA,102698,"1055309","102698-1055309","Amplicon",NA,NA,"mouse",NA,"Amplicon, Paired, 250 bps",NA,"HARTWELL_database_Master_2011-2024_CLEANED.txt",NA
"1521","SJMMNORM048184_G1-LBR-1-44","3/3/17",NA,"Al Diri, Issam",NA,102698,"1055310","102698-1055310","Amplicon",NA,NA,"mouse",NA,"Amplicon, Paired, 250 bps",NA,"HARTWELL_database_Master_2011-2024_CLEANED.txt",NA
"1522","SJMMNORM048185_G1-LBR-1-45","3/3/17",NA,"Al Diri, Issam",NA,102698,"1055311","102698-1055311","Amplicon",NA,NA,"mouse",NA,"Amplicon, Paired, 250 bps",NA,"HARTWELL_database_Master_2011-2024_CLEANED.txt",NA
"1523","SJMMNORM048186_G1-LBR-1-46","3/3/17",NA,"Al Diri, Issam",NA,102698,"1055312","102698-1055312","Amplicon",NA,NA,"mouse",NA,"Amplicon, Paired, 250 bps",NA,"HARTWELL_database_Master_2011-2024_CLEANED.txt",NA
"1524","SJMMNORM048187_G1-LBR-1-48","3/3/17",NA,"Al Diri, Issam",NA,102698,"1055313","102698-1055313","Amplicon",NA,NA,"mouse",NA,"Amplicon, Paired, 250 bps",NA,"HARTWELL_database_Master_2011-2024_CLEANED.txt",NA
"1525","SJMMNORM048188_G1-LBR-1-50","3/3/17",NA,"Al Diri, Issam",NA,102698,"1055314","102698-1055314","Amplicon",NA,NA,"mouse",NA,"Amplicon, Paired, 250 bps",NA,"HARTWELL_database_Master_2011-2024_CLEANED.txt",NA
"1526","SJMMNORM048189_G1-LBR-1-51","3/3/17",NA,"Al Diri, Issam",NA,102698,"1055315","102698-1055315","Amplicon",NA,NA,"mouse",NA,"Amplicon, Paired, 250 bps",NA,"HARTWELL_database_Master_2011-2024_CLEANED.txt",NA
"1527","SJMMNORM048190_G1-LBR-1-52","3/3/17",NA,"Al Diri, Issam",NA,102698,"1055316","102698-1055316","Amplicon",NA,NA,"mouse",NA,"Amplicon, Paired, 250 bps",NA,"HARTWELL_database_Master_2011-2024_CLEANED.txt",NA
"1528","SJMMNORM048191_G1-LBR-1-54","3/3/17",NA,"Al Diri, Issam",NA,102698,"1055317","102698-1055317","Amplicon",NA,NA,"mouse",NA,"Amplicon, Paired, 250 bps",NA,"HARTWELL_database_Master_2011-2024_CLEANED.txt",NA
"1529","SJMMNORM048192_G1-LBR-1-56","3/3/17",NA,"Al Diri, Issam",NA,102698,"1055318","102698-1055318","Amplicon",NA,NA,"mouse",NA,"Amplicon, Paired, 250 bps",NA,"HARTWELL_database_Master_2011-2024_CLEANED.txt",NA
"1530","SJMMNORM048193_G1-LBR-1-58","3/3/17",NA,"Al Diri, Issam",NA,102698,"1055319","102698-1055319","Amplicon",NA,NA,"mouse",NA,"Amplicon, Paired, 250 bps",NA,"HARTWELL_database_Master_2011-2024_CLEANED.txt",NA
"1531","SJMMNORM048194_G1-LBR-1-60","3/3/17",NA,"Al Diri, Issam",NA,102698,"1055320","102698-1055320","Amplicon",NA,NA,"mouse",NA,"Amplicon, Paired, 250 bps",NA,"HARTWELL_database_Master_2011-2024_CLEANED.txt",NA
"1532","SJMMNORM048195_G1-LBR-1-62","3/3/17",NA,"Al Diri, Issam",NA,102698,"1055321","102698-1055321","Amplicon",NA,NA,"mouse",NA,"Amplicon, Paired, 250 bps",NA,"HARTWELL_database_Master_2011-2024_CLEANED.txt",NA
"1533","SJMMNORM048625_G1-WT-10K-H3K27Ac-AB2","4/3/17",NA,"Wang, Lu",NA,105186,"1082380","105186-1082380","ChIP-Seq",NA,NA,"mouse",NA,"Library, index 14-GGAACT; NEB multiplex oligos for illumina (index primers set 2)",NA,"HARTWELL_database_Master_2011-2024_CLEANED.txt",NA
"1534","SJMMNORM048626_G1-WT-100K-H3K27Ac-AB2","4/3/17",NA,"Wang, Lu",NA,105186,"1082381","105186-1082381","ChIP-Seq",NA,NA,"mouse",NA,"Library, index 15-TGACAT; NEB multiplex oligos for illumina (index primers set 2)",NA,"HARTWELL_database_Master_2011-2024_CLEANED.txt",NA
"1535","SJMMNORM048653_G1-HI-C-WT-retina-adult-ID_1_17_18","4/4/17",NA,"Al Diri, Issam",NA,105295,"1083352","105295-1083352","Amplicon",NA,NA,"mouse",NA,"4 lanes of a HiSeq4000 flow cell",NA,"HARTWELL_database_Master_2011-2024_CLEANED.txt",NA
"1536","SJMMNORM048654_G1-HI-C-WT-retina-E15-17-ID_1_17_18","4/4/17",NA,"Al Diri, Issam",NA,105295,"1083353","105295-1083353","Amplicon",NA,NA,"mouse",NA,"4 lanes of a HiSeq4000 flow cell",NA,"HARTWELL_database_Master_2011-2024_CLEANED.txt",NA
"1537","SJMMNORM049057_G1-WT-RPE-ADULT-H3K27Ac-AB2","4/13/17",NA,"Al Diri, Issam",NA,106097,"1091000","106097-1091000","ChIP-Seq",NA,NA,"mouse",NA,"Need library prep. MDSEQ1924",NA,"HARTWELL_database_Master_2011-2024_CLEANED.txt",NA
"1538","SJMMNORM049057_G1-WT-RPE-ADULT-INPUT","4/13/17",NA,"Al Diri, Issam",NA,106097,"1090999","106097-1090999","ChIP-Seq",NA,NA,"mouse",NA,"Need library prep. MDSEQ1923",NA,"HARTWELL_database_Master_2011-2024_CLEANED.txt",NA
"1539","SJMMNORM049082_G1-CRX-6","4/19/17",NA,"Al Diri, Issam",NA,106532,"1094317","106532-1094317","Amplicon",NA,NA,"mouse",NA,"Amplicon, Paired, 250 bps",NA,"HARTWELL_database_Master_2011-2024_CLEANED.txt",NA
"1540","SJMMNORM049083_G1-CRX-9","4/19/17",NA,"Al Diri, Issam",NA,106532,"1094318","106532-1094318","Amplicon",NA,NA,"mouse",NA,"Amplicon, Paired, 250 bps",NA,"HARTWELL_database_Master_2011-2024_CLEANED.txt",NA
"1541","SJMMNORM049084_G1-CRX-10","4/19/17",NA,"Al Diri, Issam",NA,106532,"1094319","106532-1094319","Amplicon",NA,NA,"mouse",NA,"Amplicon, Paired, 250 bps",NA,"HARTWELL_database_Master_2011-2024_CLEANED.txt",NA
"1542","SJMMNORM049085_G1-CRX-14","4/19/17",NA,"Al Diri, Issam",NA,106532,"1094320","106532-1094320","Amplicon",NA,NA,"mouse",NA,"Amplicon, Paired, 250 bps",NA,"HARTWELL_database_Master_2011-2024_CLEANED.txt",NA
"1543","SJMMNORM049086_G1-CRX-18","4/19/17",NA,"Al Diri, Issam",NA,106532,"1094321","106532-1094321","Amplicon",NA,NA,"mouse",NA,"Amplicon, Paired, 250 bps",NA,"HARTWELL_database_Master_2011-2024_CLEANED.txt",NA
"1544","SJMMNORM049087_G1-CRX-26","4/19/17",NA,"Al Diri, Issam",NA,106532,"1094322","106532-1094322","Amplicon",NA,NA,"mouse",NA,"Amplicon, Paired, 250 bps",NA,"HARTWELL_database_Master_2011-2024_CLEANED.txt",NA
"1545","SJMMNORM049088_G1-CRX-27","4/19/17",NA,"Al Diri, Issam",NA,106532,"1094323","106532-1094323","Amplicon",NA,NA,"mouse",NA,"Amplicon, Paired, 250 bps",NA,"HARTWELL_database_Master_2011-2024_CLEANED.txt",NA
"1546","SJMMNORM049089_G1-CRX-29","4/19/17",NA,"Al Diri, Issam",NA,106532,"1094324","106532-1094324","Amplicon",NA,NA,"mouse",NA,"Amplicon, Paired, 250 bps",NA,"HARTWELL_database_Master_2011-2024_CLEANED.txt",NA
"1547","SJMMNORM049090_G1-CRX-35","4/19/17",NA,"Al Diri, Issam",NA,106532,"1094325","106532-1094325","Amplicon",NA,NA,"mouse",NA,"Amplicon, Paired, 250 bps",NA,"HARTWELL_database_Master_2011-2024_CLEANED.txt",NA
"1548","SJMMNORM049091_G1-CRX-36","4/19/17",NA,"Al Diri, Issam",NA,106532,"1094326","106532-1094326","Amplicon",NA,NA,"mouse",NA,"Amplicon, Paired, 250 bps",NA,"HARTWELL_database_Master_2011-2024_CLEANED.txt",NA
"1549","SJMMNORM049092_G1-CRX-38","4/19/17",NA,"Al Diri, Issam",NA,106532,"1094327","106532-1094327","Amplicon",NA,NA,"mouse",NA,"Amplicon, Paired, 250 bps",NA,"HARTWELL_database_Master_2011-2024_CLEANED.txt",NA
"1550","SJMMNORM049093_G1-CRX-39","4/19/17",NA,"Al Diri, Issam",NA,106532,"1094328","106532-1094328","Amplicon",NA,NA,"mouse",NA,"Amplicon, Paired, 250 bps",NA,"HARTWELL_database_Master_2011-2024_CLEANED.txt",NA
"1551","SJMMNORM049094_G1-CRX-41","4/19/17",NA,"Al Diri, Issam",NA,106532,"1094329","106532-1094329","Amplicon",NA,NA,"mouse",NA,"Amplicon, Paired, 250 bps",NA,"HARTWELL_database_Master_2011-2024_CLEANED.txt",NA
"1552","SJMMNORM049095_G1-CRX-43","4/19/17",NA,"Al Diri, Issam",NA,106532,"1094330","106532-1094330","Amplicon",NA,NA,"mouse",NA,"Amplicon, Paired, 250 bps",NA,"HARTWELL_database_Master_2011-2024_CLEANED.txt",NA
"1553","SJMMNORM049096_G1-CRX-49","4/19/17",NA,"Al Diri, Issam",NA,106532,"1094331","106532-1094331","Amplicon",NA,NA,"mouse",NA,"Amplicon, Paired, 250 bps",NA,"HARTWELL_database_Master_2011-2024_CLEANED.txt",NA
"1554","SJMMNORM049097_G1-VSX2-3","4/19/17",NA,"Al Diri, Issam",NA,106532,"1094332","106532-1094332","Amplicon",NA,NA,"mouse",NA,"Amplicon, Paired, 250 bps",NA,"HARTWELL_database_Master_2011-2024_CLEANED.txt",NA
"1555","SJMMNORM049098_G1-VSX2-5","4/19/17",NA,"Al Diri, Issam",NA,106532,"1094333","106532-1094333","Amplicon",NA,NA,"mouse",NA,"Amplicon, Paired, 250 bps",NA,"HARTWELL_database_Master_2011-2024_CLEANED.txt",NA
"1556","SJMMNORM049099_G1-VSX2-13","4/19/17",NA,"Al Diri, Issam",NA,106532,"1094334","106532-1094334","Amplicon",NA,NA,"mouse",NA,"Amplicon, Paired, 250 bps",NA,"HARTWELL_database_Master_2011-2024_CLEANED.txt",NA
"1557","SJMMNORM049100_G1-VSX2-16","4/19/17",NA,"Al Diri, Issam",NA,106532,"1094335","106532-1094335","Amplicon",NA,NA,"mouse",NA,"Amplicon, Paired, 250 bps",NA,"HARTWELL_database_Master_2011-2024_CLEANED.txt",NA
"1558","SJMMNORM049101_G1-VSX2-19","4/19/17",NA,"Al Diri, Issam",NA,106532,"1094336","106532-1094336","Amplicon",NA,NA,"mouse",NA,"Amplicon, Paired, 250 bps",NA,"HARTWELL_database_Master_2011-2024_CLEANED.txt",NA
"1559","SJMMNORM049102_G1-VSX2-21","4/19/17",NA,"Al Diri, Issam",NA,106532,"1094337","106532-1094337","Amplicon",NA,NA,"mouse",NA,"Amplicon, Paired, 250 bps",NA,"HARTWELL_database_Master_2011-2024_CLEANED.txt",NA
"1560","SJMMNORM049103_G1-VSX2-22","4/19/17",NA,"Al Diri, Issam",NA,106532,"1094338","106532-1094338","Amplicon",NA,NA,"mouse",NA,"Amplicon, Paired, 250 bps",NA,"HARTWELL_database_Master_2011-2024_CLEANED.txt",NA
"1561","SJMMNORM049104_G1-VSX2-26","4/19/17",NA,"Al Diri, Issam",NA,106532,"1094339","106532-1094339","Amplicon",NA,NA,"mouse",NA,"Amplicon, Paired, 250 bps",NA,"HARTWELL_database_Master_2011-2024_CLEANED.txt",NA
"1562","SJMMNORM049105_G1-VSX2-27","4/19/17",NA,"Al Diri, Issam",NA,106532,"1094340","106532-1094340","Amplicon",NA,NA,"mouse",NA,"Amplicon, Paired, 250 bps",NA,"HARTWELL_database_Master_2011-2024_CLEANED.txt",NA
"1563","SJMMNORM049106_G1-VSX2-28","4/19/17",NA,"Al Diri, Issam",NA,106532,"1094341","106532-1094341","Amplicon",NA,NA,"mouse",NA,"Amplicon, Paired, 250 bps",NA,"HARTWELL_database_Master_2011-2024_CLEANED.txt",NA
"1564","SJMMNORM049107_G1-VSX2-29","4/19/17",NA,"Al Diri, Issam",NA,106532,"1094342","106532-1094342","Amplicon",NA,NA,"mouse",NA,"Amplicon, Paired, 250 bps",NA,"HARTWELL_database_Master_2011-2024_CLEANED.txt",NA
"1565","SJMMNORM049252_G1-HI-C-WT-0_5M-retina-ID_1_17_30","5/12/17",NA,"Al Diri, Issam",NA,108249,"1110479","108249-1110479","Amplicon",NA,NA,"mouse",NA,"4 lanes of a HiSeq4000 flow cell",NA,"HARTWELL_database_Master_2011-2024_CLEANED.txt",NA
"1566","SJMMNORM049253_G1-HI-C-WT-1M-retina-ID_1_17_30","5/12/17",NA,"Al Diri, Issam",NA,108249,"1110480","108249-1110480","Amplicon",NA,NA,"mouse",NA,"4 lanes of a HiSeq4000 flow cell",NA,"HARTWELL_database_Master_2011-2024_CLEANED.txt",NA
"1567","SJMMNORM049503_G1-HI-C-NRL-GFP-sorted-P28-retina-ID_1_17_33","5/24/17",NA,"Al Diri, Issam",NA,109093,"1119830","109093-1119830","Amplicon",NA,NA,"mouse",NA,"4 lanes of a HiSeq4000 flow cell",NA,"HARTWELL_database_Master_2011-2024_CLEANED.txt",NA
"1568","SJMMNORM049545_G1-OTX2-1","5/31/17",NA,"Al Diri, Issam",NA,109390,"1123737","109390-1123737","Amplicon",NA,NA,"mouse",NA,"Amplicon, Paired, 250 bps",NA,"HARTWELL_database_Master_2011-2024_CLEANED.txt",NA
"1569","SJMMNORM049546_G1-OTX2-2","5/31/17",NA,"Al Diri, Issam",NA,109390,"1123738","109390-1123738","Amplicon",NA,NA,"mouse",NA,"Amplicon, Paired, 250 bps",NA,"HARTWELL_database_Master_2011-2024_CLEANED.txt",NA
"1570","SJMMNORM049547_G1-OTX2-3","5/31/17",NA,"Al Diri, Issam",NA,109390,"1123739","109390-1123739","Amplicon",NA,NA,"mouse",NA,"Amplicon, Paired, 250 bps",NA,"HARTWELL_database_Master_2011-2024_CLEANED.txt",NA
"1571","SJMMNORM049548_G1-OTX2-4","5/31/17",NA,"Al Diri, Issam",NA,109390,"1123740","109390-1123740","Amplicon",NA,NA,"mouse",NA,"Amplicon, Paired, 250 bps",NA,"HARTWELL_database_Master_2011-2024_CLEANED.txt",NA
"1572","SJMMNORM049549_G1-OTX2-6","5/31/17",NA,"Al Diri, Issam",NA,109390,"1123741","109390-1123741","Amplicon",NA,NA,"mouse",NA,"Amplicon, Paired, 250 bps",NA,"HARTWELL_database_Master_2011-2024_CLEANED.txt",NA
"1573","SJMMNORM049550_G1-OTX2-7","5/31/17",NA,"Al Diri, Issam",NA,109390,"1123742","109390-1123742","Amplicon",NA,NA,"mouse",NA,"Amplicon, Paired, 250 bps",NA,"HARTWELL_database_Master_2011-2024_CLEANED.txt",NA
"1574","SJMMNORM049551_G1-OTX2-9","5/31/17",NA,"Al Diri, Issam",NA,109390,"1123743","109390-1123743","Amplicon",NA,NA,"mouse",NA,"Amplicon, Paired, 250 bps",NA,"HARTWELL_database_Master_2011-2024_CLEANED.txt",NA
"1575","SJMMNORM049552_G1-OTX2-10","5/31/17",NA,"Al Diri, Issam",NA,109390,"1123744","109390-1123744","Amplicon",NA,NA,"mouse",NA,"Amplicon, Paired, 250 bps",NA,"HARTWELL_database_Master_2011-2024_CLEANED.txt",NA
"1576","SJMMNORM049553_G1-OTX2-11","5/31/17",NA,"Al Diri, Issam",NA,109390,"1123745","109390-1123745","Amplicon",NA,NA,"mouse",NA,"Amplicon, Paired, 250 bps",NA,"HARTWELL_database_Master_2011-2024_CLEANED.txt",NA
"1577","SJMMNORM049554_G1-OTX2-13","5/31/17",NA,"Al Diri, Issam",NA,109390,"1123746","109390-1123746","Amplicon",NA,NA,"mouse",NA,"Amplicon, Paired, 250 bps",NA,"HARTWELL_database_Master_2011-2024_CLEANED.txt",NA
"1578","SJMMNORM049555_G1-OTX2-14","5/31/17",NA,"Al Diri, Issam",NA,109390,"1123747","109390-1123747","Amplicon",NA,NA,"mouse",NA,"Amplicon, Paired, 250 bps",NA,"HARTWELL_database_Master_2011-2024_CLEANED.txt",NA
"1579","SJMMNORM049556_G1-OTX2-15","5/31/17",NA,"Al Diri, Issam",NA,109390,"1123748","109390-1123748","Amplicon",NA,NA,"mouse",NA,"Amplicon, Paired, 250 bps",NA,"HARTWELL_database_Master_2011-2024_CLEANED.txt",NA
"1580","SJMMNORM049557_G1-OTX2-16","5/31/17",NA,"Al Diri, Issam",NA,109390,"1123749","109390-1123749","Amplicon",NA,NA,"mouse",NA,"Amplicon, Paired, 250 bps",NA,"HARTWELL_database_Master_2011-2024_CLEANED.txt",NA
"1581","SJMMNORM049558_G1-OTX2-17","5/31/17",NA,"Al Diri, Issam",NA,109390,"1123750","109390-1123750","Amplicon",NA,NA,"mouse",NA,"Amplicon, Paired, 250 bps",NA,"HARTWELL_database_Master_2011-2024_CLEANED.txt",NA
"1582","SJMMNORM049559_G1-OTX2-18","5/31/17",NA,"Al Diri, Issam",NA,109390,"1123751","109390-1123751","Amplicon",NA,NA,"mouse",NA,"Amplicon, Paired, 250 bps",NA,"HARTWELL_database_Master_2011-2024_CLEANED.txt",NA
"1583","SJMMNORM049560_G1-OTX2-19","5/31/17",NA,"Al Diri, Issam",NA,109390,"1123752","109390-1123752","Amplicon",NA,NA,"mouse",NA,"Amplicon, Paired, 250 bps",NA,"HARTWELL_database_Master_2011-2024_CLEANED.txt",NA
"1584","SJMMNORM049561_G1-OTX2-20","5/31/17",NA,"Al Diri, Issam",NA,109390,"1123753","109390-1123753","Amplicon",NA,NA,"mouse",NA,"Amplicon, Paired, 250 bps",NA,"HARTWELL_database_Master_2011-2024_CLEANED.txt",NA
"1585","SJMMNORM049562_G1-OTX2-22","5/31/17",NA,"Al Diri, Issam",NA,109390,"1123754","109390-1123754","Amplicon",NA,NA,"mouse",NA,"Amplicon, Paired, 250 bps",NA,"HARTWELL_database_Master_2011-2024_CLEANED.txt",NA
"1586","SJMMNORM049563_G1-OTX2-27","5/31/17",NA,"Al Diri, Issam",NA,109390,"1123755","109390-1123755","Amplicon",NA,NA,"mouse",NA,"Amplicon, Paired, 250 bps",NA,"HARTWELL_database_Master_2011-2024_CLEANED.txt",NA
"1587","SJMMNORM049564_G1-OTX2-28","5/31/17",NA,"Al Diri, Issam",NA,109390,"1123756","109390-1123756","Amplicon",NA,NA,"mouse",NA,"Amplicon, Paired, 250 bps",NA,"HARTWELL_database_Master_2011-2024_CLEANED.txt",NA
"1588","SJMMNORM049565_G1-OTX2-29","5/31/17",NA,"Al Diri, Issam",NA,109390,"1123757","109390-1123757","Amplicon",NA,NA,"mouse",NA,"Amplicon, Paired, 250 bps",NA,"HARTWELL_database_Master_2011-2024_CLEANED.txt",NA
"1589","SJMMNORM049566_G1-OTX2-30","5/31/17",NA,"Al Diri, Issam",NA,109390,"1123758","109390-1123758","Amplicon",NA,NA,"mouse",NA,"Amplicon, Paired, 250 bps",NA,"HARTWELL_database_Master_2011-2024_CLEANED.txt",NA
"1590","SJMMNORM049567_G1-OTX2-32","5/31/17",NA,"Al Diri, Issam",NA,109390,"1123759","109390-1123759","Amplicon",NA,NA,"mouse",NA,"Amplicon, Paired, 250 bps",NA,"HARTWELL_database_Master_2011-2024_CLEANED.txt",NA
"1591","SJMMNORM049568_G1-OTX2-34","5/31/17",NA,"Al Diri, Issam",NA,109390,"1123760","109390-1123760","Amplicon",NA,NA,"mouse",NA,"Amplicon, Paired, 250 bps",NA,"HARTWELL_database_Master_2011-2024_CLEANED.txt",NA
"1592","SJMMNORM049569_G1-OTX2-35","5/31/17",NA,"Al Diri, Issam",NA,109390,"1123761","109390-1123761","Amplicon",NA,NA,"mouse",NA,"Amplicon, Paired, 250 bps",NA,"HARTWELL_database_Master_2011-2024_CLEANED.txt",NA
"1593","SJMMNORM049570_G1-OTX2-36","5/31/17",NA,"Al Diri, Issam",NA,109390,"1123762","109390-1123762","Amplicon",NA,NA,"mouse",NA,"Amplicon, Paired, 250 bps",NA,"HARTWELL_database_Master_2011-2024_CLEANED.txt",NA
"1594","SJMMNORM049571_G1-OTX2-37","5/31/17",NA,"Al Diri, Issam",NA,109390,"1123763","109390-1123763","Amplicon",NA,NA,"mouse",NA,"Amplicon, Paired, 250 bps",NA,"HARTWELL_database_Master_2011-2024_CLEANED.txt",NA
"1595","SJMMNORM049572_G1-OTX2-38","5/31/17",NA,"Al Diri, Issam",NA,109390,"1123764","109390-1123764","Amplicon",NA,NA,"mouse",NA,"Amplicon, Paired, 250 bps",NA,"HARTWELL_database_Master_2011-2024_CLEANED.txt",NA
"1596","SJMMNORM049573_G1-OTX2-39","5/31/17",NA,"Al Diri, Issam",NA,109390,"1123765","109390-1123765","Amplicon",NA,NA,"mouse",NA,"Amplicon, Paired, 250 bps",NA,"HARTWELL_database_Master_2011-2024_CLEANED.txt",NA
"1597","SJMMNORM049574_G1-OTX2-42","5/31/17",NA,"Al Diri, Issam",NA,109390,"1123766","109390-1123766","Amplicon",NA,NA,"mouse",NA,"Amplicon, Paired, 250 bps",NA,"HARTWELL_database_Master_2011-2024_CLEANED.txt",NA
"1598","SJMMNORM049575_G1-OTX2-43","5/31/17",NA,"Al Diri, Issam",NA,109390,"1123767","109390-1123767","Amplicon",NA,NA,"mouse",NA,"Amplicon, Paired, 250 bps",NA,"HARTWELL_database_Master_2011-2024_CLEANED.txt",NA
"1599","SJMMNORM049576_G1-OTX2-46","5/31/17",NA,"Al Diri, Issam",NA,109390,"1123768","109390-1123768","Amplicon",NA,NA,"mouse",NA,"Amplicon, Paired, 250 bps",NA,"HARTWELL_database_Master_2011-2024_CLEANED.txt",NA
"1600","SJMMNORM049577_G1-OTX2-50","5/31/17",NA,"Al Diri, Issam",NA,109390,"1123769","109390-1123769","Amplicon",NA,NA,"mouse",NA,"Amplicon, Paired, 250 bps",NA,"HARTWELL_database_Master_2011-2024_CLEANED.txt",NA
"1601","SJMMNORM049578_G1-OTX2-52","5/31/17",NA,"Al Diri, Issam",NA,109390,"1123770","109390-1123770","Amplicon",NA,NA,"mouse",NA,"Amplicon, Paired, 250 bps",NA,"HARTWELL_database_Master_2011-2024_CLEANED.txt",NA
"1602","SJMMNORM049579_G1-OTX2-53","5/31/17",NA,"Al Diri, Issam",NA,109390,"1123771","109390-1123771","Amplicon",NA,NA,"mouse",NA,"Amplicon, Paired, 250 bps",NA,"HARTWELL_database_Master_2011-2024_CLEANED.txt",NA
"1603","SJMMNORM049580_G1-OTX2-57","5/31/17",NA,"Al Diri, Issam",NA,109390,"1123772","109390-1123772","Amplicon",NA,NA,"mouse",NA,"Amplicon, Paired, 250 bps",NA,"HARTWELL_database_Master_2011-2024_CLEANED.txt",NA
"1604","SJMMNORM049581_G1-OTX2-58","5/31/17",NA,"Al Diri, Issam",NA,109390,"1123773","109390-1123773","Amplicon",NA,NA,"mouse",NA,"Amplicon, Paired, 250 bps",NA,"HARTWELL_database_Master_2011-2024_CLEANED.txt",NA
"1605","SJMMNORM049582_G1-OTX2-59","5/31/17",NA,"Al Diri, Issam",NA,109390,"1123774","109390-1123774","Amplicon",NA,NA,"mouse",NA,"Amplicon, Paired, 250 bps",NA,"HARTWELL_database_Master_2011-2024_CLEANED.txt",NA
"1606","SJMMNORM049583_G1-OTX2-61","5/31/17",NA,"Al Diri, Issam",NA,109390,"1123775","109390-1123775","Amplicon",NA,NA,"mouse",NA,"Amplicon, Paired, 250 bps",NA,"HARTWELL_database_Master_2011-2024_CLEANED.txt",NA
"1607","SJMMNORM049584_G1-OTX2-62","5/31/17",NA,"Al Diri, Issam",NA,109390,"1123776","109390-1123776","Amplicon",NA,NA,"mouse",NA,"Amplicon, Paired, 250 bps",NA,"HARTWELL_database_Master_2011-2024_CLEANED.txt",NA
"1608","SJMMNORM049585_G1-OTX2-64","5/31/17",NA,"Al Diri, Issam",NA,109390,"1123777","109390-1123777","Amplicon",NA,NA,"mouse",NA,"Amplicon, Paired, 250 bps",NA,"HARTWELL_database_Master_2011-2024_CLEANED.txt",NA
"1609","SJMMNORM049586_G1-OTX2-66","5/31/17",NA,"Al Diri, Issam",NA,109390,"1123778","109390-1123778","Amplicon",NA,NA,"mouse",NA,"Amplicon, Paired, 250 bps",NA,"HARTWELL_database_Master_2011-2024_CLEANED.txt",NA
"1610","SJMMNORM049587_G1-OTX2-67","5/31/17",NA,"Al Diri, Issam",NA,109390,"1123779","109390-1123779","Amplicon",NA,NA,"mouse",NA,"Amplicon, Paired, 250 bps",NA,"HARTWELL_database_Master_2011-2024_CLEANED.txt",NA
"1611","SJMMNORM049588_G1-OTX2-68","5/31/17",NA,"Al Diri, Issam",NA,109390,"1123780","109390-1123780","Amplicon",NA,NA,"mouse",NA,"Amplicon, Paired, 250 bps",NA,"HARTWELL_database_Master_2011-2024_CLEANED.txt",NA
"1612","SJMMNORM049589_G1-OTX2-CON","5/31/17",NA,"Al Diri, Issam",NA,109390,"1123781","109390-1123781","Amplicon",NA,NA,"mouse",NA,"Amplicon, Paired, 250 bps",NA,"HARTWELL_database_Master_2011-2024_CLEANED.txt",NA
"1613","SJMMNORM049590_G1-SIX3-6","5/31/17",NA,"Al Diri, Issam",NA,109390,"1123782","109390-1123782","Amplicon",NA,NA,"mouse",NA,"Amplicon, Paired, 250 bps",NA,"HARTWELL_database_Master_2011-2024_CLEANED.txt",NA
"1614","SJMMNORM049591_G1-SIX3-9","5/31/17",NA,"Al Diri, Issam",NA,109390,"1123783","109390-1123783","Amplicon",NA,NA,"mouse",NA,"Amplicon, Paired, 250 bps",NA,"HARTWELL_database_Master_2011-2024_CLEANED.txt",NA
"1615","SJMMNORM049592_G1-SIX3-47","5/31/17",NA,"Al Diri, Issam",NA,109390,"1123784","109390-1123784","Amplicon",NA,NA,"mouse",NA,"Amplicon, Paired, 250 bps",NA,"HARTWELL_database_Master_2011-2024_CLEANED.txt",NA
"1616","SJMMNORM049593_G1-SIX3-104","5/31/17",NA,"Al Diri, Issam",NA,109390,"1123785","109390-1123785","Amplicon",NA,NA,"mouse",NA,"Amplicon, Paired, 250 bps",NA,"HARTWELL_database_Master_2011-2024_CLEANED.txt",NA
"1617","SJMMNORM049594_G1-VSX2-45","5/31/17",NA,"Al Diri, Issam",NA,109390,"1123786","109390-1123786","Amplicon",NA,NA,"mouse",NA,"Amplicon, Paired, 250 bps",NA,"HARTWELL_database_Master_2011-2024_CLEANED.txt",NA
"1618","SJMMNORM049595_G1-VSX2-46","5/31/17",NA,"Al Diri, Issam",NA,109390,"1123787","109390-1123787","Amplicon",NA,NA,"mouse",NA,"Amplicon, Paired, 250 bps",NA,"HARTWELL_database_Master_2011-2024_CLEANED.txt",NA
"1619","SJMMNORM049596_G1-VSX2-47","5/31/17",NA,"Al Diri, Issam",NA,109390,"1123788","109390-1123788","Amplicon",NA,NA,"mouse",NA,"Amplicon, Paired, 250 bps",NA,"HARTWELL_database_Master_2011-2024_CLEANED.txt",NA
"1620","SJMMNORM049597_G1-VSX2-48","5/31/17",NA,"Al Diri, Issam",NA,109390,"1123789","109390-1123789","Amplicon",NA,NA,"mouse",NA,"Amplicon, Paired, 250 bps",NA,"HARTWELL_database_Master_2011-2024_CLEANED.txt",NA
"1621","SJMMNORM049598_G1-VSX2-55","5/31/17",NA,"Al Diri, Issam",NA,109390,"1123790","109390-1123790","Amplicon",NA,NA,"mouse",NA,"Amplicon, Paired, 250 bps",NA,"HARTWELL_database_Master_2011-2024_CLEANED.txt",NA
"1622","SJMMNORM049599_G1-VSX2-58","5/31/17",NA,"Al Diri, Issam",NA,109390,"1123791","109390-1123791","Amplicon",NA,NA,"mouse",NA,"Amplicon, Paired, 250 bps",NA,"HARTWELL_database_Master_2011-2024_CLEANED.txt",NA
"1623","SJMMNORM049600_G1-VSX2-59","5/31/17",NA,"Al Diri, Issam",NA,109390,"1123792","109390-1123792","Amplicon",NA,NA,"mouse",NA,"Amplicon, Paired, 250 bps",NA,"HARTWELL_database_Master_2011-2024_CLEANED.txt",NA
"1624","SJMMNORM049601_G1-SF9_10M-H3K27Ac-AB2","5/31/17",NA,"Wang, Lu",NA,109458,"1124860","109458-1124860","ChIP-Seq",NA,NA,"mouse",NA,"ChIP-seq, Single, 50 bps",NA,"HARTWELL_database_Master_2011-2024_CLEANED.txt",NA
"1625","SJMMNORM049601_G1-SF9_10M-H3K4me3-AB2","5/31/17",NA,"Wang, Lu",NA,109458,"1124856","109458-1124856","ChIP-Seq",NA,NA,"mouse",NA,"ChIP-seq, Single, 50 bps",NA,"HARTWELL_database_Master_2011-2024_CLEANED.txt",NA
"1626","SJMMNORM049601_G1-SF9_10M-INPUT","5/31/17",NA,"Wang, Lu",NA,109458,"1124864","109458-1124864","ChIP-Seq",NA,NA,"mouse",NA,"ChIP-seq, Single, 50 bps",NA,"HARTWELL_database_Master_2011-2024_CLEANED.txt",NA
"1627","SJMMNORM049602_G1-SF9_9M_RET_1M-H3K27Ac-AB2","5/31/17",NA,"Wang, Lu",NA,109458,"1124861","109458-1124861","ChIP-Seq",NA,NA,"mouse",NA,"ChIP-seq, Single, 50 bps",NA,"HARTWELL_database_Master_2011-2024_CLEANED.txt",NA
"1628","SJMMNORM049602_G1-SF9_9M_RET_1M-H3K4me3-AB2","5/31/17",NA,"Wang, Lu",NA,109458,"1124857","109458-1124857","ChIP-Seq",NA,NA,"mouse",NA,"ChIP-seq, Single, 50 bps",NA,"HARTWELL_database_Master_2011-2024_CLEANED.txt",NA
"1629","SJMMNORM049602_G1-SF9_9M_RET_1M-INPUT","5/31/17",NA,"Wang, Lu",NA,109458,"1124865","109458-1124865","ChIP-Seq",NA,NA,"mouse",NA,"ChIP-seq, Single, 50 bps",NA,"HARTWELL_database_Master_2011-2024_CLEANED.txt",NA
"1630","SJMMNORM049603_G1-SF9_5M_RET_5M-H3K27Ac-AB2","5/31/17",NA,"Wang, Lu",NA,109458,"1124862","109458-1124862","ChIP-Seq",NA,NA,"mouse",NA,"ChIP-seq, Single, 50 bps",NA,"HARTWELL_database_Master_2011-2024_CLEANED.txt",NA
"1631","SJMMNORM049603_G1-SF9_5M_RET_5M-H3K4me3-AB2","5/31/17",NA,"Wang, Lu",NA,109458,"1124858","109458-1124858","ChIP-Seq",NA,NA,"mouse",NA,"ChIP-seq, Single, 50 bps",NA,"HARTWELL_database_Master_2011-2024_CLEANED.txt",NA
"1632","SJMMNORM049603_G1-SF9_5M_RET_5M-INPUT","5/31/17",NA,"Wang, Lu",NA,109458,"1124866","109458-1124866","ChIP-Seq",NA,NA,"mouse",NA,"ChIP-seq, Single, 50 bps",NA,"HARTWELL_database_Master_2011-2024_CLEANED.txt",NA
"1633","SJMMNORM049604_G1-RET_10M-H3K27Ac-AB2","5/31/17",NA,"Wang, Lu",NA,109458,"1124863","109458-1124863","ChIP-Seq",NA,NA,"mouse",NA,"ChIP-seq, Single, 50 bps",NA,"HARTWELL_database_Master_2011-2024_CLEANED.txt",NA
"1634","SJMMNORM049604_G1-RET_10M-H3K4me3-AB2","5/31/17",NA,"Wang, Lu",NA,109458,"1124859","109458-1124859","ChIP-Seq",NA,NA,"mouse",NA,"ChIP-seq, Single, 50 bps",NA,"HARTWELL_database_Master_2011-2024_CLEANED.txt",NA
"1635","SJMMNORM049604_G1-RET_10M-INPUT","5/31/17",NA,"Wang, Lu",NA,109458,"1124867","109458-1124867","ChIP-Seq",NA,NA,"mouse",NA,"ChIP-seq, Single, 50 bps",NA,"HARTWELL_database_Master_2011-2024_CLEANED.txt",NA
"1636","SJMMNORM049652_G1-HI-C-NRL-GFP-sorted-P28-retina-ID_1_17_39","6/8/17",NA,"Al Diri, Issam",NA,110033,"1129626","110033-1129626","Amplicon",NA,NA,"mouse",NA,"4 lanes of a HiSeq4000 flow cell",NA,"HARTWELL_database_Master_2011-2024_CLEANED.txt",NA
"1637","SJMMNORM049718_G1-CRX-1-1","6/19/17",NA,"Al Diri, Issam",NA,110957,"1139943","110957-1139943","Amplicon",NA,NA,"mouse",NA,"Amplicon, Paired, 250 bps",NA,"HARTWELL_database_Master_2011-2024_CLEANED.txt",NA
"1638","SJMMNORM049719_G1-CRX-1-3","6/19/17",NA,"Al Diri, Issam",NA,110957,"1139944","110957-1139944","Amplicon",NA,NA,"mouse",NA,"Amplicon, Paired, 250 bps",NA,"HARTWELL_database_Master_2011-2024_CLEANED.txt",NA
"1639","SJMMNORM049720_G1-CRX-1-4","6/19/17",NA,"Al Diri, Issam",NA,110957,"1139945","110957-1139945","Amplicon",NA,NA,"mouse",NA,"Amplicon, Paired, 250 bps",NA,"HARTWELL_database_Master_2011-2024_CLEANED.txt",NA
"1640","SJMMNORM049721_G1-CRX-1-5","6/19/17",NA,"Al Diri, Issam",NA,110957,"1139946","110957-1139946","Amplicon",NA,NA,"mouse",NA,"Amplicon, Paired, 250 bps",NA,"HARTWELL_database_Master_2011-2024_CLEANED.txt",NA
"1641","SJMMNORM049722_G1-CRX-1-7","6/19/17",NA,"Al Diri, Issam",NA,110957,"1139947","110957-1139947","Amplicon",NA,NA,"mouse",NA,"Amplicon, Paired, 250 bps",NA,"HARTWELL_database_Master_2011-2024_CLEANED.txt",NA
"1642","SJMMNORM049723_G1-CRX-1-9","6/19/17",NA,"Al Diri, Issam",NA,110957,"1139948","110957-1139948","Amplicon",NA,NA,"mouse",NA,"Amplicon, Paired, 250 bps",NA,"HARTWELL_database_Master_2011-2024_CLEANED.txt",NA
"1643","SJMMNORM049724_G1-CRX-1-10","6/19/17",NA,"Al Diri, Issam",NA,110957,"1139949","110957-1139949","Amplicon",NA,NA,"mouse",NA,"Amplicon, Paired, 250 bps",NA,"HARTWELL_database_Master_2011-2024_CLEANED.txt",NA
"1644","SJMMNORM049725_G1-CRX-1-11","6/19/17",NA,"Al Diri, Issam",NA,110957,"1139950","110957-1139950","Amplicon",NA,NA,"mouse",NA,"Amplicon, Paired, 250 bps",NA,"HARTWELL_database_Master_2011-2024_CLEANED.txt",NA
"1645","SJMMNORM049726_G1-CRX-1-13","6/19/17",NA,"Al Diri, Issam",NA,110957,"1139951","110957-1139951","Amplicon",NA,NA,"mouse",NA,"Amplicon, Paired, 250 bps",NA,"HARTWELL_database_Master_2011-2024_CLEANED.txt",NA
"1646","SJMMNORM049727_G1-CRX-1-14","6/19/17",NA,"Al Diri, Issam",NA,110957,"1139952","110957-1139952","Amplicon",NA,NA,"mouse",NA,"Amplicon, Paired, 250 bps",NA,"HARTWELL_database_Master_2011-2024_CLEANED.txt",NA
"1647","SJMMNORM049728_G1-CRX-1-15","6/19/17",NA,"Al Diri, Issam",NA,110957,"1139953","110957-1139953","Amplicon",NA,NA,"mouse",NA,"Amplicon, Paired, 250 bps",NA,"HARTWELL_database_Master_2011-2024_CLEANED.txt",NA
"1648","SJMMNORM049729_G1-CRX-1-21","6/19/17",NA,"Al Diri, Issam",NA,110957,"1139954","110957-1139954","Amplicon",NA,NA,"mouse",NA,"Amplicon, Paired, 250 bps",NA,"HARTWELL_database_Master_2011-2024_CLEANED.txt",NA
"1649","SJMMNORM049730_G1-CRX-1-25","6/19/17",NA,"Al Diri, Issam",NA,110957,"1139955","110957-1139955","Amplicon",NA,NA,"mouse",NA,"Amplicon, Paired, 250 bps",NA,"HARTWELL_database_Master_2011-2024_CLEANED.txt",NA
"1650","SJMMNORM049731_G1-CRX-1-26","6/19/17",NA,"Al Diri, Issam",NA,110957,"1139956","110957-1139956","Amplicon",NA,NA,"mouse",NA,"Amplicon, Paired, 250 bps",NA,"HARTWELL_database_Master_2011-2024_CLEANED.txt",NA
"1651","SJMMNORM049732_G1-ASCL1-3-3","6/19/17",NA,"Al Diri, Issam",NA,110957,"1139957","110957-1139957","Amplicon",NA,NA,"mouse",NA,"Amplicon, Paired, 250 bps",NA,"HARTWELL_database_Master_2011-2024_CLEANED.txt",NA
"1652","SJMMNORM049733_G1-ASCL1-11-1","6/19/17",NA,"Al Diri, Issam",NA,110957,"1139958","110957-1139958","Amplicon",NA,NA,"mouse",NA,"Amplicon, Paired, 250 bps",NA,"HARTWELL_database_Master_2011-2024_CLEANED.txt",NA
"1653","SJMMNORM049734_G1-ASCL1-12-2","6/19/17",NA,"Al Diri, Issam",NA,110957,"1139959","110957-1139959","Amplicon",NA,NA,"mouse",NA,"Amplicon, Paired, 250 bps",NA,"HARTWELL_database_Master_2011-2024_CLEANED.txt",NA
"1654","SJMMNORM049735_G1-ASCL1-15-5","6/19/17",NA,"Al Diri, Issam",NA,110957,"1139960","110957-1139960","Amplicon",NA,NA,"mouse",NA,"Amplicon, Paired, 250 bps",NA,"HARTWELL_database_Master_2011-2024_CLEANED.txt",NA
"1655","SJMMNORM049736_G1-ASCL1-34-11","6/19/17",NA,"Al Diri, Issam",NA,110957,"1139961","110957-1139961","Amplicon",NA,NA,"mouse",NA,"Amplicon, Paired, 250 bps",NA,"HARTWELL_database_Master_2011-2024_CLEANED.txt",NA
"1656","SJMMNORM049737_G1-ASCL1-42-6","6/19/17",NA,"Al Diri, Issam",NA,110957,"1139962","110957-1139962","Amplicon",NA,NA,"mouse",NA,"Amplicon, Paired, 250 bps",NA,"HARTWELL_database_Master_2011-2024_CLEANED.txt",NA
"1657","SJMMNORM049738_G1-ASCL1-43-7","6/19/17",NA,"Al Diri, Issam",NA,110957,"1139963","110957-1139963","Amplicon",NA,NA,"mouse",NA,"Amplicon, Paired, 250 bps",NA,"HARTWELL_database_Master_2011-2024_CLEANED.txt",NA
"1658","SJMMNORM049847_G1-ASCL-71-8","6/22/17",NA,"Al Diri, Issam",NA,111256,"1143032","111256-1143032","Amplicon",NA,NA,"mouse",NA,"Amplicon, Paired, 250 bps",NA,"HARTWELL_database_Master_2011-2024_CLEANED.txt",NA
"1659","SJMMNORM049848_G1-ASCL-76-13","6/22/17",NA,"Al Diri, Issam",NA,111256,"1143033","111256-1143033","Amplicon",NA,NA,"mouse",NA,"Amplicon, Paired, 250 bps",NA,"HARTWELL_database_Master_2011-2024_CLEANED.txt",NA
"1660","SJMMNORM049849_G1-CRX-1-29","6/22/17",NA,"Al Diri, Issam",NA,111256,"1143034","111256-1143034","Amplicon",NA,NA,"mouse",NA,"Amplicon, Paired, 250 bps",NA,"HARTWELL_database_Master_2011-2024_CLEANED.txt",NA
"1661","SJMMNORM049850_G1-CRX-1-30","6/22/17",NA,"Al Diri, Issam",NA,111256,"1143035","111256-1143035","Amplicon",NA,NA,"mouse",NA,"Amplicon, Paired, 250 bps",NA,"HARTWELL_database_Master_2011-2024_CLEANED.txt",NA
"1662","SJMMNORM049851_G1-CRX-1-31","6/22/17",NA,"Al Diri, Issam",NA,111256,"1143036","111256-1143036","Amplicon",NA,NA,"mouse",NA,"Amplicon, Paired, 250 bps",NA,"HARTWELL_database_Master_2011-2024_CLEANED.txt",NA
"1663","SJMMNORM049852_G1-CRX-1-32","6/22/17",NA,"Al Diri, Issam",NA,111256,"1143037","111256-1143037","Amplicon",NA,NA,"mouse",NA,"Amplicon, Paired, 250 bps",NA,"HARTWELL_database_Master_2011-2024_CLEANED.txt",NA
"1664","SJMMNORM049853_G1-CRX-1-33","6/22/17",NA,"Al Diri, Issam",NA,111256,"1143038","111256-1143038","Amplicon",NA,NA,"mouse",NA,"Amplicon, Paired, 250 bps",NA,"HARTWELL_database_Master_2011-2024_CLEANED.txt",NA
"1665","SJMMNORM049854_G1-CRX-1-34","6/22/17",NA,"Al Diri, Issam",NA,111256,"1143039","111256-1143039","Amplicon",NA,NA,"mouse",NA,"Amplicon, Paired, 250 bps",NA,"HARTWELL_database_Master_2011-2024_CLEANED.txt",NA
"1666","SJMMNORM049855_G1-VSX-1-1","6/22/17",NA,"Al Diri, Issam",NA,111256,"1143040","111256-1143040","Amplicon",NA,NA,"mouse",NA,"Amplicon, Paired, 250 bps",NA,"HARTWELL_database_Master_2011-2024_CLEANED.txt",NA
"1667","SJMMNORM050487_G1-CRX-CapC-ID_1_17_53","9/5/17",NA,"Al Diri, Issam",NA,116458,"1204059","116458-1204059","Amplicon",NA,NA,"mouse",NA,"Amplicon, Paired, 250 bps",NA,"HARTWELL_database_Master_2011-2024_CLEANED.txt",NA
"1668","SJMMNORM050488_G1-OTX2-CapC-ID_1_17_54","9/5/17",NA,"Al Diri, Issam",NA,116458,"1204060","116458-1204060","Amplicon",NA,NA,"mouse",NA,"Amplicon, Paired, 250 bps",NA,"HARTWELL_database_Master_2011-2024_CLEANED.txt",NA
"1669","SJMMNORM050489_G1-RHO-CapC-ID_1_17_55","9/5/17",NA,"Al Diri, Issam",NA,116458,"1204061","116458-1204061","Amplicon",NA,NA,"mouse",NA,"Amplicon, Paired, 250 bps",NA,"HARTWELL_database_Master_2011-2024_CLEANED.txt",NA
"1670","SJMMRB047948_D1-MDMX_2","1/9/17",NA,"Wang, Lu",NA,98762,"1013300","98762-1013300","Whole Genome",NA,NA,"mouse",NA,"ATAC-seq; DYE1188; MX-2-50K-1, SRM # on tube is 1010751; Index 7 - CTCTCTAC",NA,"HARTWELL_database_Master_2011-2024_CLEANED.txt",NA
"1671","VH0186","7/19/19",NA,"Honnell, Victoria",NA,167388,"1757438","167388-1757438","RNA-seq Total Stranded",NA,NA,"mouse",NA,"Paired, 100 bps",NA,"HARTWELL_database_Master_2011-2024_CLEANED.txt",NA
"1672","VH0187","7/19/19",NA,"Honnell, Victoria",NA,167388,"1757439","167388-1757439","RNA-seq Total Stranded",NA,NA,"mouse",NA,"Paired, 100 bps",NA,"HARTWELL_database_Master_2011-2024_CLEANED.txt",NA
"1673","DYE2850","11/4/19",NA,"Honnell, Victoria","VH0301",175949,"1838681","175949-1838681","RNA-seq Total Stranded",NA,NA,"mouse",NA,"Paired, 100 bps",NA,"HARTWELL_database_Master_2011-2024_CLEANED.txt",NA
"1674","DYE2851","11/4/19",NA,"Honnell, Victoria","VH0302",175949,"1838682","175949-1838682","RNA-seq Total Stranded",NA,NA,"mouse",NA,"Paired, 100 bps",NA,"HARTWELL_database_Master_2011-2024_CLEANED.txt",NA
"1675","DYE2852","11/4/19",NA,"Honnell, Victoria","VH0302",175949,"1838683","175949-1838683","RNA-seq Total Stranded",NA,NA,"mouse",NA,"Paired, 100 bps",NA,"HARTWELL_database_Master_2011-2024_CLEANED.txt",NA
"1676","VSX2_CapC_FinalLib_ID-1-17-63","1/3/18",NA,"Al Diri, Issam",NA,124203,"1298016","124203-1298016","ChIP-Seq",NA,NA,"mouse",NA,"Multiplexed CapC sample-index.2.8.12",NA,"HARTWELL_database_Master_2011-2024_CLEANED.txt",NA
"1677","VSX2_CapC_PostHyb1_ID-1-17-63","1/3/18",NA,"Al Diri, Issam",NA,124203,"1298009","124203-1298009","ChIP-Seq",NA,NA,"mouse",NA,"Multiplexed CapC sample-index.2.8.12",NA,"HARTWELL_database_Master_2011-2024_CLEANED.txt",NA
"1678","YL18-1-PIPES","8/19/16",NA,"Griffiths, Lyra",NA,88497,"900588","88497-900588","RNA-seq Stranded mRNA",NA,NA,"human",NA,"RNA-seq Stranded mRNA, Paired, 100 bps",NA,"HARTWELL_database_Master_2011-2024_CLEANED.txt",NA
"1679","YL18-2-Plts","8/19/16",NA,"Griffiths, Lyra",NA,88497,"900589","88497-900589","RNA-seq Stranded mRNA",NA,NA,"human",NA,"RNA-seq Stranded mRNA, Paired, 100 bps",NA,"HARTWELL_database_Master_2011-2024_CLEANED.txt",NA
"1680","YL25-1-PIPES","8/19/16",NA,"Griffiths, Lyra",NA,88497,"900590","88497-900590","RNA-seq Stranded mRNA",NA,NA,"human",NA,"RNA-seq Stranded mRNA, Paired, 100 bps",NA,"HARTWELL_database_Master_2011-2024_CLEANED.txt",NA
"1681","YL25-2-Plts","8/19/16",NA,"Griffiths, Lyra",NA,88497,"900591","88497-900591","RNA-seq Stranded mRNA",NA,NA,"human",NA,"RNA-seq Stranded mRNA, Paired, 100 bps",NA,"HARTWELL_database_Master_2011-2024_CLEANED.txt",NA
"1682","YL35-1-PIPES","8/19/16",NA,"Griffiths, Lyra",NA,88497,"900592","88497-900592","RNA-seq Stranded mRNA",NA,NA,"human",NA,"RNA-seq Stranded mRNA, Paired, 100 bps",NA,"HARTWELL_database_Master_2011-2024_CLEANED.txt",NA
"1683","YL35-2-Plts","8/19/16",NA,"Griffiths, Lyra",NA,88497,"900593","88497-900593","RNA-seq Stranded mRNA",NA,NA,"human",NA,"RNA-seq Stranded mRNA, Paired, 100 bps",NA,"HARTWELL_database_Master_2011-2024_CLEANED.txt",NA
"1684","noCas9mAscl1gRNA29control","5/16/19",NA,"Jeon, Jongrye",NA,162161,"1703783","162161-1703783","Amplicon",NA,NA,"mouse",NA,"Amplicon, Paired, 300 bps",NA,"HARTWELL_database_Master_2011-2024_CLEANED.txt",NA
